<?xml version='1.0' encoding='UTF-8' standalone='no'?>
<section xmlns="http://docbook.org/ns/docbook" version="5.0" xmlns:xlink="http://www.w3.org/1999/xlink" xml:id="_class_vault_backend" xml:lang="en-US">
<title>VaultBackend Class Reference</title>
<indexterm><primary>VaultBackend</primary></indexterm>
<para>
<computeroutput>#include &quot;vaultbackend.h&quot;</computeroutput>
</para>
Inheritance diagram for VaultBackend:<para>
    <informalfigure>
        <mediaobject>
            <imageobject>
                <imagedata width="50%" align="center" valign="middle" scalefit="0" fileref="class_vault_backend__inherit__graph.png"></imagedata>
            </imageobject>
        </mediaobject>
    </informalfigure>
</para>
Collaboration diagram for VaultBackend:<para>
    <informalfigure>
        <mediaobject>
            <imageobject>
                <imagedata width="50%" align="center" valign="middle" scalefit="0" fileref="class_vault_backend__coll__graph.png"></imagedata>
            </imageobject>
        </mediaobject>
    </informalfigure>
</para>
<simplesect>
    <title>Public Member Functions    </title>
        <itemizedlist>
            <listitem><para><link linkend="_class_vault_backend_1a2ccb75599e0b7beaa86fba275d1a8494">VaultBackend</link> (QObject *parent=nullptr)</para>
</listitem>
            <listitem><para>QString <link linkend="_class_vault_backend_1a9ce1dbdc58ed267bf679842e916c4ba7">generateSecureString</link> (int length, bool useUpper, bool useLower, bool useDigits, bool useSymbols)</para>
</listitem>
            <listitem><para>int <link linkend="_class_vault_backend_1ae7dc19633bc16ec2dbe7561b26af31db">calculatePasswordStrength</link> (const QString &amp;password)</para>
</listitem>
            <listitem><para>QString <link linkend="_class_vault_backend_1a616756f8346a4287afbacd79bcfd4ff6">generateNickname</link> (int maxLength, bool useMushup, bool useInjection)</para>
</listitem>
            <listitem><para>QStringList <link linkend="_class_vault_backend_1ad222fc32424594b516b7b3c160626fea">getAvailableThemes</link> () const</para>
</listitem>
            <listitem><para>QString <link linkend="_class_vault_backend_1adf7c321ab83457d68a22755995a43bda">saveEntry</link> (const QString &amp;site, const QString &amp;login, const QString &amp;password, const QString &amp;masterKey)</para>
</listitem>
            <listitem><para>QString <link linkend="_class_vault_backend_1a219f10e7c3ca82a0b802233b8307cbcd">updateEntry</link> (int index, const QString &amp;site, const QString &amp;login, const QString &amp;password, const QString &amp;masterKey)</para>
</listitem>
            <listitem><para>QString <link linkend="_class_vault_backend_1a97544c89c39d5a021878cdcc24b4559a">deleteEntry</link> (int index)</para>
</listitem>
            <listitem><para>QVariantMap <link linkend="_class_vault_backend_1a9db269a788d613296a4217eea322cbd0">getEntryDetails</link> (int index) const</para>
</listitem>
            <listitem><para>QString <link linkend="_class_vault_backend_1a13b188d7a0c38a5a6502b88a3969ba40">getPassword</link> (int index, const QString &amp;masterKey)</para>
</listitem>
            <listitem><para>bool <link linkend="_class_vault_backend_1ad290cc4009e634714b989000b6f0a51c">loadDatabase</link> (const QString &amp;masterKey)</para>
</listitem>
            <listitem><para>bool <link linkend="_class_vault_backend_1a7c813497ce377ce2a1f885a6a5bf5c71">checkSystemBound</link> () const</para>
</listitem>
            <listitem><para>bool <link linkend="_class_vault_backend_1af6975535b01de82a6742556f097942b9">isSystemBoundDatabase</link> () const</para>
</listitem>
            <listitem><para>QString <link linkend="_class_vault_backend_1a025b01f0c0aa75b6249feb39661d094d">exportDatabase</link> (const QString &amp;filePath)</para>
</listitem>
            <listitem><para>QString <link linkend="_class_vault_backend_1ab84b02c860fd917800f10f1b89a72a0f">importDatabase</link> (const QString &amp;filePath, const QString &amp;masterKey)</para>
</listitem>
            <listitem><para>QVariantList <link linkend="_class_vault_backend_1a1fdc4492cdd1dcec696c6d0525337973">vaultEntries</link> () const</para>
</listitem>
            <listitem><para>bool <link linkend="_class_vault_backend_1a677f078864ea017e71acda30dc5bf2cb">isDatabaseLoaded</link> () const</para>
</listitem>
        </itemizedlist>
</simplesect>
<simplesect>
    <title>Private Member Functions    </title>
        <itemizedlist>
            <listitem><para>void <link linkend="_class_vault_backend_1a155a503fd34e7b36b506d38a5eab1719">loadNicknameWords</link> (const QString &amp;filePath=&quot;data/theme_data.txt&quot;)</para>
</listitem>
            <listitem><para>QByteArray <link linkend="_class_vault_backend_1a61608f6a6d3e42d6d6cb1eb82a6e6a1a">deriveKey</link> (const QString &amp;password, const QByteArray &amp;salt)</para>
</listitem>
            <listitem><para>QByteArray <link linkend="_class_vault_backend_1aa067cfeedf196fe45d29c157c292e2c1">encryptData</link> (const QByteArray &amp;data, const QString &amp;masterKey)</para>
</listitem>
            <listitem><para>QByteArray <link linkend="_class_vault_backend_1ae65ef07ae665dbd8004d50e3a4de82bb">decryptData</link> (const QByteArray &amp;encryptedData, const QString &amp;masterKey)</para>
</listitem>
            <listitem><para>void <link linkend="_class_vault_backend_1a573965fa954eed30b770514edabf054e">saveDatabaseToFile</link> ()</para>
</listitem>
            <listitem><para>QByteArray <link linkend="_class_vault_backend_1a33180482ea5181d81d7e41d73b7cad9b">generateSystemHash</link> () const</para>
</listitem>
            <listitem><para>bool <link linkend="_class_vault_backend_1af21b376d4c2e2fdcb048515430b32bcc">checkIntegrity</link> (const QByteArray &amp;fileData, const QByteArray &amp;key) const</para>
</listitem>
        </itemizedlist>
</simplesect>
<simplesect>
    <title>Private Attributes    </title>
        <itemizedlist>
            <listitem><para>QVariantList <link linkend="_class_vault_backend_1a37added67282a3f1fc40643b9edc4e89">m_vaultEntries</link></para>
</listitem>
            <listitem><para>QString <link linkend="_class_vault_backend_1a0b5de841b24fcc761b04ee9f56a51ed3">m_masterKey</link></para>
</listitem>
            <listitem><para>QByteArray <link linkend="_class_vault_backend_1a8af29e122d483436257465d7d9bd48fc">m_salt</link></para>
</listitem>
            <listitem><para>QByteArray <link linkend="_class_vault_backend_1a3cc92fcba3c5d0db1deb41d76f48ae95">m_iv</link></para>
</listitem>
            <listitem><para>QByteArray <link linkend="_class_vault_backend_1a01edb97754d3e7efb53e8b74e12ba431">m_systemIDHash</link></para>
</listitem>
            <listitem><para>QMap&lt; QString, QStringList &gt; <link linkend="_class_vault_backend_1a55eae9caf2f7a1f343ead88467c5762a">m_themeWords</link></para>
</listitem>
        </itemizedlist>
</simplesect>
<section>
<title>Detailed Description</title>
<para>
Definition at line <link linkend="_vaultbackend_8h_source_1l00010">10</link> of file <link linkend="_vaultbackend_8h_source">vaultbackend.h</link>.</para>
</section>
<section>
<title>Constructor &amp; Destructor Documentation</title>
<anchor xml:id="_class_vault_backend_1a2ccb75599e0b7beaa86fba275d1a8494"/><section>
    <title>VaultBackend()</title>
<indexterm><primary>VaultBackend</primary><secondary>VaultBackend</secondary></indexterm>
<indexterm><primary>VaultBackend</primary><secondary>VaultBackend</secondary></indexterm>
<para><computeroutput>VaultBackend::VaultBackend (QObject * parent = <computeroutput>nullptr</computeroutput>
)<computeroutput>[explicit]</computeroutput></computeroutput></para><para>
Definition at line <link linkend="_vaultbackend_8cpp_source_1l00056">56</link> of file <link linkend="_vaultbackend_8cpp_source">vaultbackend.cpp</link>.</para>
Here is the call graph for this function:<para>
    <informalfigure>
        <mediaobject>
            <imageobject>
                <imagedata width="50%" align="center" valign="middle" scalefit="0" fileref="class_vault_backend_a2ccb75599e0b7beaa86fba275d1a8494_cgraph.png"></imagedata>
            </imageobject>
        </mediaobject>
    </informalfigure>
</para>
</section>
</section>
<section>
<title>Member Function Documentation</title>
<anchor xml:id="_class_vault_backend_1ae7dc19633bc16ec2dbe7561b26af31db"/><section>
    <title>calculatePasswordStrength()</title>
<indexterm><primary>calculatePasswordStrength</primary><secondary>VaultBackend</secondary></indexterm>
<indexterm><primary>VaultBackend</primary><secondary>calculatePasswordStrength</secondary></indexterm>
<para><computeroutput>int VaultBackend::calculatePasswordStrength (const QString &amp; password)</computeroutput></para><para>
Definition at line <link linkend="_vaultbackend_8cpp_source_1l00209">209</link> of file <link linkend="_vaultbackend_8cpp_source">vaultbackend.cpp</link>.</para>
Here is the caller graph for this function:<para>
    <informalfigure>
        <mediaobject>
            <imageobject>
                <imagedata width="50%" align="center" valign="middle" scalefit="0" fileref="class_vault_backend_ae7dc19633bc16ec2dbe7561b26af31db_icgraph.png"></imagedata>
            </imageobject>
        </mediaobject>
    </informalfigure>
</para>
</section>
<anchor xml:id="_class_vault_backend_1af21b376d4c2e2fdcb048515430b32bcc"/><section>
    <title>checkIntegrity()</title>
<indexterm><primary>checkIntegrity</primary><secondary>VaultBackend</secondary></indexterm>
<indexterm><primary>VaultBackend</primary><secondary>checkIntegrity</secondary></indexterm>
<para><computeroutput>bool VaultBackend::checkIntegrity (const QByteArray &amp; fileData, const QByteArray &amp; key) const<computeroutput>[private]</computeroutput></computeroutput></para><para>
Definition at line <link linkend="_vaultbackend_8cpp_source_1l00042">42</link> of file <link linkend="_vaultbackend_8cpp_source">vaultbackend.cpp</link>.</para>
Here is the caller graph for this function:<para>
    <informalfigure>
        <mediaobject>
            <imageobject>
                <imagedata width="50%" align="center" valign="middle" scalefit="0" fileref="class_vault_backend_af21b376d4c2e2fdcb048515430b32bcc_icgraph.png"></imagedata>
            </imageobject>
        </mediaobject>
    </informalfigure>
</para>
</section>
<anchor xml:id="_class_vault_backend_1a7c813497ce377ce2a1f885a6a5bf5c71"/><section>
    <title>checkSystemBound()</title>
<indexterm><primary>checkSystemBound</primary><secondary>VaultBackend</secondary></indexterm>
<indexterm><primary>VaultBackend</primary><secondary>checkSystemBound</secondary></indexterm>
<para><computeroutput>bool VaultBackend::checkSystemBound ( ) const</computeroutput></para><para>
Definition at line <link linkend="_vaultbackend_8cpp_source_1l00052">52</link> of file <link linkend="_vaultbackend_8cpp_source">vaultbackend.cpp</link>.</para>
Here is the call graph for this function:<para>
    <informalfigure>
        <mediaobject>
            <imageobject>
                <imagedata width="50%" align="center" valign="middle" scalefit="0" fileref="class_vault_backend_a7c813497ce377ce2a1f885a6a5bf5c71_cgraph.png"></imagedata>
            </imageobject>
        </mediaobject>
    </informalfigure>
</para>
</section>
<anchor xml:id="_class_vault_backend_1ae65ef07ae665dbd8004d50e3a4de82bb"/><section>
    <title>decryptData()</title>
<indexterm><primary>decryptData</primary><secondary>VaultBackend</secondary></indexterm>
<indexterm><primary>VaultBackend</primary><secondary>decryptData</secondary></indexterm>
<para><computeroutput>QByteArray VaultBackend::decryptData (const QByteArray &amp; encryptedData, const QString &amp; masterKey)<computeroutput>[private]</computeroutput></computeroutput></para><para>
Definition at line <link linkend="_vaultbackend_8cpp_source_1l00096">96</link> of file <link linkend="_vaultbackend_8cpp_source">vaultbackend.cpp</link>.</para>
Here is the call graph for this function:<para>
    <informalfigure>
        <mediaobject>
            <imageobject>
                <imagedata width="50%" align="center" valign="middle" scalefit="0" fileref="class_vault_backend_ae65ef07ae665dbd8004d50e3a4de82bb_cgraph.png"></imagedata>
            </imageobject>
        </mediaobject>
    </informalfigure>
</para>
Here is the caller graph for this function:<para>
    <informalfigure>
        <mediaobject>
            <imageobject>
                <imagedata width="50%" align="center" valign="middle" scalefit="0" fileref="class_vault_backend_ae65ef07ae665dbd8004d50e3a4de82bb_icgraph.png"></imagedata>
            </imageobject>
        </mediaobject>
    </informalfigure>
</para>
</section>
<anchor xml:id="_class_vault_backend_1a97544c89c39d5a021878cdcc24b4559a"/><section>
    <title>deleteEntry()</title>
<indexterm><primary>deleteEntry</primary><secondary>VaultBackend</secondary></indexterm>
<indexterm><primary>VaultBackend</primary><secondary>deleteEntry</secondary></indexterm>
<para><computeroutput>QString VaultBackend::deleteEntry (int index)</computeroutput></para><para>
Definition at line <link linkend="_vaultbackend_8cpp_source_1l00315">315</link> of file <link linkend="_vaultbackend_8cpp_source">vaultbackend.cpp</link>.</para>
Here is the call graph for this function:<para>
    <informalfigure>
        <mediaobject>
            <imageobject>
                <imagedata width="50%" align="center" valign="middle" scalefit="0" fileref="class_vault_backend_a97544c89c39d5a021878cdcc24b4559a_cgraph.png"></imagedata>
            </imageobject>
        </mediaobject>
    </informalfigure>
</para>
</section>
<anchor xml:id="_class_vault_backend_1a61608f6a6d3e42d6d6cb1eb82a6e6a1a"/><section>
    <title>deriveKey()</title>
<indexterm><primary>deriveKey</primary><secondary>VaultBackend</secondary></indexterm>
<indexterm><primary>VaultBackend</primary><secondary>deriveKey</secondary></indexterm>
<para><computeroutput>QByteArray VaultBackend::deriveKey (const QString &amp; password, const QByteArray &amp; salt)<computeroutput>[private]</computeroutput></computeroutput></para><para>
Definition at line <link linkend="_vaultbackend_8cpp_source_1l00061">61</link> of file <link linkend="_vaultbackend_8cpp_source">vaultbackend.cpp</link>.</para>
Here is the caller graph for this function:<para>
    <informalfigure>
        <mediaobject>
            <imageobject>
                <imagedata width="50%" align="center" valign="middle" scalefit="0" fileref="class_vault_backend_a61608f6a6d3e42d6d6cb1eb82a6e6a1a_icgraph.png"></imagedata>
            </imageobject>
        </mediaobject>
    </informalfigure>
</para>
</section>
<anchor xml:id="_class_vault_backend_1aa067cfeedf196fe45d29c157c292e2c1"/><section>
    <title>encryptData()</title>
<indexterm><primary>encryptData</primary><secondary>VaultBackend</secondary></indexterm>
<indexterm><primary>VaultBackend</primary><secondary>encryptData</secondary></indexterm>
<para><computeroutput>QByteArray VaultBackend::encryptData (const QByteArray &amp; data, const QString &amp; masterKey)<computeroutput>[private]</computeroutput></computeroutput></para><para>
Definition at line <link linkend="_vaultbackend_8cpp_source_1l00070">70</link> of file <link linkend="_vaultbackend_8cpp_source">vaultbackend.cpp</link>.</para>
Here is the call graph for this function:<para>
    <informalfigure>
        <mediaobject>
            <imageobject>
                <imagedata width="50%" align="center" valign="middle" scalefit="0" fileref="class_vault_backend_aa067cfeedf196fe45d29c157c292e2c1_cgraph.png"></imagedata>
            </imageobject>
        </mediaobject>
    </informalfigure>
</para>
Here is the caller graph for this function:<para>
    <informalfigure>
        <mediaobject>
            <imageobject>
                <imagedata width="50%" align="center" valign="middle" scalefit="0" fileref="class_vault_backend_aa067cfeedf196fe45d29c157c292e2c1_icgraph.png"></imagedata>
            </imageobject>
        </mediaobject>
    </informalfigure>
</para>
</section>
<anchor xml:id="_class_vault_backend_1a025b01f0c0aa75b6249feb39661d094d"/><section>
    <title>exportDatabase()</title>
<indexterm><primary>exportDatabase</primary><secondary>VaultBackend</secondary></indexterm>
<indexterm><primary>VaultBackend</primary><secondary>exportDatabase</secondary></indexterm>
<para><computeroutput>QString VaultBackend::exportDatabase (const QString &amp; filePath)</computeroutput></para><para>
Definition at line <link linkend="_vaultbackend_8cpp_source_1l00360">360</link> of file <link linkend="_vaultbackend_8cpp_source">vaultbackend.cpp</link>.</para>
Here is the call graph for this function:<para>
    <informalfigure>
        <mediaobject>
            <imageobject>
                <imagedata width="50%" align="center" valign="middle" scalefit="0" fileref="class_vault_backend_a025b01f0c0aa75b6249feb39661d094d_cgraph.png"></imagedata>
            </imageobject>
        </mediaobject>
    </informalfigure>
</para>
</section>
<anchor xml:id="_class_vault_backend_1a616756f8346a4287afbacd79bcfd4ff6"/><section>
    <title>generateNickname()</title>
<indexterm><primary>generateNickname</primary><secondary>VaultBackend</secondary></indexterm>
<indexterm><primary>VaultBackend</primary><secondary>generateNickname</secondary></indexterm>
<para><computeroutput>QString VaultBackend::generateNickname (int maxLength, bool useMushup, bool useInjection)</computeroutput></para><para>
Definition at line <link linkend="_vaultbackend_8cpp_source_1l00155">155</link> of file <link linkend="_vaultbackend_8cpp_source">vaultbackend.cpp</link>.</para>
</section>
<anchor xml:id="_class_vault_backend_1a9ce1dbdc58ed267bf679842e916c4ba7"/><section>
    <title>generateSecureString()</title>
<indexterm><primary>generateSecureString</primary><secondary>VaultBackend</secondary></indexterm>
<indexterm><primary>VaultBackend</primary><secondary>generateSecureString</secondary></indexterm>
<para><computeroutput>QString VaultBackend::generateSecureString (int length, bool useUpper, bool useLower, bool useDigits, bool useSymbols)</computeroutput></para><para>
Definition at line <link linkend="_vaultbackend_8cpp_source_1l00235">235</link> of file <link linkend="_vaultbackend_8cpp_source">vaultbackend.cpp</link>.</para>
</section>
<anchor xml:id="_class_vault_backend_1a33180482ea5181d81d7e41d73b7cad9b"/><section>
    <title>generateSystemHash()</title>
<indexterm><primary>generateSystemHash</primary><secondary>VaultBackend</secondary></indexterm>
<indexterm><primary>VaultBackend</primary><secondary>generateSystemHash</secondary></indexterm>
<para><computeroutput>QByteArray VaultBackend::generateSystemHash ( ) const<computeroutput>[private]</computeroutput></computeroutput></para><para>
Definition at line <link linkend="_vaultbackend_8cpp_source_1l00037">37</link> of file <link linkend="_vaultbackend_8cpp_source">vaultbackend.cpp</link>.</para>
Here is the caller graph for this function:<para>
    <informalfigure>
        <mediaobject>
            <imageobject>
                <imagedata width="50%" align="center" valign="middle" scalefit="0" fileref="class_vault_backend_a33180482ea5181d81d7e41d73b7cad9b_icgraph.png"></imagedata>
            </imageobject>
        </mediaobject>
    </informalfigure>
</para>
</section>
<anchor xml:id="_class_vault_backend_1ad222fc32424594b516b7b3c160626fea"/><section>
    <title>getAvailableThemes()</title>
<indexterm><primary>getAvailableThemes</primary><secondary>VaultBackend</secondary></indexterm>
<indexterm><primary>VaultBackend</primary><secondary>getAvailableThemes</secondary></indexterm>
<para><computeroutput>QStringList VaultBackend::getAvailableThemes ( ) const</computeroutput></para><para>
Definition at line <link linkend="_vaultbackend_8cpp_source_1l00151">151</link> of file <link linkend="_vaultbackend_8cpp_source">vaultbackend.cpp</link>.</para>
</section>
<anchor xml:id="_class_vault_backend_1a9db269a788d613296a4217eea322cbd0"/><section>
    <title>getEntryDetails()</title>
<indexterm><primary>getEntryDetails</primary><secondary>VaultBackend</secondary></indexterm>
<indexterm><primary>VaultBackend</primary><secondary>getEntryDetails</secondary></indexterm>
<para><computeroutput>QVariantMap VaultBackend::getEntryDetails (int index) const</computeroutput></para><para>
Definition at line <link linkend="_vaultbackend_8cpp_source_1l00323">323</link> of file <link linkend="_vaultbackend_8cpp_source">vaultbackend.cpp</link>.</para>
</section>
<anchor xml:id="_class_vault_backend_1a13b188d7a0c38a5a6502b88a3969ba40"/><section>
    <title>getPassword()</title>
<indexterm><primary>getPassword</primary><secondary>VaultBackend</secondary></indexterm>
<indexterm><primary>VaultBackend</primary><secondary>getPassword</secondary></indexterm>
<para><computeroutput>QString VaultBackend::getPassword (int index, const QString &amp; masterKey)</computeroutput></para><para>
Definition at line <link linkend="_vaultbackend_8cpp_source_1l00328">328</link> of file <link linkend="_vaultbackend_8cpp_source">vaultbackend.cpp</link>.</para>
</section>
<anchor xml:id="_class_vault_backend_1ab84b02c860fd917800f10f1b89a72a0f"/><section>
    <title>importDatabase()</title>
<indexterm><primary>importDatabase</primary><secondary>VaultBackend</secondary></indexterm>
<indexterm><primary>VaultBackend</primary><secondary>importDatabase</secondary></indexterm>
<para><computeroutput>QString VaultBackend::importDatabase (const QString &amp; filePath, const QString &amp; masterKey)</computeroutput></para><para>
Definition at line <link linkend="_vaultbackend_8cpp_source_1l00367">367</link> of file <link linkend="_vaultbackend_8cpp_source">vaultbackend.cpp</link>.</para>
Here is the call graph for this function:<para>
    <informalfigure>
        <mediaobject>
            <imageobject>
                <imagedata width="50%" align="center" valign="middle" scalefit="0" fileref="class_vault_backend_ab84b02c860fd917800f10f1b89a72a0f_cgraph.png"></imagedata>
            </imageobject>
        </mediaobject>
    </informalfigure>
</para>
</section>
<anchor xml:id="_class_vault_backend_1a677f078864ea017e71acda30dc5bf2cb"/><section>
    <title>isDatabaseLoaded()</title>
<indexterm><primary>isDatabaseLoaded</primary><secondary>VaultBackend</secondary></indexterm>
<indexterm><primary>VaultBackend</primary><secondary>isDatabaseLoaded</secondary></indexterm>
<para><computeroutput>bool VaultBackend::isDatabaseLoaded ( ) const<computeroutput>[inline]</computeroutput></computeroutput></para><para>
Definition at line <link linkend="_vaultbackend_8h_source_1l00036">36</link> of file <link linkend="_vaultbackend_8h_source">vaultbackend.h</link>.</para>
</section>
<anchor xml:id="_class_vault_backend_1af6975535b01de82a6742556f097942b9"/><section>
    <title>isSystemBoundDatabase()</title>
<indexterm><primary>isSystemBoundDatabase</primary><secondary>VaultBackend</secondary></indexterm>
<indexterm><primary>VaultBackend</primary><secondary>isSystemBoundDatabase</secondary></indexterm>
<para><computeroutput>bool VaultBackend::isSystemBoundDatabase ( ) const<computeroutput>[inline]</computeroutput></computeroutput></para><para>
Definition at line <link linkend="_vaultbackend_8h_source_1l00031">31</link> of file <link linkend="_vaultbackend_8h_source">vaultbackend.h</link>.</para>
</section>
<anchor xml:id="_class_vault_backend_1ad290cc4009e634714b989000b6f0a51c"/><section>
    <title>loadDatabase()</title>
<indexterm><primary>loadDatabase</primary><secondary>VaultBackend</secondary></indexterm>
<indexterm><primary>VaultBackend</primary><secondary>loadDatabase</secondary></indexterm>
<para><computeroutput>bool VaultBackend::loadDatabase (const QString &amp; masterKey)</computeroutput></para><para>
Definition at line <link linkend="_vaultbackend_8cpp_source_1l00333">333</link> of file <link linkend="_vaultbackend_8cpp_source">vaultbackend.cpp</link>.</para>
Here is the call graph for this function:<para>
    <informalfigure>
        <mediaobject>
            <imageobject>
                <imagedata width="50%" align="center" valign="middle" scalefit="0" fileref="class_vault_backend_ad290cc4009e634714b989000b6f0a51c_cgraph.png"></imagedata>
            </imageobject>
        </mediaobject>
    </informalfigure>
</para>
</section>
<anchor xml:id="_class_vault_backend_1a155a503fd34e7b36b506d38a5eab1719"/><section>
    <title>loadNicknameWords()</title>
<indexterm><primary>loadNicknameWords</primary><secondary>VaultBackend</secondary></indexterm>
<indexterm><primary>VaultBackend</primary><secondary>loadNicknameWords</secondary></indexterm>
<para><computeroutput>void VaultBackend::loadNicknameWords (const QString &amp; filePath = <computeroutput>&quot;data/theme_data.txt&quot;</computeroutput>
)<computeroutput>[private]</computeroutput></computeroutput></para><para>
Definition at line <link linkend="_vaultbackend_8cpp_source_1l00123">123</link> of file <link linkend="_vaultbackend_8cpp_source">vaultbackend.cpp</link>.</para>
Here is the caller graph for this function:<para>
    <informalfigure>
        <mediaobject>
            <imageobject>
                <imagedata width="50%" align="center" valign="middle" scalefit="0" fileref="class_vault_backend_a155a503fd34e7b36b506d38a5eab1719_icgraph.png"></imagedata>
            </imageobject>
        </mediaobject>
    </informalfigure>
</para>
</section>
<anchor xml:id="_class_vault_backend_1a573965fa954eed30b770514edabf054e"/><section>
    <title>saveDatabaseToFile()</title>
<indexterm><primary>saveDatabaseToFile</primary><secondary>VaultBackend</secondary></indexterm>
<indexterm><primary>VaultBackend</primary><secondary>saveDatabaseToFile</secondary></indexterm>
<para><computeroutput>void VaultBackend::saveDatabaseToFile ( )<computeroutput>[private]</computeroutput></computeroutput></para><para>
Definition at line <link linkend="_vaultbackend_8cpp_source_1l00260">260</link> of file <link linkend="_vaultbackend_8cpp_source">vaultbackend.cpp</link>.</para>
Here is the call graph for this function:<para>
    <informalfigure>
        <mediaobject>
            <imageobject>
                <imagedata width="50%" align="center" valign="middle" scalefit="0" fileref="class_vault_backend_a573965fa954eed30b770514edabf054e_cgraph.png"></imagedata>
            </imageobject>
        </mediaobject>
    </informalfigure>
</para>
Here is the caller graph for this function:<para>
    <informalfigure>
        <mediaobject>
            <imageobject>
                <imagedata width="50%" align="center" valign="middle" scalefit="0" fileref="class_vault_backend_a573965fa954eed30b770514edabf054e_icgraph.png"></imagedata>
            </imageobject>
        </mediaobject>
    </informalfigure>
</para>
</section>
<anchor xml:id="_class_vault_backend_1adf7c321ab83457d68a22755995a43bda"/><section>
    <title>saveEntry()</title>
<indexterm><primary>saveEntry</primary><secondary>VaultBackend</secondary></indexterm>
<indexterm><primary>VaultBackend</primary><secondary>saveEntry</secondary></indexterm>
<para><computeroutput>QString VaultBackend::saveEntry (const QString &amp; site, const QString &amp; login, const QString &amp; password, const QString &amp; masterKey)</computeroutput></para><para>
Definition at line <link linkend="_vaultbackend_8cpp_source_1l00283">283</link> of file <link linkend="_vaultbackend_8cpp_source">vaultbackend.cpp</link>.</para>
Here is the call graph for this function:<para>
    <informalfigure>
        <mediaobject>
            <imageobject>
                <imagedata width="50%" align="center" valign="middle" scalefit="0" fileref="class_vault_backend_adf7c321ab83457d68a22755995a43bda_cgraph.png"></imagedata>
            </imageobject>
        </mediaobject>
    </informalfigure>
</para>
</section>
<anchor xml:id="_class_vault_backend_1a219f10e7c3ca82a0b802233b8307cbcd"/><section>
    <title>updateEntry()</title>
<indexterm><primary>updateEntry</primary><secondary>VaultBackend</secondary></indexterm>
<indexterm><primary>VaultBackend</primary><secondary>updateEntry</secondary></indexterm>
<para><computeroutput>QString VaultBackend::updateEntry (int index, const QString &amp; site, const QString &amp; login, const QString &amp; password, const QString &amp; masterKey)</computeroutput></para><para>
Definition at line <link linkend="_vaultbackend_8cpp_source_1l00299">299</link> of file <link linkend="_vaultbackend_8cpp_source">vaultbackend.cpp</link>.</para>
Here is the call graph for this function:<para>
    <informalfigure>
        <mediaobject>
            <imageobject>
                <imagedata width="50%" align="center" valign="middle" scalefit="0" fileref="class_vault_backend_a219f10e7c3ca82a0b802233b8307cbcd_cgraph.png"></imagedata>
            </imageobject>
        </mediaobject>
    </informalfigure>
</para>
</section>
<anchor xml:id="_class_vault_backend_1a1fdc4492cdd1dcec696c6d0525337973"/><section>
    <title>vaultEntries()</title>
<indexterm><primary>vaultEntries</primary><secondary>VaultBackend</secondary></indexterm>
<indexterm><primary>VaultBackend</primary><secondary>vaultEntries</secondary></indexterm>
<para><computeroutput>QVariantList VaultBackend::vaultEntries ( ) const<computeroutput>[inline]</computeroutput></computeroutput></para><para>
Definition at line <link linkend="_vaultbackend_8h_source_1l00035">35</link> of file <link linkend="_vaultbackend_8h_source">vaultbackend.h</link>.</para>
</section>
</section>
<section>
<title>Member Data Documentation</title>
<anchor xml:id="_class_vault_backend_1a3cc92fcba3c5d0db1deb41d76f48ae95"/><section>
    <title>m_iv</title>
<indexterm><primary>m_iv</primary><secondary>VaultBackend</secondary></indexterm>
<indexterm><primary>VaultBackend</primary><secondary>m_iv</secondary></indexterm>
<para><computeroutput>QByteArray VaultBackend::m_iv<computeroutput>[private]</computeroutput></computeroutput></para><para>
Definition at line <link linkend="_vaultbackend_8h_source_1l00043">43</link> of file <link linkend="_vaultbackend_8h_source">vaultbackend.h</link>.</para>
</section>
<anchor xml:id="_class_vault_backend_1a0b5de841b24fcc761b04ee9f56a51ed3"/><section>
    <title>m_masterKey</title>
<indexterm><primary>m_masterKey</primary><secondary>VaultBackend</secondary></indexterm>
<indexterm><primary>VaultBackend</primary><secondary>m_masterKey</secondary></indexterm>
<para><computeroutput>QString VaultBackend::m_masterKey<computeroutput>[private]</computeroutput></computeroutput></para><para>
Definition at line <link linkend="_vaultbackend_8h_source_1l00040">40</link> of file <link linkend="_vaultbackend_8h_source">vaultbackend.h</link>.</para>
</section>
<anchor xml:id="_class_vault_backend_1a8af29e122d483436257465d7d9bd48fc"/><section>
    <title>m_salt</title>
<indexterm><primary>m_salt</primary><secondary>VaultBackend</secondary></indexterm>
<indexterm><primary>VaultBackend</primary><secondary>m_salt</secondary></indexterm>
<para><computeroutput>QByteArray VaultBackend::m_salt<computeroutput>[private]</computeroutput></computeroutput></para><para>
Definition at line <link linkend="_vaultbackend_8h_source_1l00042">42</link> of file <link linkend="_vaultbackend_8h_source">vaultbackend.h</link>.</para>
</section>
<anchor xml:id="_class_vault_backend_1a01edb97754d3e7efb53e8b74e12ba431"/><section>
    <title>m_systemIDHash</title>
<indexterm><primary>m_systemIDHash</primary><secondary>VaultBackend</secondary></indexterm>
<indexterm><primary>VaultBackend</primary><secondary>m_systemIDHash</secondary></indexterm>
<para><computeroutput>QByteArray VaultBackend::m_systemIDHash<computeroutput>[private]</computeroutput></computeroutput></para><para>
Definition at line <link linkend="_vaultbackend_8h_source_1l00044">44</link> of file <link linkend="_vaultbackend_8h_source">vaultbackend.h</link>.</para>
</section>
<anchor xml:id="_class_vault_backend_1a55eae9caf2f7a1f343ead88467c5762a"/><section>
    <title>m_themeWords</title>
<indexterm><primary>m_themeWords</primary><secondary>VaultBackend</secondary></indexterm>
<indexterm><primary>VaultBackend</primary><secondary>m_themeWords</secondary></indexterm>
<para><computeroutput>QMap&lt;QString, QStringList&gt; VaultBackend::m_themeWords<computeroutput>[private]</computeroutput></computeroutput></para><para>
Definition at line <link linkend="_vaultbackend_8h_source_1l00046">46</link> of file <link linkend="_vaultbackend_8h_source">vaultbackend.h</link>.</para>
</section>
<anchor xml:id="_class_vault_backend_1a37added67282a3f1fc40643b9edc4e89"/><section>
    <title>m_vaultEntries</title>
<indexterm><primary>m_vaultEntries</primary><secondary>VaultBackend</secondary></indexterm>
<indexterm><primary>VaultBackend</primary><secondary>m_vaultEntries</secondary></indexterm>
<para><computeroutput>QVariantList VaultBackend::m_vaultEntries<computeroutput>[private]</computeroutput></computeroutput></para><para>
Definition at line <link linkend="_vaultbackend_8h_source_1l00039">39</link> of file <link linkend="_vaultbackend_8h_source">vaultbackend.h</link>.</para>
</section>
<para>
The documentation for this class was generated from the following files:</para>
<link linkend="_vaultbackend_8h">vaultbackend.h</link><link linkend="_vaultbackend_8cpp">vaultbackend.cpp</link></section>
</section>
