<?xml version='1.0' encoding='UTF-8' standalone='no'?>
<section xmlns="http://docbook.org/ns/docbook" version="5.0" xmlns:xlink="http://www.w3.org/1999/xlink" xml:id="_class_main_window" xml:lang="en-US">
<title>MainWindow Class Reference</title>
<indexterm><primary>MainWindow</primary></indexterm>
<para>
<computeroutput>#include &quot;mainwindow.h&quot;</computeroutput>
</para>
Inheritance diagram for MainWindow:<para>
    <informalfigure>
        <mediaobject>
            <imageobject>
                <imagedata width="50%" align="center" valign="middle" scalefit="0" fileref="class_main_window__inherit__graph.png"></imagedata>
            </imageobject>
        </mediaobject>
    </informalfigure>
</para>
Collaboration diagram for MainWindow:<para>
    <informalfigure>
        <mediaobject>
            <imageobject>
                <imagedata width="50%" align="center" valign="middle" scalefit="0" fileref="class_main_window__coll__graph.png"></imagedata>
            </imageobject>
        </mediaobject>
    </informalfigure>
</para>
<simplesect>
    <title>Public Member Functions    </title>
        <itemizedlist>
            <listitem><para><link linkend="_class_main_window_1a996c5a2b6f77944776856f08ec30858d">MainWindow</link> (QWidget *parent=nullptr)</para>
</listitem>
            <listitem><para><link linkend="_class_main_window_1ae98d00a93bc118200eeef9f9bba1dba7">~MainWindow</link> ()</para>
</listitem>
        </itemizedlist>
</simplesect>
<simplesect>
    <title>Private Slots    </title>
        <itemizedlist>
            <listitem><para>void <link linkend="_class_main_window_1a6f07e911e9368f6643afa0aed2272353">on_generateButton_clicked</link> ()</para>
</listitem>
            <listitem><para>void <link linkend="_class_main_window_1a85ea79556ca7515950d5c7931ce9e6c8">on_generateNickButton_clicked</link> ()</para>
</listitem>
            <listitem><para>void <link linkend="_class_main_window_1a52e6d2463f17c5cd056817c6f47285dd">on_saveButton_clicked</link> ()</para>
</listitem>
            <listitem><para>void <link linkend="_class_main_window_1a9698794daa03f8301231e68af4fa7f87">on_viewDetailsButton_clicked</link> ()</para>
</listitem>
            <listitem><para>void <link linkend="_class_main_window_1aeff69bfa20bbae0478792db65fd08837">showPasswordDetails</link> (int index)</para>
</listitem>
            <listitem><para>void <link linkend="_class_main_window_1ac70a65e0bdf1b517e947b0bd0161987e">on_deleteButton_clicked</link> ()</para>
</listitem>
            <listitem><para>void <link linkend="_class_main_window_1ae22acf0b9981ab783fdee8b0fb1c9c49">on_exportButton_clicked</link> ()</para>
</listitem>
            <listitem><para>void <link linkend="_class_main_window_1a5e3b3f4dafca62ecb908f1262837d960">on_importButton_clicked</link> ()</para>
</listitem>
            <listitem><para>void <link linkend="_class_main_window_1ab614c1dedc695f5096cc0ccf750490ab">filterVaultList</link> (const QString &amp;searchText)</para>
</listitem>
            <listitem><para>void <link linkend="_class_main_window_1a3f66e05fdfb23da1881bcd366ea709e3">clearClipboard</link> ()</para>
</listitem>
        </itemizedlist>
</simplesect>
<simplesect>
    <title>Private Member Functions    </title>
        <itemizedlist>
            <listitem><para>void <link linkend="_class_main_window_1a2da49242a5efb9ed05e41b82ae19b6fa">promptForMasterKey</link> (bool initialSetup)</para>
</listitem>
            <listitem><para>void <link linkend="_class_main_window_1a7ecbc717f7f59b53ea5b8c56d3e7558c">updateVaultList</link> ()</para>
</listitem>
        </itemizedlist>
</simplesect>
<simplesect>
    <title>Private Attributes    </title>
        <itemizedlist>
            <listitem><para>Ui::MainWindow * <link linkend="_class_main_window_1a35466a70ed47252a0191168126a352a5">ui</link></para>
</listitem>
            <listitem><para><link linkend="_class_vault_backend">VaultBackend</link> * <link linkend="_class_main_window_1ab33e4b5da36ef26bb063b3b4803ee98f">vaultManager</link></para>
</listitem>
            <listitem><para>QString <link linkend="_class_main_window_1a6479c76503b3e3f57a592d48c244214e">masterKey</link></para>
</listitem>
            <listitem><para>QLabel * <link linkend="_class_main_window_1ab9c6492b81f3117ca8fed55c7b97da44">m_statusLabel</link></para>
</listitem>
        </itemizedlist>
</simplesect>
<section>
<title>Detailed Description</title>
<para>
Definition at line <link linkend="_mainwindow_8h_source_1l00013">13</link> of file <link linkend="_mainwindow_8h_source">mainwindow.h</link>.</para>
</section>
<section>
<title>Constructor &amp; Destructor Documentation</title>
<anchor xml:id="_class_main_window_1a996c5a2b6f77944776856f08ec30858d"/><section>
    <title>MainWindow()</title>
<indexterm><primary>MainWindow</primary><secondary>MainWindow</secondary></indexterm>
<indexterm><primary>MainWindow</primary><secondary>MainWindow</secondary></indexterm>
<para><computeroutput>MainWindow::MainWindow (QWidget * parent = <computeroutput>nullptr</computeroutput>
)</computeroutput></para><para>
Definition at line <link linkend="_mainwindow_8cpp_source_1l00012">12</link> of file <link linkend="_mainwindow_8cpp_source">mainwindow.cpp</link>.</para>
Here is the call graph for this function:<para>
    <informalfigure>
        <mediaobject>
            <imageobject>
                <imagedata width="50%" align="center" valign="middle" scalefit="0" fileref="class_main_window_a996c5a2b6f77944776856f08ec30858d_cgraph.png"></imagedata>
            </imageobject>
        </mediaobject>
    </informalfigure>
</para>
Here is the caller graph for this function:<para>
    <informalfigure>
        <mediaobject>
            <imageobject>
                <imagedata width="50%" align="center" valign="middle" scalefit="0" fileref="class_main_window_a996c5a2b6f77944776856f08ec30858d_icgraph.png"></imagedata>
            </imageobject>
        </mediaobject>
    </informalfigure>
</para>
</section>
<anchor xml:id="_class_main_window_1ae98d00a93bc118200eeef9f9bba1dba7"/><section>
    <title>~MainWindow()</title>
<indexterm><primary>~MainWindow</primary><secondary>MainWindow</secondary></indexterm>
<indexterm><primary>MainWindow</primary><secondary>~MainWindow</secondary></indexterm>
<para><computeroutput>MainWindow::~MainWindow ( )</computeroutput></para><para>
Definition at line <link linkend="_mainwindow_8cpp_source_1l00043">43</link> of file <link linkend="_mainwindow_8cpp_source">mainwindow.cpp</link>.</para>
</section>
</section>
<section>
<title>Member Function Documentation</title>
<anchor xml:id="_class_main_window_1a3f66e05fdfb23da1881bcd366ea709e3"/><section>
    <title>clearClipboard</title>
<indexterm><primary>clearClipboard</primary><secondary>MainWindow</secondary></indexterm>
<indexterm><primary>MainWindow</primary><secondary>clearClipboard</secondary></indexterm>
<para><computeroutput>void MainWindow::clearClipboard ( )<computeroutput>[private]</computeroutput>, <computeroutput>[slot]</computeroutput></computeroutput></para><para>
Definition at line <link linkend="_mainwindow_8cpp_source_1l00089">89</link> of file <link linkend="_mainwindow_8cpp_source">mainwindow.cpp</link>.</para>
Here is the caller graph for this function:<para>
    <informalfigure>
        <mediaobject>
            <imageobject>
                <imagedata width="50%" align="center" valign="middle" scalefit="0" fileref="class_main_window_a3f66e05fdfb23da1881bcd366ea709e3_icgraph.png"></imagedata>
            </imageobject>
        </mediaobject>
    </informalfigure>
</para>
</section>
<anchor xml:id="_class_main_window_1ab614c1dedc695f5096cc0ccf750490ab"/><section>
    <title>filterVaultList</title>
<indexterm><primary>filterVaultList</primary><secondary>MainWindow</secondary></indexterm>
<indexterm><primary>MainWindow</primary><secondary>filterVaultList</secondary></indexterm>
<para><computeroutput>void MainWindow::filterVaultList (const QString &amp; searchText)<computeroutput>[private]</computeroutput>, <computeroutput>[slot]</computeroutput></computeroutput></para><para>
Definition at line <link linkend="_mainwindow_8cpp_source_1l00081">81</link> of file <link linkend="_mainwindow_8cpp_source">mainwindow.cpp</link>.</para>
Here is the caller graph for this function:<para>
    <informalfigure>
        <mediaobject>
            <imageobject>
                <imagedata width="50%" align="center" valign="middle" scalefit="0" fileref="class_main_window_ab614c1dedc695f5096cc0ccf750490ab_icgraph.png"></imagedata>
            </imageobject>
        </mediaobject>
    </informalfigure>
</para>
</section>
<anchor xml:id="_class_main_window_1ac70a65e0bdf1b517e947b0bd0161987e"/><section>
    <title>on_deleteButton_clicked</title>
<indexterm><primary>on_deleteButton_clicked</primary><secondary>MainWindow</secondary></indexterm>
<indexterm><primary>MainWindow</primary><secondary>on_deleteButton_clicked</secondary></indexterm>
<para><computeroutput>void MainWindow::on_deleteButton_clicked ( )<computeroutput>[private]</computeroutput>, <computeroutput>[slot]</computeroutput></computeroutput></para><para>
Definition at line <link linkend="_mainwindow_8cpp_source_1l00221">221</link> of file <link linkend="_mainwindow_8cpp_source">mainwindow.cpp</link>.</para>
Here is the call graph for this function:<para>
    <informalfigure>
        <mediaobject>
            <imageobject>
                <imagedata width="50%" align="center" valign="middle" scalefit="0" fileref="class_main_window_ac70a65e0bdf1b517e947b0bd0161987e_cgraph.png"></imagedata>
            </imageobject>
        </mediaobject>
    </informalfigure>
</para>
Here is the caller graph for this function:<para>
    <informalfigure>
        <mediaobject>
            <imageobject>
                <imagedata width="50%" align="center" valign="middle" scalefit="0" fileref="class_main_window_ac70a65e0bdf1b517e947b0bd0161987e_icgraph.png"></imagedata>
            </imageobject>
        </mediaobject>
    </informalfigure>
</para>
</section>
<anchor xml:id="_class_main_window_1ae22acf0b9981ab783fdee8b0fb1c9c49"/><section>
    <title>on_exportButton_clicked</title>
<indexterm><primary>on_exportButton_clicked</primary><secondary>MainWindow</secondary></indexterm>
<indexterm><primary>MainWindow</primary><secondary>on_exportButton_clicked</secondary></indexterm>
<para><computeroutput>void MainWindow::on_exportButton_clicked ( )<computeroutput>[private]</computeroutput>, <computeroutput>[slot]</computeroutput></computeroutput></para><para>
Definition at line <link linkend="_mainwindow_8cpp_source_1l00203">203</link> of file <link linkend="_mainwindow_8cpp_source">mainwindow.cpp</link>.</para>
</section>
<anchor xml:id="_class_main_window_1a6f07e911e9368f6643afa0aed2272353"/><section>
    <title>on_generateButton_clicked</title>
<indexterm><primary>on_generateButton_clicked</primary><secondary>MainWindow</secondary></indexterm>
<indexterm><primary>MainWindow</primary><secondary>on_generateButton_clicked</secondary></indexterm>
<para><computeroutput>void MainWindow::on_generateButton_clicked ( )<computeroutput>[private]</computeroutput>, <computeroutput>[slot]</computeroutput></computeroutput></para><para>
Definition at line <link linkend="_mainwindow_8cpp_source_1l00094">94</link> of file <link linkend="_mainwindow_8cpp_source">mainwindow.cpp</link>.</para>
</section>
<anchor xml:id="_class_main_window_1a85ea79556ca7515950d5c7931ce9e6c8"/><section>
    <title>on_generateNickButton_clicked</title>
<indexterm><primary>on_generateNickButton_clicked</primary><secondary>MainWindow</secondary></indexterm>
<indexterm><primary>MainWindow</primary><secondary>on_generateNickButton_clicked</secondary></indexterm>
<para><computeroutput>void MainWindow::on_generateNickButton_clicked ( )<computeroutput>[private]</computeroutput>, <computeroutput>[slot]</computeroutput></computeroutput></para><para>
Definition at line <link linkend="_mainwindow_8cpp_source_1l00115">115</link> of file <link linkend="_mainwindow_8cpp_source">mainwindow.cpp</link>.</para>
</section>
<anchor xml:id="_class_main_window_1a5e3b3f4dafca62ecb908f1262837d960"/><section>
    <title>on_importButton_clicked</title>
<indexterm><primary>on_importButton_clicked</primary><secondary>MainWindow</secondary></indexterm>
<indexterm><primary>MainWindow</primary><secondary>on_importButton_clicked</secondary></indexterm>
<para><computeroutput>void MainWindow::on_importButton_clicked ( )<computeroutput>[private]</computeroutput>, <computeroutput>[slot]</computeroutput></computeroutput></para><para>
Definition at line <link linkend="_mainwindow_8cpp_source_1l00210">210</link> of file <link linkend="_mainwindow_8cpp_source">mainwindow.cpp</link>.</para>
Here is the call graph for this function:<para>
    <informalfigure>
        <mediaobject>
            <imageobject>
                <imagedata width="50%" align="center" valign="middle" scalefit="0" fileref="class_main_window_a5e3b3f4dafca62ecb908f1262837d960_cgraph.png"></imagedata>
            </imageobject>
        </mediaobject>
    </informalfigure>
</para>
</section>
<anchor xml:id="_class_main_window_1a52e6d2463f17c5cd056817c6f47285dd"/><section>
    <title>on_saveButton_clicked</title>
<indexterm><primary>on_saveButton_clicked</primary><secondary>MainWindow</secondary></indexterm>
<indexterm><primary>MainWindow</primary><secondary>on_saveButton_clicked</secondary></indexterm>
<para><computeroutput>void MainWindow::on_saveButton_clicked ( )<computeroutput>[private]</computeroutput>, <computeroutput>[slot]</computeroutput></computeroutput></para><para>
Definition at line <link linkend="_mainwindow_8cpp_source_1l00136">136</link> of file <link linkend="_mainwindow_8cpp_source">mainwindow.cpp</link>.</para>
Here is the call graph for this function:<para>
    <informalfigure>
        <mediaobject>
            <imageobject>
                <imagedata width="50%" align="center" valign="middle" scalefit="0" fileref="class_main_window_a52e6d2463f17c5cd056817c6f47285dd_cgraph.png"></imagedata>
            </imageobject>
        </mediaobject>
    </informalfigure>
</para>
</section>
<anchor xml:id="_class_main_window_1a9698794daa03f8301231e68af4fa7f87"/><section>
    <title>on_viewDetailsButton_clicked</title>
<indexterm><primary>on_viewDetailsButton_clicked</primary><secondary>MainWindow</secondary></indexterm>
<indexterm><primary>MainWindow</primary><secondary>on_viewDetailsButton_clicked</secondary></indexterm>
<para><computeroutput>void MainWindow::on_viewDetailsButton_clicked ( )<computeroutput>[private]</computeroutput>, <computeroutput>[slot]</computeroutput></computeroutput></para><para>
Definition at line <link linkend="_mainwindow_8cpp_source_1l00185">185</link> of file <link linkend="_mainwindow_8cpp_source">mainwindow.cpp</link>.</para>
Here is the call graph for this function:<para>
    <informalfigure>
        <mediaobject>
            <imageobject>
                <imagedata width="50%" align="center" valign="middle" scalefit="0" fileref="class_main_window_a9698794daa03f8301231e68af4fa7f87_cgraph.png"></imagedata>
            </imageobject>
        </mediaobject>
    </informalfigure>
</para>
Here is the caller graph for this function:<para>
    <informalfigure>
        <mediaobject>
            <imageobject>
                <imagedata width="50%" align="center" valign="middle" scalefit="0" fileref="class_main_window_a9698794daa03f8301231e68af4fa7f87_icgraph.png"></imagedata>
            </imageobject>
        </mediaobject>
    </informalfigure>
</para>
</section>
<anchor xml:id="_class_main_window_1a2da49242a5efb9ed05e41b82ae19b6fa"/><section>
    <title>promptForMasterKey()</title>
<indexterm><primary>promptForMasterKey</primary><secondary>MainWindow</secondary></indexterm>
<indexterm><primary>MainWindow</primary><secondary>promptForMasterKey</secondary></indexterm>
<para><computeroutput>void MainWindow::promptForMasterKey (bool initialSetup)<computeroutput>[private]</computeroutput></computeroutput></para><para>
Definition at line <link linkend="_mainwindow_8cpp_source_1l00049">49</link> of file <link linkend="_mainwindow_8cpp_source">mainwindow.cpp</link>.</para>
Here is the call graph for this function:<para>
    <informalfigure>
        <mediaobject>
            <imageobject>
                <imagedata width="50%" align="center" valign="middle" scalefit="0" fileref="class_main_window_a2da49242a5efb9ed05e41b82ae19b6fa_cgraph.png"></imagedata>
            </imageobject>
        </mediaobject>
    </informalfigure>
</para>
Here is the caller graph for this function:<para>
    <informalfigure>
        <mediaobject>
            <imageobject>
                <imagedata width="50%" align="center" valign="middle" scalefit="0" fileref="class_main_window_a2da49242a5efb9ed05e41b82ae19b6fa_icgraph.png"></imagedata>
            </imageobject>
        </mediaobject>
    </informalfigure>
</para>
</section>
<anchor xml:id="_class_main_window_1aeff69bfa20bbae0478792db65fd08837"/><section>
    <title>showPasswordDetails</title>
<indexterm><primary>showPasswordDetails</primary><secondary>MainWindow</secondary></indexterm>
<indexterm><primary>MainWindow</primary><secondary>showPasswordDetails</secondary></indexterm>
<para><computeroutput>void MainWindow::showPasswordDetails (int index)<computeroutput>[private]</computeroutput>, <computeroutput>[slot]</computeroutput></computeroutput></para><para>
Definition at line <link linkend="_mainwindow_8cpp_source_1l00149">149</link> of file <link linkend="_mainwindow_8cpp_source">mainwindow.cpp</link>.</para>
Here is the call graph for this function:<para>
    <informalfigure>
        <mediaobject>
            <imageobject>
                <imagedata width="50%" align="center" valign="middle" scalefit="0" fileref="class_main_window_aeff69bfa20bbae0478792db65fd08837_cgraph.png"></imagedata>
            </imageobject>
        </mediaobject>
    </informalfigure>
</para>
Here is the caller graph for this function:<para>
    <informalfigure>
        <mediaobject>
            <imageobject>
                <imagedata width="50%" align="center" valign="middle" scalefit="0" fileref="class_main_window_aeff69bfa20bbae0478792db65fd08837_icgraph.png"></imagedata>
            </imageobject>
        </mediaobject>
    </informalfigure>
</para>
</section>
<anchor xml:id="_class_main_window_1a7ecbc717f7f59b53ea5b8c56d3e7558c"/><section>
    <title>updateVaultList()</title>
<indexterm><primary>updateVaultList</primary><secondary>MainWindow</secondary></indexterm>
<indexterm><primary>MainWindow</primary><secondary>updateVaultList</secondary></indexterm>
<para><computeroutput>void MainWindow::updateVaultList ( )<computeroutput>[private]</computeroutput></computeroutput></para><para>
Definition at line <link linkend="_mainwindow_8cpp_source_1l00073">73</link> of file <link linkend="_mainwindow_8cpp_source">mainwindow.cpp</link>.</para>
Here is the caller graph for this function:<para>
    <informalfigure>
        <mediaobject>
            <imageobject>
                <imagedata width="50%" align="center" valign="middle" scalefit="0" fileref="class_main_window_a7ecbc717f7f59b53ea5b8c56d3e7558c_icgraph.png"></imagedata>
            </imageobject>
        </mediaobject>
    </informalfigure>
</para>
</section>
</section>
<section>
<title>Member Data Documentation</title>
<anchor xml:id="_class_main_window_1ab9c6492b81f3117ca8fed55c7b97da44"/><section>
    <title>m_statusLabel</title>
<indexterm><primary>m_statusLabel</primary><secondary>MainWindow</secondary></indexterm>
<indexterm><primary>MainWindow</primary><secondary>m_statusLabel</secondary></indexterm>
<para><computeroutput>QLabel* MainWindow::m_statusLabel<computeroutput>[private]</computeroutput></computeroutput></para><para>
Definition at line <link linkend="_mainwindow_8h_source_1l00040">40</link> of file <link linkend="_mainwindow_8h_source">mainwindow.h</link>.</para>
</section>
<anchor xml:id="_class_main_window_1a6479c76503b3e3f57a592d48c244214e"/><section>
    <title>masterKey</title>
<indexterm><primary>masterKey</primary><secondary>MainWindow</secondary></indexterm>
<indexterm><primary>MainWindow</primary><secondary>masterKey</secondary></indexterm>
<para><computeroutput>QString MainWindow::masterKey<computeroutput>[private]</computeroutput></computeroutput></para><para>
Definition at line <link linkend="_mainwindow_8h_source_1l00039">39</link> of file <link linkend="_mainwindow_8h_source">mainwindow.h</link>.</para>
</section>
<anchor xml:id="_class_main_window_1a35466a70ed47252a0191168126a352a5"/><section>
    <title>ui</title>
<indexterm><primary>ui</primary><secondary>MainWindow</secondary></indexterm>
<indexterm><primary>MainWindow</primary><secondary>ui</secondary></indexterm>
<para><computeroutput>Ui::MainWindow* MainWindow::ui<computeroutput>[private]</computeroutput></computeroutput></para><para>
Definition at line <link linkend="_mainwindow_8h_source_1l00037">37</link> of file <link linkend="_mainwindow_8h_source">mainwindow.h</link>.</para>
</section>
<anchor xml:id="_class_main_window_1ab33e4b5da36ef26bb063b3b4803ee98f"/><section>
    <title>vaultManager</title>
<indexterm><primary>vaultManager</primary><secondary>MainWindow</secondary></indexterm>
<indexterm><primary>MainWindow</primary><secondary>vaultManager</secondary></indexterm>
<para><computeroutput><link linkend="_class_vault_backend">VaultBackend</link>* MainWindow::vaultManager<computeroutput>[private]</computeroutput></computeroutput></para><para>
Definition at line <link linkend="_mainwindow_8h_source_1l00038">38</link> of file <link linkend="_mainwindow_8h_source">mainwindow.h</link>.</para>
</section>
<para>
The documentation for this class was generated from the following files:</para>
<link linkend="_mainwindow_8h">mainwindow.h</link><link linkend="_mainwindow_8cpp">mainwindow.cpp</link></section>
</section>
