<?xml version='1.0' encoding='UTF-8' standalone='no'?>
<book xmlns="http://docbook.org/ns/docbook" version="5.0" xmlns:xlink="http://www.w3.org/1999/xlink" xml:id="_index" xml:lang="en-US">
    <info>
    <title>SVP</title>
    </info>
    <xi:include href="md__r_e_a_d_m_e.xml" xmlns:xi="http://www.w3.org/2001/XInclude"/>
<chapter>
    <title>Namespace Documentation</title>
    <xi:include href="namespace_ui.xml" xmlns:xi="http://www.w3.org/2001/XInclude"/>
</chapter>
<chapter>
    <title>Class Documentation</title>
    <xi:include href="class_main_window.xml" xmlns:xi="http://www.w3.org/2001/XInclude"/>
    <xi:include href="class_vault_backend.xml" xmlns:xi="http://www.w3.org/2001/XInclude"/>
</chapter>
<chapter>
    <title>File Documentation</title>
    <xi:include href="main_8cpp.xml" xmlns:xi="http://www.w3.org/2001/XInclude"/>
    <xi:include href="main_8cpp_source.xml" xmlns:xi="http://www.w3.org/2001/XInclude"/>
    <xi:include href="mainwindow_8cpp.xml" xmlns:xi="http://www.w3.org/2001/XInclude"/>
    <xi:include href="mainwindow_8cpp_source.xml" xmlns:xi="http://www.w3.org/2001/XInclude"/>
    <xi:include href="mainwindow_8h.xml" xmlns:xi="http://www.w3.org/2001/XInclude"/>
    <xi:include href="mainwindow_8h_source.xml" xmlns:xi="http://www.w3.org/2001/XInclude"/>
    <xi:include href="_r_e_a_d_m_e_8md.xml" xmlns:xi="http://www.w3.org/2001/XInclude"/>
    <xi:include href="vaultbackend_8cpp.xml" xmlns:xi="http://www.w3.org/2001/XInclude"/>
    <xi:include href="vaultbackend_8cpp_source.xml" xmlns:xi="http://www.w3.org/2001/XInclude"/>
    <xi:include href="vaultbackend_8h.xml" xmlns:xi="http://www.w3.org/2001/XInclude"/>
    <xi:include href="vaultbackend_8h_source.xml" xmlns:xi="http://www.w3.org/2001/XInclude"/>
</chapter>
<index/>
</book>
