<?xml version='1.0' encoding='UTF-8' standalone='no'?>
<section xmlns="http://docbook.org/ns/docbook" version="5.0" xmlns:xlink="http://www.w3.org/1999/xlink" xml:id="_mainwindow_8cpp_source" xml:lang="en-US">
<title>mainwindow.cpp</title>
Go to the documentation of this file.<programlisting linenumbering="unnumbered"><anchor xml:id="_mainwindow_8cpp_source_1l00001"/>00001 <emphasis role="preprocessor">#include&#32;&quot;<link linkend="_mainwindow_8h">mainwindow.h</link>&quot;</emphasis>
<anchor xml:id="_mainwindow_8cpp_source_1l00002"/>00002 <emphasis role="preprocessor">#include&#32;&quot;ui_mainwindow.h&quot;</emphasis>
<anchor xml:id="_mainwindow_8cpp_source_1l00003"/>00003 <emphasis role="preprocessor">#include&#32;&lt;QInputDialog&gt;</emphasis>
<anchor xml:id="_mainwindow_8cpp_source_1l00004"/>00004 <emphasis role="preprocessor">#include&#32;&lt;QMessageBox&gt;</emphasis>
<anchor xml:id="_mainwindow_8cpp_source_1l00005"/>00005 <emphasis role="preprocessor">#include&#32;&lt;QListWidgetItem&gt;</emphasis>
<anchor xml:id="_mainwindow_8cpp_source_1l00006"/>00006 <emphasis role="preprocessor">#include&#32;&lt;QClipboard&gt;</emphasis>
<anchor xml:id="_mainwindow_8cpp_source_1l00007"/>00007 <emphasis role="preprocessor">#include&#32;&lt;QTimer&gt;</emphasis>
<anchor xml:id="_mainwindow_8cpp_source_1l00008"/>00008 <emphasis role="preprocessor">#include&#32;&lt;QFileDialog&gt;</emphasis>
<anchor xml:id="_mainwindow_8cpp_source_1l00009"/>00009 <emphasis role="preprocessor">#include&#32;&lt;QStatusBar&gt;</emphasis>
<anchor xml:id="_mainwindow_8cpp_source_1l00010"/>00010 <emphasis role="preprocessor">#include&#32;&lt;QRandomGenerator&gt;</emphasis>
<anchor xml:id="_mainwindow_8cpp_source_1l00011"/>00011 
<anchor xml:id="_mainwindow_8cpp_source_1l00012"/><link linkend="_class_main_window_1a996c5a2b6f77944776856f08ec30858d">00012</link> <link linkend="_class_main_window_1a996c5a2b6f77944776856f08ec30858d">MainWindow::MainWindow</link>(QWidget&#32;*parent)
<anchor xml:id="_mainwindow_8cpp_source_1l00013"/>00013 &#32;&#32;&#32;&#32;:&#32;QMainWindow(parent)
<anchor xml:id="_mainwindow_8cpp_source_1l00014"/>00014 &#32;&#32;&#32;&#32;,&#32;<link linkend="_class_main_window_1a35466a70ed47252a0191168126a352a5">ui</link>(new&#32;<link linkend="_namespace_ui">Ui</link>::<link linkend="_class_main_window_1a996c5a2b6f77944776856f08ec30858d">MainWindow</link>)
<anchor xml:id="_mainwindow_8cpp_source_1l00015"/>00015 {
<anchor xml:id="_mainwindow_8cpp_source_1l00016"/>00016 &#32;&#32;&#32;&#32;<link linkend="_class_main_window_1a35466a70ed47252a0191168126a352a5">ui</link>-&gt;setupUi(<emphasis role="keyword">this</emphasis>);
<anchor xml:id="_mainwindow_8cpp_source_1l00017"/>00017 &#32;&#32;&#32;&#32;<link linkend="_class_main_window_1ab33e4b5da36ef26bb063b3b4803ee98f">vaultManager</link>&#32;=&#32;<emphasis role="keyword">new</emphasis>&#32;<link linkend="_class_vault_backend">VaultBackend</link>(<emphasis role="keyword">this</emphasis>);
<anchor xml:id="_mainwindow_8cpp_source_1l00018"/>00018 
<anchor xml:id="_mainwindow_8cpp_source_1l00019"/>00019 &#32;&#32;&#32;&#32;setWindowTitle(<emphasis role="stringliteral">&quot;Secure&#32;VaultPass&#32;(SVP)&quot;</emphasis>);
<anchor xml:id="_mainwindow_8cpp_source_1l00020"/>00020 
<anchor xml:id="_mainwindow_8cpp_source_1l00021"/>00021 &#32;&#32;&#32;&#32;<emphasis role="keywordflow">if</emphasis>&#32;(<link linkend="_class_main_window_1ab33e4b5da36ef26bb063b3b4803ee98f">vaultManager</link>-&gt;isSystemBoundDatabase()&#32;&amp;&amp;&#32;!<link linkend="_class_main_window_1ab33e4b5da36ef26bb063b3b4803ee98f">vaultManager</link>-&gt;checkSystemBound())&#32;{
<anchor xml:id="_mainwindow_8cpp_source_1l00022"/>00022 &#32;&#32;&#32;&#32;&#32;&#32;&#32;&#32;QMessageBox::critical(<emphasis role="keyword">this</emphasis>,&#32;<emphasis role="stringliteral">&quot;Помилка&#32;безпеки&quot;</emphasis>,&#32;<emphasis role="stringliteral">&quot;База&#32;даних&#32;прив&apos;язана&#32;до&#32;іншої&#32;системи,&#32;або&#32;порушена&#32;її&#32;цілісність.&#32;Доступ&#32;заборонено!&quot;</emphasis>);
<anchor xml:id="_mainwindow_8cpp_source_1l00023"/>00023 &#32;&#32;&#32;&#32;&#32;&#32;&#32;&#32;this-&gt;close();
<anchor xml:id="_mainwindow_8cpp_source_1l00024"/>00024 &#32;&#32;&#32;&#32;&#32;&#32;&#32;&#32;<emphasis role="keywordflow">return</emphasis>;
<anchor xml:id="_mainwindow_8cpp_source_1l00025"/>00025 &#32;&#32;&#32;&#32;}
<anchor xml:id="_mainwindow_8cpp_source_1l00026"/>00026 
<anchor xml:id="_mainwindow_8cpp_source_1l00027"/>00027 &#32;&#32;&#32;&#32;<link linkend="_class_main_window_1a2da49242a5efb9ed05e41b82ae19b6fa">promptForMasterKey</link>(<emphasis role="keyword">true</emphasis>);
<anchor xml:id="_mainwindow_8cpp_source_1l00028"/>00028 
<anchor xml:id="_mainwindow_8cpp_source_1l00029"/>00029 &#32;&#32;&#32;&#32;<link linkend="_class_main_window_1a35466a70ed47252a0191168126a352a5">ui</link>-&gt;siteInput-&gt;setPlaceholderText(<emphasis role="stringliteral">&quot;Website&#32;/&#32;Service&quot;</emphasis>);
<anchor xml:id="_mainwindow_8cpp_source_1l00030"/>00030 
<anchor xml:id="_mainwindow_8cpp_source_1l00031"/>00031 &#32;&#32;&#32;&#32;<link linkend="_class_main_window_1a35466a70ed47252a0191168126a352a5">ui</link>-&gt;loginInput-&gt;setPlaceholderText(<emphasis role="stringliteral">&quot;Username&#32;/&#32;Nickname&quot;</emphasis>);
<anchor xml:id="_mainwindow_8cpp_source_1l00032"/>00032 &#32;&#32;&#32;&#32;<link linkend="_class_main_window_1a35466a70ed47252a0191168126a352a5">ui</link>-&gt;passwordOutput-&gt;setPlaceholderText(<emphasis role="stringliteral">&quot;Password&#32;/&#32;Key&quot;</emphasis>);
<anchor xml:id="_mainwindow_8cpp_source_1l00033"/>00033 &#32;&#32;&#32;&#32;<link linkend="_class_main_window_1a35466a70ed47252a0191168126a352a5">ui</link>-&gt;searchInput-&gt;setPlaceholderText(<emphasis role="stringliteral">&quot;Search&#32;Records...&quot;</emphasis>);
<anchor xml:id="_mainwindow_8cpp_source_1l00034"/>00034 
<anchor xml:id="_mainwindow_8cpp_source_1l00035"/>00035 &#32;&#32;&#32;&#32;connect(<link linkend="_class_main_window_1a35466a70ed47252a0191168126a352a5">ui</link>-&gt;vaultList,&#32;&amp;QListWidget::itemDoubleClicked,&#32;<emphasis role="keyword">this</emphasis>,&#32;&amp;<link linkend="_class_main_window_1a9698794daa03f8301231e68af4fa7f87">MainWindow::on_viewDetailsButton_clicked</link>);
<anchor xml:id="_mainwindow_8cpp_source_1l00036"/>00036 &#32;&#32;&#32;&#32;connect(<link linkend="_class_main_window_1a35466a70ed47252a0191168126a352a5">ui</link>-&gt;searchInput,&#32;&amp;QLineEdit::textChanged,&#32;<emphasis role="keyword">this</emphasis>,&#32;&amp;<link linkend="_class_main_window_1ab614c1dedc695f5096cc0ccf750490ab">MainWindow::filterVaultList</link>);
<anchor xml:id="_mainwindow_8cpp_source_1l00037"/>00037 &#32;&#32;&#32;&#32;connect(<link linkend="_class_main_window_1a35466a70ed47252a0191168126a352a5">ui</link>-&gt;deleteButton,&#32;&amp;QPushButton::clicked,&#32;<emphasis role="keyword">this</emphasis>,&#32;&amp;<link linkend="_class_main_window_1ac70a65e0bdf1b517e947b0bd0161987e">MainWindow::on_deleteButton_clicked</link>);
<anchor xml:id="_mainwindow_8cpp_source_1l00038"/>00038 &#32;&#32;&#32;&#32;<link linkend="_class_main_window_1ab9c6492b81f3117ca8fed55c7b97da44">m_statusLabel</link>&#32;=&#32;<emphasis role="keyword">new</emphasis>&#32;QLabel(<emphasis role="keyword">this</emphasis>);
<anchor xml:id="_mainwindow_8cpp_source_1l00039"/>00039 &#32;&#32;&#32;&#32;statusBar()-&gt;addWidget(<link linkend="_class_main_window_1ab9c6492b81f3117ca8fed55c7b97da44">m_statusLabel</link>);
<anchor xml:id="_mainwindow_8cpp_source_1l00040"/>00040 &#32;&#32;&#32;&#32;<link linkend="_class_main_window_1ab9c6492b81f3117ca8fed55c7b97da44">m_statusLabel</link>-&gt;setText(<emphasis role="stringliteral">&quot;Готовий.&#32;Налаштуйте&#32;генерацію.&quot;</emphasis>);
<anchor xml:id="_mainwindow_8cpp_source_1l00041"/>00041 }
<anchor xml:id="_mainwindow_8cpp_source_1l00042"/>00042 
<anchor xml:id="_mainwindow_8cpp_source_1l00043"/><link linkend="_class_main_window_1ae98d00a93bc118200eeef9f9bba1dba7">00043</link> <link linkend="_class_main_window_1ae98d00a93bc118200eeef9f9bba1dba7">MainWindow::~MainWindow</link>()
<anchor xml:id="_mainwindow_8cpp_source_1l00044"/>00044 {
<anchor xml:id="_mainwindow_8cpp_source_1l00045"/>00045 &#32;&#32;&#32;&#32;<emphasis role="keyword">delete</emphasis>&#32;<link linkend="_class_main_window_1a35466a70ed47252a0191168126a352a5">ui</link>;
<anchor xml:id="_mainwindow_8cpp_source_1l00046"/>00046 &#32;&#32;&#32;&#32;<emphasis role="keyword">delete</emphasis>&#32;<link linkend="_class_main_window_1ab33e4b5da36ef26bb063b3b4803ee98f">vaultManager</link>;
<anchor xml:id="_mainwindow_8cpp_source_1l00047"/>00047 }
<anchor xml:id="_mainwindow_8cpp_source_1l00048"/>00048 
<anchor xml:id="_mainwindow_8cpp_source_1l00049"/><link linkend="_class_main_window_1a2da49242a5efb9ed05e41b82ae19b6fa">00049</link> <emphasis role="keywordtype">void</emphasis>&#32;<link linkend="_class_main_window_1a2da49242a5efb9ed05e41b82ae19b6fa">MainWindow::promptForMasterKey</link>(<emphasis role="keywordtype">bool</emphasis>&#32;initialSetup)&#32;{
<anchor xml:id="_mainwindow_8cpp_source_1l00050"/>00050 &#32;&#32;&#32;&#32;<emphasis role="keywordflow">if</emphasis>&#32;(<link linkend="_class_main_window_1a6479c76503b3e3f57a592d48c244214e">masterKey</link>.isEmpty()&#32;&amp;&amp;&#32;initialSetup&#32;||&#32;!initialSetup)&#32;{
<anchor xml:id="_mainwindow_8cpp_source_1l00051"/>00051 &#32;&#32;&#32;&#32;&#32;&#32;&#32;&#32;QString&#32;title&#32;=&#32;initialSetup&#32;?&#32;<emphasis role="stringliteral">&quot;Налаштування&#32;/&#32;Розблокування&quot;</emphasis>&#32;:&#32;<emphasis role="stringliteral">&quot;Розблокування&#32;Сховища&quot;</emphasis>;
<anchor xml:id="_mainwindow_8cpp_source_1l00052"/>00052 &#32;&#32;&#32;&#32;&#32;&#32;&#32;&#32;<emphasis role="keywordtype">bool</emphasis>&#32;ok;
<anchor xml:id="_mainwindow_8cpp_source_1l00053"/>00053 &#32;&#32;&#32;&#32;&#32;&#32;&#32;&#32;QString&#32;text&#32;=&#32;QInputDialog::getText(<emphasis role="keyword">this</emphasis>,&#32;title,
<anchor xml:id="_mainwindow_8cpp_source_1l00054"/>00054 &#32;&#32;&#32;&#32;&#32;&#32;&#32;&#32;&#32;&#32;&#32;&#32;&#32;&#32;&#32;&#32;&#32;&#32;&#32;&#32;&#32;&#32;&#32;&#32;&#32;&#32;&#32;&#32;&#32;&#32;&#32;&#32;&#32;&#32;&#32;&#32;&#32;&#32;&#32;&#32;&#32;&#32;&#32;&#32;&#32;<emphasis role="stringliteral">&quot;Введіть&#32;або&#32;створіть&#32;Майстер-код:&quot;</emphasis>,
<anchor xml:id="_mainwindow_8cpp_source_1l00055"/>00055 &#32;&#32;&#32;&#32;&#32;&#32;&#32;&#32;&#32;&#32;&#32;&#32;&#32;&#32;&#32;&#32;&#32;&#32;&#32;&#32;&#32;&#32;&#32;&#32;&#32;&#32;&#32;&#32;&#32;&#32;&#32;&#32;&#32;&#32;&#32;&#32;&#32;&#32;&#32;&#32;&#32;&#32;&#32;&#32;&#32;QLineEdit::Password,&#32;<emphasis role="stringliteral">&quot;&quot;</emphasis>,&#32;&amp;ok);
<anchor xml:id="_mainwindow_8cpp_source_1l00056"/>00056 
<anchor xml:id="_mainwindow_8cpp_source_1l00057"/>00057 &#32;&#32;&#32;&#32;&#32;&#32;&#32;&#32;<emphasis role="keywordflow">if</emphasis>&#32;(ok&#32;&amp;&amp;&#32;!text.isEmpty())&#32;{
<anchor xml:id="_mainwindow_8cpp_source_1l00058"/>00058 &#32;&#32;&#32;&#32;&#32;&#32;&#32;&#32;&#32;&#32;&#32;&#32;<emphasis role="keywordflow">if</emphasis>&#32;(<link linkend="_class_main_window_1ab33e4b5da36ef26bb063b3b4803ee98f">vaultManager</link>-&gt;loadDatabase(text))&#32;{
<anchor xml:id="_mainwindow_8cpp_source_1l00059"/>00059 &#32;&#32;&#32;&#32;&#32;&#32;&#32;&#32;&#32;&#32;&#32;&#32;&#32;&#32;&#32;&#32;<link linkend="_class_main_window_1a6479c76503b3e3f57a592d48c244214e">masterKey</link>&#32;=&#32;text;
<anchor xml:id="_mainwindow_8cpp_source_1l00060"/>00060 &#32;&#32;&#32;&#32;&#32;&#32;&#32;&#32;&#32;&#32;&#32;&#32;&#32;&#32;&#32;&#32;<emphasis role="keywordflow">if</emphasis>(initialSetup)&#32;{
<anchor xml:id="_mainwindow_8cpp_source_1l00061"/>00061 &#32;&#32;&#32;&#32;&#32;&#32;&#32;&#32;&#32;&#32;&#32;&#32;&#32;&#32;&#32;&#32;&#32;&#32;&#32;&#32;QMessageBox::information(<emphasis role="keyword">this</emphasis>,&#32;<emphasis role="stringliteral">&quot;Успіх&quot;</emphasis>,&#32;<emphasis role="stringliteral">&quot;Сховище&#32;розблоковано.&#32;База&#32;прив&apos;язана&#32;до&#32;цієї&#32;системи.&quot;</emphasis>);
<anchor xml:id="_mainwindow_8cpp_source_1l00062"/>00062 &#32;&#32;&#32;&#32;&#32;&#32;&#32;&#32;&#32;&#32;&#32;&#32;&#32;&#32;&#32;&#32;}
<anchor xml:id="_mainwindow_8cpp_source_1l00063"/>00063 &#32;&#32;&#32;&#32;&#32;&#32;&#32;&#32;&#32;&#32;&#32;&#32;&#32;&#32;&#32;&#32;<link linkend="_class_main_window_1a7ecbc717f7f59b53ea5b8c56d3e7558c">updateVaultList</link>();
<anchor xml:id="_mainwindow_8cpp_source_1l00064"/>00064 &#32;&#32;&#32;&#32;&#32;&#32;&#32;&#32;&#32;&#32;&#32;&#32;}&#32;<emphasis role="keywordflow">else</emphasis>&#32;{
<anchor xml:id="_mainwindow_8cpp_source_1l00065"/>00065 &#32;&#32;&#32;&#32;&#32;&#32;&#32;&#32;&#32;&#32;&#32;&#32;&#32;&#32;&#32;&#32;QMessageBox::critical(<emphasis role="keyword">this</emphasis>,&#32;<emphasis role="stringliteral">&quot;Помилка&quot;</emphasis>,&#32;<emphasis role="stringliteral">&quot;Невірний&#32;код,&#32;порушення&#32;цілісності&#32;або&#32;прив&apos;язка&#32;до&#32;іншої&#32;системи.&quot;</emphasis>);
<anchor xml:id="_mainwindow_8cpp_source_1l00066"/>00066 &#32;&#32;&#32;&#32;&#32;&#32;&#32;&#32;&#32;&#32;&#32;&#32;&#32;&#32;&#32;&#32;<link linkend="_class_main_window_1a6479c76503b3e3f57a592d48c244214e">masterKey</link>.clear();
<anchor xml:id="_mainwindow_8cpp_source_1l00067"/>00067 &#32;&#32;&#32;&#32;&#32;&#32;&#32;&#32;&#32;&#32;&#32;&#32;}
<anchor xml:id="_mainwindow_8cpp_source_1l00068"/>00068 &#32;&#32;&#32;&#32;&#32;&#32;&#32;&#32;}
<anchor xml:id="_mainwindow_8cpp_source_1l00069"/>00069 &#32;&#32;&#32;&#32;}
<anchor xml:id="_mainwindow_8cpp_source_1l00070"/>00070 }
<anchor xml:id="_mainwindow_8cpp_source_1l00071"/>00071 
<anchor xml:id="_mainwindow_8cpp_source_1l00072"/>00072 
<anchor xml:id="_mainwindow_8cpp_source_1l00073"/><link linkend="_class_main_window_1a7ecbc717f7f59b53ea5b8c56d3e7558c">00073</link> <emphasis role="keywordtype">void</emphasis>&#32;<link linkend="_class_main_window_1a7ecbc717f7f59b53ea5b8c56d3e7558c">MainWindow::updateVaultList</link>()&#32;{
<anchor xml:id="_mainwindow_8cpp_source_1l00074"/>00074 &#32;&#32;&#32;&#32;<link linkend="_class_main_window_1a35466a70ed47252a0191168126a352a5">ui</link>-&gt;vaultList-&gt;clear();
<anchor xml:id="_mainwindow_8cpp_source_1l00075"/>00075 &#32;&#32;&#32;&#32;QVariantList&#32;entries&#32;=&#32;<link linkend="_class_main_window_1ab33e4b5da36ef26bb063b3b4803ee98f">vaultManager</link>-&gt;vaultEntries();
<anchor xml:id="_mainwindow_8cpp_source_1l00076"/>00076 &#32;&#32;&#32;&#32;<emphasis role="keywordflow">for</emphasis>&#32;(<emphasis role="keyword">const</emphasis>&#32;QVariant&#32;&amp;entry&#32;:&#32;entries)&#32;{
<anchor xml:id="_mainwindow_8cpp_source_1l00077"/>00077 &#32;&#32;&#32;&#32;&#32;&#32;&#32;&#32;<link linkend="_class_main_window_1a35466a70ed47252a0191168126a352a5">ui</link>-&gt;vaultList-&gt;addItem(entry.toMap()[<emphasis role="stringliteral">&quot;site&quot;</emphasis>].toString());
<anchor xml:id="_mainwindow_8cpp_source_1l00078"/>00078 &#32;&#32;&#32;&#32;}
<anchor xml:id="_mainwindow_8cpp_source_1l00079"/>00079 }
<anchor xml:id="_mainwindow_8cpp_source_1l00080"/>00080 
<anchor xml:id="_mainwindow_8cpp_source_1l00081"/><link linkend="_class_main_window_1ab614c1dedc695f5096cc0ccf750490ab">00081</link> <emphasis role="keywordtype">void</emphasis>&#32;<link linkend="_class_main_window_1ab614c1dedc695f5096cc0ccf750490ab">MainWindow::filterVaultList</link>(<emphasis role="keyword">const</emphasis>&#32;QString&#32;&amp;searchText)&#32;{
<anchor xml:id="_mainwindow_8cpp_source_1l00082"/>00082 &#32;&#32;&#32;&#32;<emphasis role="keywordflow">for</emphasis>&#32;(<emphasis role="keywordtype">int</emphasis>&#32;i&#32;=&#32;0;&#32;i&#32;&lt;&#32;<link linkend="_class_main_window_1a35466a70ed47252a0191168126a352a5">ui</link>-&gt;vaultList-&gt;count();&#32;++i)&#32;{
<anchor xml:id="_mainwindow_8cpp_source_1l00083"/>00083 &#32;&#32;&#32;&#32;&#32;&#32;&#32;&#32;QListWidgetItem&#32;*item&#32;=&#32;<link linkend="_class_main_window_1a35466a70ed47252a0191168126a352a5">ui</link>-&gt;vaultList-&gt;item(i);
<anchor xml:id="_mainwindow_8cpp_source_1l00084"/>00084 &#32;&#32;&#32;&#32;&#32;&#32;&#32;&#32;<emphasis role="keywordtype">bool</emphasis>&#32;match&#32;=&#32;item-&gt;text().contains(searchText,&#32;Qt::CaseInsensitive);
<anchor xml:id="_mainwindow_8cpp_source_1l00085"/>00085 &#32;&#32;&#32;&#32;&#32;&#32;&#32;&#32;item-&gt;setHidden(!match);
<anchor xml:id="_mainwindow_8cpp_source_1l00086"/>00086 &#32;&#32;&#32;&#32;}
<anchor xml:id="_mainwindow_8cpp_source_1l00087"/>00087 }
<anchor xml:id="_mainwindow_8cpp_source_1l00088"/>00088 
<anchor xml:id="_mainwindow_8cpp_source_1l00089"/><link linkend="_class_main_window_1a3f66e05fdfb23da1881bcd366ea709e3">00089</link> <emphasis role="keywordtype">void</emphasis>&#32;<link linkend="_class_main_window_1a3f66e05fdfb23da1881bcd366ea709e3">MainWindow::clearClipboard</link>()&#32;{
<anchor xml:id="_mainwindow_8cpp_source_1l00090"/>00090 &#32;&#32;&#32;&#32;QApplication::clipboard()-&gt;clear();
<anchor xml:id="_mainwindow_8cpp_source_1l00091"/>00091 &#32;&#32;&#32;&#32;<link linkend="_class_main_window_1ab9c6492b81f3117ca8fed55c7b97da44">m_statusLabel</link>-&gt;setText(<emphasis role="stringliteral">&quot;Буфер&#32;обміну&#32;очищено&#32;заради&#32;безпеки.&quot;</emphasis>);
<anchor xml:id="_mainwindow_8cpp_source_1l00092"/>00092 }
<anchor xml:id="_mainwindow_8cpp_source_1l00093"/>00093 
<anchor xml:id="_mainwindow_8cpp_source_1l00094"/><link linkend="_class_main_window_1a6f07e911e9368f6643afa0aed2272353">00094</link> <emphasis role="keywordtype">void</emphasis>&#32;<link linkend="_class_main_window_1a6f07e911e9368f6643afa0aed2272353">MainWindow::on_generateButton_clicked</link>()&#32;{
<anchor xml:id="_mainwindow_8cpp_source_1l00095"/>00095 &#32;&#32;&#32;&#32;QString&#32;pwd&#32;=&#32;<link linkend="_class_main_window_1ab33e4b5da36ef26bb063b3b4803ee98f">vaultManager</link>-&gt;generateSecureString(
<anchor xml:id="_mainwindow_8cpp_source_1l00096"/>00096 &#32;&#32;&#32;&#32;&#32;&#32;&#32;&#32;<link linkend="_class_main_window_1a35466a70ed47252a0191168126a352a5">ui</link>-&gt;lengthSpin-&gt;value(),&#32;<link linkend="_class_main_window_1a35466a70ed47252a0191168126a352a5">ui</link>-&gt;cbUpper-&gt;isChecked(),&#32;<link linkend="_class_main_window_1a35466a70ed47252a0191168126a352a5">ui</link>-&gt;cbLower-&gt;isChecked(),
<anchor xml:id="_mainwindow_8cpp_source_1l00097"/>00097 &#32;&#32;&#32;&#32;&#32;&#32;&#32;&#32;<link linkend="_class_main_window_1a35466a70ed47252a0191168126a352a5">ui</link>-&gt;cbDigits-&gt;isChecked(),&#32;<link linkend="_class_main_window_1a35466a70ed47252a0191168126a352a5">ui</link>-&gt;cbSymbols-&gt;isChecked()
<anchor xml:id="_mainwindow_8cpp_source_1l00098"/>00098 &#32;&#32;&#32;&#32;&#32;&#32;&#32;&#32;);
<anchor xml:id="_mainwindow_8cpp_source_1l00099"/>00099 &#32;&#32;&#32;&#32;<link linkend="_class_main_window_1a35466a70ed47252a0191168126a352a5">ui</link>-&gt;passwordOutput-&gt;setText(pwd);
<anchor xml:id="_mainwindow_8cpp_source_1l00100"/>00100 
<anchor xml:id="_mainwindow_8cpp_source_1l00101"/>00101 &#32;&#32;&#32;&#32;<emphasis role="keywordtype">int</emphasis>&#32;strength&#32;=&#32;<link linkend="_class_main_window_1ab33e4b5da36ef26bb063b3b4803ee98f">vaultManager</link>-&gt;calculatePasswordStrength(pwd);
<anchor xml:id="_mainwindow_8cpp_source_1l00102"/>00102 &#32;&#32;&#32;&#32;QString&#32;statusColor&#32;=&#32;(strength&#32;&gt;&#32;75)&#32;?&#32;<emphasis role="stringliteral">&quot;green&quot;</emphasis>&#32;:&#32;(strength&#32;&gt;&#32;40)&#32;?&#32;<emphasis role="stringliteral">&quot;orange&quot;</emphasis>&#32;:&#32;<emphasis role="stringliteral">&quot;red&quot;</emphasis>;
<anchor xml:id="_mainwindow_8cpp_source_1l00103"/>00103 &#32;&#32;&#32;&#32;QString&#32;statusIcon&#32;=&#32;(statusColor&#32;==&#32;<emphasis role="stringliteral">&quot;green&quot;</emphasis>)&#32;?&#32;<emphasis role="stringliteral">&quot;✅&quot;</emphasis>&#32;:&#32;(statusColor&#32;==&#32;<emphasis role="stringliteral">&quot;orange&quot;</emphasis>)&#32;?&#32;<emphasis role="stringliteral">&quot;⚠️&quot;</emphasis>&#32;:&#32;<emphasis role="stringliteral">&quot;❌&quot;</emphasis>;
<anchor xml:id="_mainwindow_8cpp_source_1l00104"/>00104 
<anchor xml:id="_mainwindow_8cpp_source_1l00105"/>00105 &#32;&#32;&#32;&#32;QString&#32;htmlMessage&#32;=&#32;QString(
<anchor xml:id="_mainwindow_8cpp_source_1l00106"/>00106 &#32;&#32;&#32;&#32;&#32;&#32;&#32;&#32;&#32;&#32;&#32;&#32;&#32;&#32;&#32;&#32;&#32;&#32;&#32;&#32;&#32;&#32;&#32;&#32;&#32;&#32;&#32;&#32;&#32;&#32;<emphasis role="stringliteral">&quot;&lt;span&#32;style=&apos;color:&#32;%1;&#32;font-weight:&#32;bold;&apos;&gt;%2&#32;Стійкість&#32;Паролю:&#32;&lt;/span&gt;&quot;</emphasis>
<anchor xml:id="_mainwindow_8cpp_source_1l00107"/>00107 &#32;&#32;&#32;&#32;&#32;&#32;&#32;&#32;&#32;&#32;&#32;&#32;&#32;&#32;&#32;&#32;&#32;&#32;&#32;&#32;&#32;&#32;&#32;&#32;&#32;&#32;&#32;&#32;&#32;&#32;<emphasis role="stringliteral">&quot;&lt;span&#32;style=&apos;color:&#32;#DDDDDD;&apos;&gt;%3/100&lt;/span&gt;&quot;</emphasis>)
<anchor xml:id="_mainwindow_8cpp_source_1l00108"/>00108 &#32;&#32;&#32;&#32;&#32;&#32;&#32;&#32;&#32;&#32;&#32;&#32;&#32;&#32;&#32;&#32;&#32;&#32;&#32;&#32;&#32;&#32;&#32;&#32;&#32;&#32;&#32;&#32;&#32;&#32;.arg(statusColor)
<anchor xml:id="_mainwindow_8cpp_source_1l00109"/>00109 &#32;&#32;&#32;&#32;&#32;&#32;&#32;&#32;&#32;&#32;&#32;&#32;&#32;&#32;&#32;&#32;&#32;&#32;&#32;&#32;&#32;&#32;&#32;&#32;&#32;&#32;&#32;&#32;&#32;&#32;.arg(statusIcon)
<anchor xml:id="_mainwindow_8cpp_source_1l00110"/>00110 &#32;&#32;&#32;&#32;&#32;&#32;&#32;&#32;&#32;&#32;&#32;&#32;&#32;&#32;&#32;&#32;&#32;&#32;&#32;&#32;&#32;&#32;&#32;&#32;&#32;&#32;&#32;&#32;&#32;&#32;.arg(strength);
<anchor xml:id="_mainwindow_8cpp_source_1l00111"/>00111 
<anchor xml:id="_mainwindow_8cpp_source_1l00112"/>00112 &#32;&#32;&#32;&#32;<link linkend="_class_main_window_1ab9c6492b81f3117ca8fed55c7b97da44">m_statusLabel</link>-&gt;setText(htmlMessage);
<anchor xml:id="_mainwindow_8cpp_source_1l00113"/>00113 }
<anchor xml:id="_mainwindow_8cpp_source_1l00114"/>00114 
<anchor xml:id="_mainwindow_8cpp_source_1l00115"/><link linkend="_class_main_window_1a85ea79556ca7515950d5c7931ce9e6c8">00115</link> <emphasis role="keywordtype">void</emphasis>&#32;<link linkend="_class_main_window_1a85ea79556ca7515950d5c7931ce9e6c8">MainWindow::on_generateNickButton_clicked</link>()&#32;{
<anchor xml:id="_mainwindow_8cpp_source_1l00116"/>00116 &#32;&#32;&#32;&#32;<emphasis role="keywordtype">bool</emphasis>&#32;useMushup&#32;=&#32;<link linkend="_class_main_window_1a35466a70ed47252a0191168126a352a5">ui</link>-&gt;cb_useMushup-&gt;isChecked();
<anchor xml:id="_mainwindow_8cpp_source_1l00117"/>00117 &#32;&#32;&#32;&#32;<emphasis role="keywordtype">bool</emphasis>&#32;useInjection&#32;=&#32;<link linkend="_class_main_window_1a35466a70ed47252a0191168126a352a5">ui</link>-&gt;cb_useInjection-&gt;isChecked();
<anchor xml:id="_mainwindow_8cpp_source_1l00118"/>00118 
<anchor xml:id="_mainwindow_8cpp_source_1l00119"/>00119 &#32;&#32;&#32;&#32;<emphasis role="keywordflow">if</emphasis>&#32;(!useMushup&#32;&amp;&amp;&#32;!useInjection)&#32;{
<anchor xml:id="_mainwindow_8cpp_source_1l00120"/>00120 &#32;&#32;&#32;&#32;&#32;&#32;&#32;&#32;<link linkend="_class_main_window_1ab9c6492b81f3117ca8fed55c7b97da44">m_statusLabel</link>-&gt;setText(<emphasis role="stringliteral">&quot;Будь&#32;ласка,&#32;оберіть&#32;хоча&#32;б&#32;одну&#32;стратегію&#32;(Mushup&#32;або&#32;Injection).&quot;</emphasis>);
<anchor xml:id="_mainwindow_8cpp_source_1l00121"/>00121 &#32;&#32;&#32;&#32;&#32;&#32;&#32;&#32;<emphasis role="keywordflow">return</emphasis>;
<anchor xml:id="_mainwindow_8cpp_source_1l00122"/>00122 &#32;&#32;&#32;&#32;}
<anchor xml:id="_mainwindow_8cpp_source_1l00123"/>00123 
<anchor xml:id="_mainwindow_8cpp_source_1l00124"/>00124 &#32;&#32;&#32;&#32;QString&#32;nick&#32;=&#32;<link linkend="_class_main_window_1ab33e4b5da36ef26bb063b3b4803ee98f">vaultManager</link>-&gt;generateNickname(30,&#32;useMushup,&#32;useInjection);
<anchor xml:id="_mainwindow_8cpp_source_1l00125"/>00125 
<anchor xml:id="_mainwindow_8cpp_source_1l00126"/>00126 &#32;&#32;&#32;&#32;<link linkend="_class_main_window_1a35466a70ed47252a0191168126a352a5">ui</link>-&gt;loginInput-&gt;setText(nick);
<anchor xml:id="_mainwindow_8cpp_source_1l00127"/>00127 
<anchor xml:id="_mainwindow_8cpp_source_1l00128"/>00128 &#32;&#32;&#32;&#32;QString&#32;statusMsg&#32;=&#32;<emphasis role="stringliteral">&quot;Нік&#32;згенеровано.&#32;Cтратегії:&#32;&quot;</emphasis>;
<anchor xml:id="_mainwindow_8cpp_source_1l00129"/>00129 &#32;&#32;&#32;&#32;<emphasis role="keywordflow">if</emphasis>&#32;(useMushup)&#32;statusMsg&#32;+=&#32;<emphasis role="stringliteral">&quot;Mushup&#32;(Комбінація&#32;слів)&quot;</emphasis>;
<anchor xml:id="_mainwindow_8cpp_source_1l00130"/>00130 &#32;&#32;&#32;&#32;<emphasis role="keywordflow">if</emphasis>&#32;(useMushup&#32;&amp;&amp;&#32;useInjection)&#32;statusMsg&#32;+=&#32;<emphasis role="stringliteral">&quot;&#32;та&#32;&quot;</emphasis>;
<anchor xml:id="_mainwindow_8cpp_source_1l00131"/>00131 &#32;&#32;&#32;&#32;<emphasis role="keywordflow">if</emphasis>&#32;(useInjection)&#32;statusMsg&#32;+=&#32;<emphasis role="stringliteral">&quot;Injection&#32;(Символи&#32;та&#32;числа)&quot;</emphasis>;
<anchor xml:id="_mainwindow_8cpp_source_1l00132"/>00132 
<anchor xml:id="_mainwindow_8cpp_source_1l00133"/>00133 &#32;&#32;&#32;&#32;<link linkend="_class_main_window_1ab9c6492b81f3117ca8fed55c7b97da44">m_statusLabel</link>-&gt;setText(statusMsg);
<anchor xml:id="_mainwindow_8cpp_source_1l00134"/>00134 }
<anchor xml:id="_mainwindow_8cpp_source_1l00135"/>00135 
<anchor xml:id="_mainwindow_8cpp_source_1l00136"/><link linkend="_class_main_window_1a52e6d2463f17c5cd056817c6f47285dd">00136</link> <emphasis role="keywordtype">void</emphasis>&#32;<link linkend="_class_main_window_1a52e6d2463f17c5cd056817c6f47285dd">MainWindow::on_saveButton_clicked</link>()&#32;{
<anchor xml:id="_mainwindow_8cpp_source_1l00137"/>00137 &#32;&#32;&#32;&#32;<emphasis role="keywordflow">if</emphasis>&#32;(<link linkend="_class_main_window_1a6479c76503b3e3f57a592d48c244214e">masterKey</link>.isEmpty())&#32;<link linkend="_class_main_window_1a2da49242a5efb9ed05e41b82ae19b6fa">promptForMasterKey</link>(<emphasis role="keyword">false</emphasis>);
<anchor xml:id="_mainwindow_8cpp_source_1l00138"/>00138 &#32;&#32;&#32;&#32;<emphasis role="keywordflow">if</emphasis>&#32;(<link linkend="_class_main_window_1a6479c76503b3e3f57a592d48c244214e">masterKey</link>.isEmpty())&#32;<emphasis role="keywordflow">return</emphasis>;
<anchor xml:id="_mainwindow_8cpp_source_1l00139"/>00139 
<anchor xml:id="_mainwindow_8cpp_source_1l00140"/>00140 &#32;&#32;&#32;&#32;QString&#32;res&#32;=&#32;<link linkend="_class_main_window_1ab33e4b5da36ef26bb063b3b4803ee98f">vaultManager</link>-&gt;saveEntry(<link linkend="_class_main_window_1a35466a70ed47252a0191168126a352a5">ui</link>-&gt;siteInput-&gt;text(),&#32;<link linkend="_class_main_window_1a35466a70ed47252a0191168126a352a5">ui</link>-&gt;loginInput-&gt;text(),&#32;<link linkend="_class_main_window_1a35466a70ed47252a0191168126a352a5">ui</link>-&gt;passwordOutput-&gt;text(),&#32;<link linkend="_class_main_window_1a6479c76503b3e3f57a592d48c244214e">masterKey</link>);
<anchor xml:id="_mainwindow_8cpp_source_1l00141"/>00141 &#32;&#32;&#32;&#32;QMessageBox::information(<emphasis role="keyword">this</emphasis>,&#32;<emphasis role="stringliteral">&quot;Збереження&quot;</emphasis>,&#32;res);
<anchor xml:id="_mainwindow_8cpp_source_1l00142"/>00142 &#32;&#32;&#32;&#32;<link linkend="_class_main_window_1a7ecbc717f7f59b53ea5b8c56d3e7558c">updateVaultList</link>();
<anchor xml:id="_mainwindow_8cpp_source_1l00143"/>00143 
<anchor xml:id="_mainwindow_8cpp_source_1l00144"/>00144 &#32;&#32;&#32;&#32;<link linkend="_class_main_window_1a35466a70ed47252a0191168126a352a5">ui</link>-&gt;siteInput-&gt;clear();
<anchor xml:id="_mainwindow_8cpp_source_1l00145"/>00145 &#32;&#32;&#32;&#32;<link linkend="_class_main_window_1a35466a70ed47252a0191168126a352a5">ui</link>-&gt;loginInput-&gt;clear();
<anchor xml:id="_mainwindow_8cpp_source_1l00146"/>00146 &#32;&#32;&#32;&#32;<link linkend="_class_main_window_1a35466a70ed47252a0191168126a352a5">ui</link>-&gt;passwordOutput-&gt;clear();
<anchor xml:id="_mainwindow_8cpp_source_1l00147"/>00147 }
<anchor xml:id="_mainwindow_8cpp_source_1l00148"/>00148 
<anchor xml:id="_mainwindow_8cpp_source_1l00149"/><link linkend="_class_main_window_1aeff69bfa20bbae0478792db65fd08837">00149</link> <emphasis role="keywordtype">void</emphasis>&#32;<link linkend="_class_main_window_1aeff69bfa20bbae0478792db65fd08837">MainWindow::showPasswordDetails</link>(<emphasis role="keywordtype">int</emphasis>&#32;index)&#32;{
<anchor xml:id="_mainwindow_8cpp_source_1l00150"/>00150 &#32;&#32;&#32;&#32;QVariantMap&#32;entry&#32;=&#32;<link linkend="_class_main_window_1ab33e4b5da36ef26bb063b3b4803ee98f">vaultManager</link>-&gt;getEntryDetails(index);
<anchor xml:id="_mainwindow_8cpp_source_1l00151"/>00151 
<anchor xml:id="_mainwindow_8cpp_source_1l00152"/>00152 &#32;&#32;&#32;&#32;QMessageBox&#32;msgBox;
<anchor xml:id="_mainwindow_8cpp_source_1l00153"/>00153 &#32;&#32;&#32;&#32;msgBox.setWindowTitle(<emphasis role="stringliteral">&quot;Деталі&#32;запису&quot;</emphasis>);
<anchor xml:id="_mainwindow_8cpp_source_1l00154"/>00154 
<anchor xml:id="_mainwindow_8cpp_source_1l00155"/>00155 &#32;&#32;&#32;&#32;QString&#32;detailsText&#32;=&#32;QString(<emphasis role="stringliteral">&quot;Сайт:&#32;%1\nЛогін:&#32;%2\nПароль:&#32;%3\nСтійкість:&#32;%4/100\nДата:&#32;%5&quot;</emphasis>)
<anchor xml:id="_mainwindow_8cpp_source_1l00156"/>00156 &#32;&#32;&#32;&#32;&#32;&#32;&#32;&#32;&#32;&#32;&#32;&#32;&#32;&#32;&#32;&#32;&#32;&#32;&#32;&#32;&#32;&#32;&#32;&#32;&#32;&#32;&#32;&#32;&#32;&#32;.arg(entry[<emphasis role="stringliteral">&quot;site&quot;</emphasis>].toString())
<anchor xml:id="_mainwindow_8cpp_source_1l00157"/>00157 &#32;&#32;&#32;&#32;&#32;&#32;&#32;&#32;&#32;&#32;&#32;&#32;&#32;&#32;&#32;&#32;&#32;&#32;&#32;&#32;&#32;&#32;&#32;&#32;&#32;&#32;&#32;&#32;&#32;&#32;.arg(entry[<emphasis role="stringliteral">&quot;login&quot;</emphasis>].toString())
<anchor xml:id="_mainwindow_8cpp_source_1l00158"/>00158 &#32;&#32;&#32;&#32;&#32;&#32;&#32;&#32;&#32;&#32;&#32;&#32;&#32;&#32;&#32;&#32;&#32;&#32;&#32;&#32;&#32;&#32;&#32;&#32;&#32;&#32;&#32;&#32;&#32;&#32;.arg(entry[<emphasis role="stringliteral">&quot;password&quot;</emphasis>].toString())
<anchor xml:id="_mainwindow_8cpp_source_1l00159"/>00159 &#32;&#32;&#32;&#32;&#32;&#32;&#32;&#32;&#32;&#32;&#32;&#32;&#32;&#32;&#32;&#32;&#32;&#32;&#32;&#32;&#32;&#32;&#32;&#32;&#32;&#32;&#32;&#32;&#32;&#32;.arg(entry[<emphasis role="stringliteral">&quot;strength&quot;</emphasis>].toInt())
<anchor xml:id="_mainwindow_8cpp_source_1l00160"/>00160 &#32;&#32;&#32;&#32;&#32;&#32;&#32;&#32;&#32;&#32;&#32;&#32;&#32;&#32;&#32;&#32;&#32;&#32;&#32;&#32;&#32;&#32;&#32;&#32;&#32;&#32;&#32;&#32;&#32;&#32;.arg(entry[<emphasis role="stringliteral">&quot;date&quot;</emphasis>].toString());
<anchor xml:id="_mainwindow_8cpp_source_1l00161"/>00161 
<anchor xml:id="_mainwindow_8cpp_source_1l00162"/>00162 &#32;&#32;&#32;&#32;msgBox.setText(detailsText);
<anchor xml:id="_mainwindow_8cpp_source_1l00163"/>00163 
<anchor xml:id="_mainwindow_8cpp_source_1l00164"/>00164 &#32;&#32;&#32;&#32;QPushButton&#32;*copyBtn&#32;=&#32;msgBox.addButton(<emphasis role="stringliteral">&quot;Копіювати&#32;Пароль&quot;</emphasis>,&#32;QMessageBox::ActionRole);
<anchor xml:id="_mainwindow_8cpp_source_1l00165"/>00165 &#32;&#32;&#32;&#32;QPushButton&#32;*updateBtn&#32;=&#32;msgBox.addButton(<emphasis role="stringliteral">&quot;Перегенерувати&quot;</emphasis>,&#32;QMessageBox::ActionRole);
<anchor xml:id="_mainwindow_8cpp_source_1l00166"/>00166 &#32;&#32;&#32;&#32;msgBox.addButton(QMessageBox::Close);
<anchor xml:id="_mainwindow_8cpp_source_1l00167"/>00167 
<anchor xml:id="_mainwindow_8cpp_source_1l00168"/>00168 &#32;&#32;&#32;&#32;msgBox.exec();
<anchor xml:id="_mainwindow_8cpp_source_1l00169"/>00169 
<anchor xml:id="_mainwindow_8cpp_source_1l00170"/>00170 &#32;&#32;&#32;&#32;<emphasis role="keywordflow">if</emphasis>&#32;(msgBox.clickedButton()&#32;==&#32;copyBtn)&#32;{
<anchor xml:id="_mainwindow_8cpp_source_1l00171"/>00171 &#32;&#32;&#32;&#32;&#32;&#32;&#32;&#32;QString&#32;pwd&#32;=&#32;<link linkend="_class_main_window_1ab33e4b5da36ef26bb063b3b4803ee98f">vaultManager</link>-&gt;getPassword(index,&#32;<link linkend="_class_main_window_1a6479c76503b3e3f57a592d48c244214e">masterKey</link>);
<anchor xml:id="_mainwindow_8cpp_source_1l00172"/>00172 &#32;&#32;&#32;&#32;&#32;&#32;&#32;&#32;QApplication::clipboard()-&gt;setText(pwd);
<anchor xml:id="_mainwindow_8cpp_source_1l00173"/>00173 &#32;&#32;&#32;&#32;&#32;&#32;&#32;&#32;QMessageBox::information(<emphasis role="keyword">this</emphasis>,&#32;<emphasis role="stringliteral">&quot;Буфер&quot;</emphasis>,&#32;<emphasis role="stringliteral">&quot;Пароль&#32;скопійовано!&#32;Буфер&#32;буде&#32;очищено&#32;через&#32;20&#32;с.&quot;</emphasis>);
<anchor xml:id="_mainwindow_8cpp_source_1l00174"/>00174 
<anchor xml:id="_mainwindow_8cpp_source_1l00175"/>00175 &#32;&#32;&#32;&#32;&#32;&#32;&#32;&#32;QTimer::singleShot(20000,&#32;<emphasis role="keyword">this</emphasis>,&#32;&amp;<link linkend="_class_main_window_1a3f66e05fdfb23da1881bcd366ea709e3">MainWindow::clearClipboard</link>);
<anchor xml:id="_mainwindow_8cpp_source_1l00176"/>00176 &#32;&#32;&#32;&#32;}
<anchor xml:id="_mainwindow_8cpp_source_1l00177"/>00177 &#32;&#32;&#32;&#32;<emphasis role="keywordflow">else</emphasis>&#32;<emphasis role="keywordflow">if</emphasis>&#32;(msgBox.clickedButton()&#32;==&#32;updateBtn)&#32;{
<anchor xml:id="_mainwindow_8cpp_source_1l00178"/>00178 &#32;&#32;&#32;&#32;&#32;&#32;&#32;&#32;QString&#32;newPwd&#32;=&#32;<link linkend="_class_main_window_1ab33e4b5da36ef26bb063b3b4803ee98f">vaultManager</link>-&gt;generateSecureString(<link linkend="_class_main_window_1a35466a70ed47252a0191168126a352a5">ui</link>-&gt;lengthSpin-&gt;value(),&#32;<emphasis role="keyword">true</emphasis>,&#32;<emphasis role="keyword">true</emphasis>,&#32;<emphasis role="keyword">true</emphasis>,&#32;<emphasis role="keyword">true</emphasis>);
<anchor xml:id="_mainwindow_8cpp_source_1l00179"/>00179 &#32;&#32;&#32;&#32;&#32;&#32;&#32;&#32;QString&#32;res&#32;=&#32;<link linkend="_class_main_window_1ab33e4b5da36ef26bb063b3b4803ee98f">vaultManager</link>-&gt;updateEntry(index,&#32;entry[<emphasis role="stringliteral">&quot;site&quot;</emphasis>].toString(),&#32;entry[<emphasis role="stringliteral">&quot;login&quot;</emphasis>].toString(),&#32;newPwd,&#32;<link linkend="_class_main_window_1a6479c76503b3e3f57a592d48c244214e">masterKey</link>);
<anchor xml:id="_mainwindow_8cpp_source_1l00180"/>00180 &#32;&#32;&#32;&#32;&#32;&#32;&#32;&#32;QMessageBox::information(<emphasis role="keyword">this</emphasis>,&#32;<emphasis role="stringliteral">&quot;Оновлення&quot;</emphasis>,&#32;<emphasis role="stringliteral">&quot;Новий&#32;пароль:&#32;&quot;</emphasis>&#32;+&#32;newPwd&#32;+&#32;<emphasis role="stringliteral">&quot;\n&quot;</emphasis>&#32;+&#32;res);
<anchor xml:id="_mainwindow_8cpp_source_1l00181"/>00181 &#32;&#32;&#32;&#32;&#32;&#32;&#32;&#32;<link linkend="_class_main_window_1a7ecbc717f7f59b53ea5b8c56d3e7558c">updateVaultList</link>();
<anchor xml:id="_mainwindow_8cpp_source_1l00182"/>00182 &#32;&#32;&#32;&#32;}
<anchor xml:id="_mainwindow_8cpp_source_1l00183"/>00183 }
<anchor xml:id="_mainwindow_8cpp_source_1l00184"/>00184 
<anchor xml:id="_mainwindow_8cpp_source_1l00185"/><link linkend="_class_main_window_1a9698794daa03f8301231e68af4fa7f87">00185</link> <emphasis role="keywordtype">void</emphasis>&#32;<link linkend="_class_main_window_1a9698794daa03f8301231e68af4fa7f87">MainWindow::on_viewDetailsButton_clicked</link>()&#32;{
<anchor xml:id="_mainwindow_8cpp_source_1l00186"/>00186 &#32;&#32;&#32;&#32;QListWidgetItem&#32;*item&#32;=&#32;<link linkend="_class_main_window_1a35466a70ed47252a0191168126a352a5">ui</link>-&gt;vaultList-&gt;currentItem();
<anchor xml:id="_mainwindow_8cpp_source_1l00187"/>00187 &#32;&#32;&#32;&#32;<emphasis role="keywordflow">if</emphasis>&#32;(!item)&#32;<emphasis role="keywordflow">return</emphasis>;
<anchor xml:id="_mainwindow_8cpp_source_1l00188"/>00188 
<anchor xml:id="_mainwindow_8cpp_source_1l00189"/>00189 &#32;&#32;&#32;&#32;<emphasis role="keywordtype">bool</emphasis>&#32;ok;
<anchor xml:id="_mainwindow_8cpp_source_1l00190"/>00190 &#32;&#32;&#32;&#32;QString&#32;currentKey&#32;=&#32;QInputDialog::getText(<emphasis role="keyword">this</emphasis>,&#32;<emphasis role="stringliteral">&quot;Повторна&#32;Автентифікація&quot;</emphasis>,
<anchor xml:id="_mainwindow_8cpp_source_1l00191"/>00191 &#32;&#32;&#32;&#32;&#32;&#32;&#32;&#32;&#32;&#32;&#32;&#32;&#32;&#32;&#32;&#32;&#32;&#32;&#32;&#32;&#32;&#32;&#32;&#32;&#32;&#32;&#32;&#32;&#32;&#32;&#32;&#32;&#32;&#32;&#32;&#32;&#32;&#32;&#32;&#32;&#32;&#32;&#32;&#32;&#32;&#32;&#32;<emphasis role="stringliteral">&quot;Введіть&#32;Майстер-код&#32;для&#32;перегляду:&quot;</emphasis>,
<anchor xml:id="_mainwindow_8cpp_source_1l00192"/>00192 &#32;&#32;&#32;&#32;&#32;&#32;&#32;&#32;&#32;&#32;&#32;&#32;&#32;&#32;&#32;&#32;&#32;&#32;&#32;&#32;&#32;&#32;&#32;&#32;&#32;&#32;&#32;&#32;&#32;&#32;&#32;&#32;&#32;&#32;&#32;&#32;&#32;&#32;&#32;&#32;&#32;&#32;&#32;&#32;&#32;&#32;&#32;QLineEdit::Password,&#32;<emphasis role="stringliteral">&quot;&quot;</emphasis>,&#32;&amp;ok);
<anchor xml:id="_mainwindow_8cpp_source_1l00193"/>00193 
<anchor xml:id="_mainwindow_8cpp_source_1l00194"/>00194 &#32;&#32;&#32;&#32;<emphasis role="keywordflow">if</emphasis>&#32;(!ok&#32;||&#32;currentKey.isEmpty()&#32;||&#32;currentKey&#32;!=&#32;<link linkend="_class_main_window_1a6479c76503b3e3f57a592d48c244214e">masterKey</link>)&#32;{
<anchor xml:id="_mainwindow_8cpp_source_1l00195"/>00195 &#32;&#32;&#32;&#32;&#32;&#32;&#32;&#32;QMessageBox::warning(<emphasis role="keyword">this</emphasis>,&#32;<emphasis role="stringliteral">&quot;Доступ&quot;</emphasis>,&#32;<emphasis role="stringliteral">&quot;Невірний&#32;Майстер-код.&quot;</emphasis>);
<anchor xml:id="_mainwindow_8cpp_source_1l00196"/>00196 &#32;&#32;&#32;&#32;&#32;&#32;&#32;&#32;<emphasis role="keywordflow">return</emphasis>;
<anchor xml:id="_mainwindow_8cpp_source_1l00197"/>00197 &#32;&#32;&#32;&#32;}
<anchor xml:id="_mainwindow_8cpp_source_1l00198"/>00198 
<anchor xml:id="_mainwindow_8cpp_source_1l00199"/>00199 &#32;&#32;&#32;&#32;<emphasis role="keywordtype">int</emphasis>&#32;idx&#32;=&#32;<link linkend="_class_main_window_1a35466a70ed47252a0191168126a352a5">ui</link>-&gt;vaultList-&gt;row(item);
<anchor xml:id="_mainwindow_8cpp_source_1l00200"/>00200 &#32;&#32;&#32;&#32;<link linkend="_class_main_window_1aeff69bfa20bbae0478792db65fd08837">showPasswordDetails</link>(idx);
<anchor xml:id="_mainwindow_8cpp_source_1l00201"/>00201 }
<anchor xml:id="_mainwindow_8cpp_source_1l00202"/>00202 
<anchor xml:id="_mainwindow_8cpp_source_1l00203"/><link linkend="_class_main_window_1ae22acf0b9981ab783fdee8b0fb1c9c49">00203</link> <emphasis role="keywordtype">void</emphasis>&#32;<link linkend="_class_main_window_1ae22acf0b9981ab783fdee8b0fb1c9c49">MainWindow::on_exportButton_clicked</link>()&#32;{
<anchor xml:id="_mainwindow_8cpp_source_1l00204"/>00204 &#32;&#32;&#32;&#32;QString&#32;path&#32;=&#32;QFileDialog::getSaveFileName(<emphasis role="keyword">this</emphasis>,&#32;<emphasis role="stringliteral">&quot;Експорт&#32;бази&quot;</emphasis>,&#32;<emphasis role="stringliteral">&quot;&quot;</emphasis>,&#32;<emphasis role="stringliteral">&quot;Vault&#32;Files&#32;(*.dat)&quot;</emphasis>);
<anchor xml:id="_mainwindow_8cpp_source_1l00205"/>00205 &#32;&#32;&#32;&#32;<emphasis role="keywordflow">if</emphasis>&#32;(!path.isEmpty())&#32;{
<anchor xml:id="_mainwindow_8cpp_source_1l00206"/>00206 &#32;&#32;&#32;&#32;&#32;&#32;&#32;&#32;QMessageBox::information(<emphasis role="keyword">this</emphasis>,&#32;<emphasis role="stringliteral">&quot;Експорт&quot;</emphasis>,&#32;<link linkend="_class_main_window_1ab33e4b5da36ef26bb063b3b4803ee98f">vaultManager</link>-&gt;exportDatabase(path));
<anchor xml:id="_mainwindow_8cpp_source_1l00207"/>00207 &#32;&#32;&#32;&#32;}
<anchor xml:id="_mainwindow_8cpp_source_1l00208"/>00208 }
<anchor xml:id="_mainwindow_8cpp_source_1l00209"/>00209 
<anchor xml:id="_mainwindow_8cpp_source_1l00210"/><link linkend="_class_main_window_1a5e3b3f4dafca62ecb908f1262837d960">00210</link> <emphasis role="keywordtype">void</emphasis>&#32;<link linkend="_class_main_window_1a5e3b3f4dafca62ecb908f1262837d960">MainWindow::on_importButton_clicked</link>()&#32;{
<anchor xml:id="_mainwindow_8cpp_source_1l00211"/>00211 &#32;&#32;&#32;&#32;QString&#32;path&#32;=&#32;QFileDialog::getOpenFileName(<emphasis role="keyword">this</emphasis>,&#32;<emphasis role="stringliteral">&quot;Імпорт&#32;бази&quot;</emphasis>,&#32;<emphasis role="stringliteral">&quot;&quot;</emphasis>,&#32;<emphasis role="stringliteral">&quot;Vault&#32;Files&#32;(*.dat)&quot;</emphasis>);
<anchor xml:id="_mainwindow_8cpp_source_1l00212"/>00212 &#32;&#32;&#32;&#32;<emphasis role="keywordflow">if</emphasis>&#32;(!path.isEmpty())&#32;{
<anchor xml:id="_mainwindow_8cpp_source_1l00213"/>00213 &#32;&#32;&#32;&#32;&#32;&#32;&#32;&#32;QString&#32;key&#32;=&#32;QInputDialog::getText(<emphasis role="keyword">this</emphasis>,&#32;<emphasis role="stringliteral">&quot;Імпорт&quot;</emphasis>,&#32;<emphasis role="stringliteral">&quot;Введіть&#32;Майстер-код&#32;для&#32;файлу:&quot;</emphasis>,&#32;QLineEdit::Password);
<anchor xml:id="_mainwindow_8cpp_source_1l00214"/>00214 &#32;&#32;&#32;&#32;&#32;&#32;&#32;&#32;<emphasis role="keywordflow">if</emphasis>&#32;(!key.isEmpty())&#32;{
<anchor xml:id="_mainwindow_8cpp_source_1l00215"/>00215 &#32;&#32;&#32;&#32;&#32;&#32;&#32;&#32;&#32;&#32;&#32;&#32;QMessageBox::information(<emphasis role="keyword">this</emphasis>,&#32;<emphasis role="stringliteral">&quot;Імпорт&quot;</emphasis>,&#32;<link linkend="_class_main_window_1ab33e4b5da36ef26bb063b3b4803ee98f">vaultManager</link>-&gt;importDatabase(path,&#32;key));
<anchor xml:id="_mainwindow_8cpp_source_1l00216"/>00216 &#32;&#32;&#32;&#32;&#32;&#32;&#32;&#32;&#32;&#32;&#32;&#32;<link linkend="_class_main_window_1a7ecbc717f7f59b53ea5b8c56d3e7558c">updateVaultList</link>();
<anchor xml:id="_mainwindow_8cpp_source_1l00217"/>00217 &#32;&#32;&#32;&#32;&#32;&#32;&#32;&#32;}
<anchor xml:id="_mainwindow_8cpp_source_1l00218"/>00218 &#32;&#32;&#32;&#32;}
<anchor xml:id="_mainwindow_8cpp_source_1l00219"/>00219 }
<anchor xml:id="_mainwindow_8cpp_source_1l00220"/>00220 
<anchor xml:id="_mainwindow_8cpp_source_1l00221"/><link linkend="_class_main_window_1ac70a65e0bdf1b517e947b0bd0161987e">00221</link> <emphasis role="keywordtype">void</emphasis>&#32;<link linkend="_class_main_window_1ac70a65e0bdf1b517e947b0bd0161987e">MainWindow::on_deleteButton_clicked</link>()&#32;{
<anchor xml:id="_mainwindow_8cpp_source_1l00222"/>00222 &#32;&#32;&#32;&#32;QListWidgetItem&#32;*item&#32;=&#32;<link linkend="_class_main_window_1a35466a70ed47252a0191168126a352a5">ui</link>-&gt;vaultList-&gt;currentItem();
<anchor xml:id="_mainwindow_8cpp_source_1l00223"/>00223 &#32;&#32;&#32;&#32;<emphasis role="keywordflow">if</emphasis>&#32;(!item)&#32;{
<anchor xml:id="_mainwindow_8cpp_source_1l00224"/>00224 &#32;&#32;&#32;&#32;&#32;&#32;&#32;&#32;QMessageBox::warning(<emphasis role="keyword">this</emphasis>,&#32;<emphasis role="stringliteral">&quot;Помилка&quot;</emphasis>,&#32;<emphasis role="stringliteral">&quot;Будь&#32;ласка,&#32;оберіть&#32;запис&#32;для&#32;видалення.&quot;</emphasis>);
<anchor xml:id="_mainwindow_8cpp_source_1l00225"/>00225 &#32;&#32;&#32;&#32;&#32;&#32;&#32;&#32;<emphasis role="keywordflow">return</emphasis>;
<anchor xml:id="_mainwindow_8cpp_source_1l00226"/>00226 &#32;&#32;&#32;&#32;}
<anchor xml:id="_mainwindow_8cpp_source_1l00227"/>00227 
<anchor xml:id="_mainwindow_8cpp_source_1l00228"/>00228 &#32;&#32;&#32;&#32;<emphasis role="keywordtype">bool</emphasis>&#32;ok;
<anchor xml:id="_mainwindow_8cpp_source_1l00229"/>00229 &#32;&#32;&#32;&#32;QString&#32;currentKey&#32;=&#32;QInputDialog::getText(<emphasis role="keyword">this</emphasis>,&#32;<emphasis role="stringliteral">&quot;Повторна&#32;Автентифікація&quot;</emphasis>,
<anchor xml:id="_mainwindow_8cpp_source_1l00230"/>00230 &#32;&#32;&#32;&#32;&#32;&#32;&#32;&#32;&#32;&#32;&#32;&#32;&#32;&#32;&#32;&#32;&#32;&#32;&#32;&#32;&#32;&#32;&#32;&#32;&#32;&#32;&#32;&#32;&#32;&#32;&#32;&#32;&#32;&#32;&#32;&#32;&#32;&#32;&#32;&#32;&#32;&#32;&#32;&#32;&#32;&#32;&#32;<emphasis role="stringliteral">&quot;Введіть&#32;Майстер-код&#32;для&#32;підтвердження&#32;видалення:&quot;</emphasis>,
<anchor xml:id="_mainwindow_8cpp_source_1l00231"/>00231 &#32;&#32;&#32;&#32;&#32;&#32;&#32;&#32;&#32;&#32;&#32;&#32;&#32;&#32;&#32;&#32;&#32;&#32;&#32;&#32;&#32;&#32;&#32;&#32;&#32;&#32;&#32;&#32;&#32;&#32;&#32;&#32;&#32;&#32;&#32;&#32;&#32;&#32;&#32;&#32;&#32;&#32;&#32;&#32;&#32;&#32;&#32;QLineEdit::Password,&#32;<emphasis role="stringliteral">&quot;&quot;</emphasis>,&#32;&amp;ok);
<anchor xml:id="_mainwindow_8cpp_source_1l00232"/>00232 
<anchor xml:id="_mainwindow_8cpp_source_1l00233"/>00233 &#32;&#32;&#32;&#32;<emphasis role="keywordflow">if</emphasis>&#32;(!ok&#32;||&#32;currentKey.isEmpty()&#32;||&#32;currentKey&#32;!=&#32;<link linkend="_class_main_window_1a6479c76503b3e3f57a592d48c244214e">masterKey</link>)&#32;{
<anchor xml:id="_mainwindow_8cpp_source_1l00234"/>00234 &#32;&#32;&#32;&#32;&#32;&#32;&#32;&#32;QMessageBox::warning(<emphasis role="keyword">this</emphasis>,&#32;<emphasis role="stringliteral">&quot;Доступ&#32;Заборонено&quot;</emphasis>,&#32;<emphasis role="stringliteral">&quot;Невірний&#32;Майстер-код.&#32;Видалення&#32;скасовано.&quot;</emphasis>);
<anchor xml:id="_mainwindow_8cpp_source_1l00235"/>00235 &#32;&#32;&#32;&#32;&#32;&#32;&#32;&#32;<emphasis role="keywordflow">return</emphasis>;
<anchor xml:id="_mainwindow_8cpp_source_1l00236"/>00236 &#32;&#32;&#32;&#32;}
<anchor xml:id="_mainwindow_8cpp_source_1l00237"/>00237 
<anchor xml:id="_mainwindow_8cpp_source_1l00238"/>00238 &#32;&#32;&#32;&#32;QMessageBox::StandardButton&#32;reply;
<anchor xml:id="_mainwindow_8cpp_source_1l00239"/>00239 &#32;&#32;&#32;&#32;reply&#32;=&#32;QMessageBox::question(<emphasis role="keyword">this</emphasis>,&#32;<emphasis role="stringliteral">&quot;Підтвердження&#32;Видалення&quot;</emphasis>,
<anchor xml:id="_mainwindow_8cpp_source_1l00240"/>00240 &#32;&#32;&#32;&#32;&#32;&#32;&#32;&#32;&#32;&#32;&#32;&#32;&#32;&#32;&#32;&#32;&#32;&#32;&#32;&#32;&#32;&#32;&#32;&#32;&#32;&#32;&#32;&#32;&#32;&#32;&#32;&#32;&#32;&#32;<emphasis role="stringliteral">&quot;Ви&#32;впевнені,&#32;що&#32;хочете&#32;видалити&#32;запис:&#32;&quot;</emphasis>&#32;+&#32;item-&gt;text()&#32;+&#32;<emphasis role="stringliteral">&quot;?\nЦю&#32;дію&#32;не&#32;можна&#32;скасувати!&quot;</emphasis>,
<anchor xml:id="_mainwindow_8cpp_source_1l00241"/>00241 &#32;&#32;&#32;&#32;&#32;&#32;&#32;&#32;&#32;&#32;&#32;&#32;&#32;&#32;&#32;&#32;&#32;&#32;&#32;&#32;&#32;&#32;&#32;&#32;&#32;&#32;&#32;&#32;&#32;&#32;&#32;&#32;&#32;&#32;QMessageBox::Yes|QMessageBox::No);
<anchor xml:id="_mainwindow_8cpp_source_1l00242"/>00242 
<anchor xml:id="_mainwindow_8cpp_source_1l00243"/>00243 &#32;&#32;&#32;&#32;<emphasis role="keywordflow">if</emphasis>&#32;(reply&#32;==&#32;QMessageBox::Yes)&#32;{
<anchor xml:id="_mainwindow_8cpp_source_1l00244"/>00244 &#32;&#32;&#32;&#32;&#32;&#32;&#32;&#32;<emphasis role="keywordtype">int</emphasis>&#32;idx&#32;=&#32;<link linkend="_class_main_window_1a35466a70ed47252a0191168126a352a5">ui</link>-&gt;vaultList-&gt;row(item);
<anchor xml:id="_mainwindow_8cpp_source_1l00245"/>00245 
<anchor xml:id="_mainwindow_8cpp_source_1l00246"/>00246 &#32;&#32;&#32;&#32;&#32;&#32;&#32;&#32;QString&#32;result&#32;=&#32;<link linkend="_class_main_window_1ab33e4b5da36ef26bb063b3b4803ee98f">vaultManager</link>-&gt;deleteEntry(idx);
<anchor xml:id="_mainwindow_8cpp_source_1l00247"/>00247 &#32;&#32;&#32;&#32;&#32;&#32;&#32;&#32;QMessageBox::information(<emphasis role="keyword">this</emphasis>,&#32;<emphasis role="stringliteral">&quot;Видалення&quot;</emphasis>,&#32;result);
<anchor xml:id="_mainwindow_8cpp_source_1l00248"/>00248 &#32;&#32;&#32;&#32;&#32;&#32;&#32;&#32;<link linkend="_class_main_window_1a7ecbc717f7f59b53ea5b8c56d3e7558c">updateVaultList</link>();
<anchor xml:id="_mainwindow_8cpp_source_1l00249"/>00249 &#32;&#32;&#32;&#32;}
<anchor xml:id="_mainwindow_8cpp_source_1l00250"/>00250 }
</programlisting></section>
