<?xml version='1.0' encoding='UTF-8' standalone='no'?>
<section xmlns="http://docbook.org/ns/docbook" version="5.0" xmlns:xlink="http://www.w3.org/1999/xlink" xml:id="_main_8cpp" xml:lang="en-US">
<title>main.cpp File Reference</title>
<indexterm><primary>main.cpp</primary></indexterm>
<programlisting linenumbering="unnumbered">#include &quot;mainwindow.h&quot;<?linebreak?>#include &lt;QApplication&gt;<?linebreak?></programlisting>Include dependency graph for main.cpp:<para>
    <informalfigure>
        <mediaobject>
            <imageobject>
                <imagedata width="50%" align="center" valign="middle" scalefit="0" fileref="main_8cpp__incl.png"></imagedata>
            </imageobject>
        </mediaobject>
    </informalfigure>
</para>
<simplesect>
    <title>Functions    </title>
        <itemizedlist>
            <listitem><para>int <link linkend="_main_8cpp_1a0ddf1224851353fc92bfbff6f499fa97">main</link> (int argc, char *argv[])</para>
</listitem>
        </itemizedlist>
</simplesect>
<section>
<title>Function Documentation</title>
<anchor xml:id="_main_8cpp_1a0ddf1224851353fc92bfbff6f499fa97"/><section>
    <title>main()</title>
<indexterm><primary>main</primary><secondary>main.cpp</secondary></indexterm>
<indexterm><primary>main.cpp</primary><secondary>main</secondary></indexterm>
<para><computeroutput>int main (int argc, char * argv[])</computeroutput></para><para>
Definition at line <link linkend="_main_8cpp_source_1l00005">5</link> of file <link linkend="_main_8cpp_source">main.cpp</link>.</para>
</section>
</section>
</section>
