<?xml version='1.0' encoding='UTF-8' standalone='no'?>
<section xmlns="http://docbook.org/ns/docbook" version="5.0" xmlns:xlink="http://www.w3.org/1999/xlink" xml:id="_mainwindow_8h" xml:lang="en-US">
<title>mainwindow.h File Reference</title>
<indexterm><primary>mainwindow.h</primary></indexterm>
<programlisting linenumbering="unnumbered">#include &lt;QMainWindow&gt;<?linebreak?>#include &quot;vaultbackend.h&quot;<?linebreak?>#include &lt;QListWidget&gt;<?linebreak?>#include &lt;QLabel&gt;<?linebreak?></programlisting>Include dependency graph for mainwindow.h:<para>
    <informalfigure>
        <mediaobject>
            <imageobject>
                <imagedata width="50%" align="center" valign="middle" scalefit="0" fileref="mainwindow_8h__incl.png"></imagedata>
            </imageobject>
        </mediaobject>
    </informalfigure>
</para>
This graph shows which files directly or indirectly include this file:<para>
    <informalfigure>
        <mediaobject>
            <imageobject>
                <imagedata width="50%" align="center" valign="middle" scalefit="0" fileref="mainwindow_8h__dep__incl.png"></imagedata>
            </imageobject>
        </mediaobject>
    </informalfigure>
</para>
<simplesect>
    <title>Classes    </title>
        <itemizedlist>
            <listitem><para>class <link linkend="_class_main_window">MainWindow</link></para>
</listitem>
        </itemizedlist>
</simplesect>
<simplesect>
    <title>Namespaces    </title>
        <itemizedlist>
            <listitem><para>namespace <link linkend="_namespace_ui">Ui</link></para>
</listitem>
        </itemizedlist>
</simplesect>
</section>
