<?xml version='1.0' encoding='UTF-8' standalone='no'?>
<section xmlns="http://docbook.org/ns/docbook" version="5.0" xmlns:xlink="http://www.w3.org/1999/xlink" xml:id="_mainwindow_8h_source" xml:lang="en-US">
<title>mainwindow.h</title>
Go to the documentation of this file.<programlisting linenumbering="unnumbered"><anchor xml:id="_mainwindow_8h_source_1l00001"/>00001 <emphasis role="preprocessor">#ifndef&#32;MAINWINDOW_H</emphasis>
<anchor xml:id="_mainwindow_8h_source_1l00002"/>00002 <emphasis role="preprocessor">#define&#32;MAINWINDOW_H</emphasis>
<anchor xml:id="_mainwindow_8h_source_1l00003"/>00003 
<anchor xml:id="_mainwindow_8h_source_1l00004"/>00004 <emphasis role="preprocessor">#include&#32;&lt;QMainWindow&gt;</emphasis>
<anchor xml:id="_mainwindow_8h_source_1l00005"/>00005 <emphasis role="preprocessor">#include&#32;&quot;<link linkend="_vaultbackend_8h">vaultbackend.h</link>&quot;</emphasis>
<anchor xml:id="_mainwindow_8h_source_1l00006"/>00006 <emphasis role="preprocessor">#include&#32;&lt;QListWidget&gt;</emphasis>
<anchor xml:id="_mainwindow_8h_source_1l00007"/>00007 <emphasis role="preprocessor">#include&#32;&lt;QLabel&gt;</emphasis>
<anchor xml:id="_mainwindow_8h_source_1l00008"/>00008 
<anchor xml:id="_mainwindow_8h_source_1l00009"/>00009 QT_BEGIN_NAMESPACE
<anchor xml:id="_mainwindow_8h_source_1l00010"/><link linkend="_namespace_ui">00010</link> <emphasis role="keyword">namespace&#32;</emphasis><link linkend="_namespace_ui">Ui</link>&#32;{&#32;<emphasis role="keyword">class&#32;</emphasis><link linkend="_class_main_window">MainWindow</link>;&#32;}
<anchor xml:id="_mainwindow_8h_source_1l00011"/>00011 QT_END_NAMESPACE
<anchor xml:id="_mainwindow_8h_source_1l00012"/>00012 
<anchor xml:id="_mainwindow_8h_source_1l00013"/><link linkend="_class_main_window">00013</link> <emphasis role="keyword">class&#32;</emphasis><link linkend="_class_main_window_1a996c5a2b6f77944776856f08ec30858d">MainWindow</link>&#32;:&#32;<emphasis role="keyword">public</emphasis>&#32;QMainWindow
<anchor xml:id="_mainwindow_8h_source_1l00014"/>00014 {
<anchor xml:id="_mainwindow_8h_source_1l00015"/>00015 &#32;&#32;&#32;&#32;Q_OBJECT
<anchor xml:id="_mainwindow_8h_source_1l00016"/>00016 
<anchor xml:id="_mainwindow_8h_source_1l00017"/>00017 <emphasis role="keyword">public</emphasis>:
<anchor xml:id="_mainwindow_8h_source_1l00018"/>00018 &#32;&#32;&#32;&#32;<link linkend="_class_main_window_1a996c5a2b6f77944776856f08ec30858d">MainWindow</link>(QWidget&#32;*parent&#32;=&#32;<emphasis role="keyword">nullptr</emphasis>);
<anchor xml:id="_mainwindow_8h_source_1l00019"/>00019 &#32;&#32;&#32;&#32;<link linkend="_class_main_window_1ae98d00a93bc118200eeef9f9bba1dba7">~MainWindow</link>();
<anchor xml:id="_mainwindow_8h_source_1l00020"/>00020 
<anchor xml:id="_mainwindow_8h_source_1l00021"/>00021 <emphasis role="keyword">private</emphasis>&#32;slots:
<anchor xml:id="_mainwindow_8h_source_1l00022"/>00022 &#32;&#32;&#32;&#32;<emphasis role="keywordtype">void</emphasis>&#32;<link linkend="_class_main_window_1a6f07e911e9368f6643afa0aed2272353">on_generateButton_clicked</link>();
<anchor xml:id="_mainwindow_8h_source_1l00023"/>00023 &#32;&#32;&#32;&#32;<emphasis role="keywordtype">void</emphasis>&#32;<link linkend="_class_main_window_1a85ea79556ca7515950d5c7931ce9e6c8">on_generateNickButton_clicked</link>();
<anchor xml:id="_mainwindow_8h_source_1l00024"/>00024 &#32;&#32;&#32;&#32;<emphasis role="keywordtype">void</emphasis>&#32;<link linkend="_class_main_window_1a52e6d2463f17c5cd056817c6f47285dd">on_saveButton_clicked</link>();
<anchor xml:id="_mainwindow_8h_source_1l00025"/>00025 
<anchor xml:id="_mainwindow_8h_source_1l00026"/>00026 &#32;&#32;&#32;&#32;<emphasis role="keywordtype">void</emphasis>&#32;<link linkend="_class_main_window_1a9698794daa03f8301231e68af4fa7f87">on_viewDetailsButton_clicked</link>();
<anchor xml:id="_mainwindow_8h_source_1l00027"/>00027 &#32;&#32;&#32;&#32;<emphasis role="keywordtype">void</emphasis>&#32;<link linkend="_class_main_window_1aeff69bfa20bbae0478792db65fd08837">showPasswordDetails</link>(<emphasis role="keywordtype">int</emphasis>&#32;index);
<anchor xml:id="_mainwindow_8h_source_1l00028"/>00028 &#32;&#32;&#32;&#32;<emphasis role="keywordtype">void</emphasis>&#32;<link linkend="_class_main_window_1ac70a65e0bdf1b517e947b0bd0161987e">on_deleteButton_clicked</link>();
<anchor xml:id="_mainwindow_8h_source_1l00029"/>00029 
<anchor xml:id="_mainwindow_8h_source_1l00030"/>00030 &#32;&#32;&#32;&#32;<emphasis role="keywordtype">void</emphasis>&#32;<link linkend="_class_main_window_1ae22acf0b9981ab783fdee8b0fb1c9c49">on_exportButton_clicked</link>();
<anchor xml:id="_mainwindow_8h_source_1l00031"/>00031 &#32;&#32;&#32;&#32;<emphasis role="keywordtype">void</emphasis>&#32;<link linkend="_class_main_window_1a5e3b3f4dafca62ecb908f1262837d960">on_importButton_clicked</link>();
<anchor xml:id="_mainwindow_8h_source_1l00032"/>00032 
<anchor xml:id="_mainwindow_8h_source_1l00033"/>00033 &#32;&#32;&#32;&#32;<emphasis role="keywordtype">void</emphasis>&#32;<link linkend="_class_main_window_1ab614c1dedc695f5096cc0ccf750490ab">filterVaultList</link>(<emphasis role="keyword">const</emphasis>&#32;QString&#32;&amp;searchText);
<anchor xml:id="_mainwindow_8h_source_1l00034"/>00034 &#32;&#32;&#32;&#32;<emphasis role="keywordtype">void</emphasis>&#32;<link linkend="_class_main_window_1a3f66e05fdfb23da1881bcd366ea709e3">clearClipboard</link>();
<anchor xml:id="_mainwindow_8h_source_1l00035"/>00035 
<anchor xml:id="_mainwindow_8h_source_1l00036"/>00036 <emphasis role="keyword">private</emphasis>:
<anchor xml:id="_mainwindow_8h_source_1l00037"/><link linkend="_class_main_window_1a35466a70ed47252a0191168126a352a5">00037</link> &#32;&#32;&#32;&#32;Ui::MainWindow&#32;*<link linkend="_class_main_window_1a35466a70ed47252a0191168126a352a5">ui</link>;
<anchor xml:id="_mainwindow_8h_source_1l00038"/><link linkend="_class_main_window_1ab33e4b5da36ef26bb063b3b4803ee98f">00038</link> &#32;&#32;&#32;&#32;<link linkend="_class_vault_backend">VaultBackend</link>&#32;*<link linkend="_class_main_window_1ab33e4b5da36ef26bb063b3b4803ee98f">vaultManager</link>;
<anchor xml:id="_mainwindow_8h_source_1l00039"/><link linkend="_class_main_window_1a6479c76503b3e3f57a592d48c244214e">00039</link> &#32;&#32;&#32;&#32;QString&#32;<link linkend="_class_main_window_1a6479c76503b3e3f57a592d48c244214e">masterKey</link>;
<anchor xml:id="_mainwindow_8h_source_1l00040"/><link linkend="_class_main_window_1ab9c6492b81f3117ca8fed55c7b97da44">00040</link> &#32;&#32;&#32;&#32;QLabel&#32;*<link linkend="_class_main_window_1ab9c6492b81f3117ca8fed55c7b97da44">m_statusLabel</link>;
<anchor xml:id="_mainwindow_8h_source_1l00041"/>00041 
<anchor xml:id="_mainwindow_8h_source_1l00042"/>00042 &#32;&#32;&#32;&#32;<emphasis role="keywordtype">void</emphasis>&#32;<link linkend="_class_main_window_1a2da49242a5efb9ed05e41b82ae19b6fa">promptForMasterKey</link>(<emphasis role="keywordtype">bool</emphasis>&#32;initialSetup);
<anchor xml:id="_mainwindow_8h_source_1l00043"/>00043 &#32;&#32;&#32;&#32;<emphasis role="keywordtype">void</emphasis>&#32;<link linkend="_class_main_window_1a7ecbc717f7f59b53ea5b8c56d3e7558c">updateVaultList</link>();
<anchor xml:id="_mainwindow_8h_source_1l00044"/>00044 };
<anchor xml:id="_mainwindow_8h_source_1l00045"/>00045 
<anchor xml:id="_mainwindow_8h_source_1l00046"/>00046 <emphasis role="preprocessor">#endif</emphasis>
</programlisting></section>
