<?xml version='1.0' encoding='UTF-8' standalone='no'?>
<section xmlns="http://docbook.org/ns/docbook" version="5.0" xmlns:xlink="http://www.w3.org/1999/xlink" xml:id="_md__r_e_a_d_m_e" xml:lang="en-US">
<title>
<para>Secure PassVault (SPV) </para>
</title>
<indexterm><primary>Secure PassVault (SPV)</primary></indexterm>

<para><anchor xml:id="_md__r_e_a_d_m_e_1autotoc_md0"/></para>

<para><emphasis role="bold">Cross-Platform System for Advanced Cryptographic Key Management and Semantic Identity Generation</emphasis></para>

<para><informaltable frame='bottom'><tgroup cols='1'><colspec align='center'/><tbody><row><entry align='center'>
</entry></row></tbody></tgroup></informaltable>
</para>
<section xml:id="_md__r_e_a_d_m_e_1autotoc_md2">
<title>1. Project Overview and Architecture</title>
<para>Secure PassVault (SPV) is a robust, local-only password and identity management application developed in <emphasis role="bold">C++</emphasis> using the <emphasis role="bold">Qt Widgets Framework</emphasis>. The core design adheres to the <emphasis role="bold">Model-View-Controller (MVC)</emphasis> architectural pattern, ensuring a clean separation between the user interface (<computeroutput><link linkend="_class_main_window">MainWindow</link></computeroutput>) and the cryptographic business logic (<computeroutput><link linkend="_class_vault_backend">VaultBackend</link></computeroutput>).</para>

<para>The primary objective is to eliminate common security vulnerabilities by integrating advanced <emphasis role="bold">System Programming</emphasis> concepts directly into the data handling and persistence layers.</para>
</section>
<section xml:id="_md__r_e_a_d_m_e_1autotoc_md3">
<title>2. Security and Cryptographic Architecture</title>
<para>The integrity and confidentiality of the database (<computeroutput>vault.dat</computeroutput>) rely on a multi-layered cryptographic container approach.</para>
<section xml:id="_md__r_e_a_d_m_e_1autotoc_md4">
<title>2.1. Key Derivation and Anti-Brute Force Mechanism</title>
<para>The user&apos;s Master Key is transformed into a cryptographically strong encryption key using an iterative function designed to resist modern GPU-accelerated Brute Force attacks.</para>

<para><itemizedlist>
<listitem>
<para><emphasis role="bold">Mechanism:</emphasis> PBKDF2-like process (Password-Based Key Derivation Function 2 structure).</para>
</listitem><listitem>
<para><emphasis role="bold">Key Strength:</emphasis> Uses a 256-bit derived key ($DK$).</para>
</listitem><listitem>
<para><emphasis role="bold">Cost Parameter:</emphasis> The process involves <emphasis role="bold">10,000+ sequential SHA-256 iterations</emphasis> applied to the Master Key concatenated with a unique, cryptographically random <emphasis role="bold">Salt</emphasis>. This computational delay ensures that attempted dictionary attacks are economically infeasible.</para>
</listitem></itemizedlist>
</para>
</section>
<section xml:id="_md__r_e_a_d_m_e_1autotoc_md5">
<title>2.2. Data Integrity and Authentication</title>
<para>The <computeroutput>vault.dat</computeroutput> container integrates two levels of critical verification:</para>

<para><orderedlist>
<listitem>
<para><emphasis role="bold">Integrity Control (HMAC):</emphasis> Every save operation appends a <emphasis role="bold">HMAC-SHA256</emphasis> tag to the data. During loading, the system recalculates the HMAC using the derived key. Any mismatch indicates file corruption or external modification, leading to immediate access denial.</para>
</listitem><listitem>
<para><emphasis role="bold">System-Bound 2FA:</emphasis> A unique <emphasis role="bold">System ID Hash</emphasis> (derived from the host machine&apos;s hardware/OS identifiers) is stored in the file header. Access is blocked if the file is opened on an unauthorized machine, acting as a two-factor authentication layer tied to the system itself.</para>
</listitem></orderedlist>
</para>
</section>
<section xml:id="_md__r_e_a_d_m_e_1autotoc_md6">
<title>2.3. Data Persistence Reliability</title>
<para>To guarantee the stability and persistence of data across different operating environments (Dev vs. Release mode, different OSes), the application utilizes the <emphasis role="bold">QStandardPaths</emphasis> class.</para>

<para><itemizedlist>
<listitem>
<para>The system dynamically determines the absolute, writable location for application data (e.g., <computeroutput>~/Library/Application Support/SPV/</computeroutput> on macOS).</para>
</listitem><listitem>
<para>This approach is essential to avoid failures associated with using unreliable relative paths, which are often blocked by OS security permissions in deployment environments.</para>
</listitem></itemizedlist>
</para>
</section>
</section>
<section xml:id="_md__r_e_a_d_m_e_1autotoc_md7">
<title>3. Advanced Generation Models</title>
<para>SPV implements two distinct, specialized models for creating credentials:</para>
<section xml:id="_md__r_e_a_d_m_e_1autotoc_md8">
<title>3.1. Cryptographic Generation (Passwords)</title>
<para><itemizedlist>
<listitem>
<para><emphasis role="bold">Entropy Source:</emphasis> Uses a <emphasis role="bold">Cryptographically Secure Pseudorandom Number Generator (CSPRNG)</emphasis> (<computeroutput>QRandomGenerator::system()</computeroutput>).</para>
</listitem><listitem>
<para><emphasis role="bold">Strength Analysis:</emphasis> The generated output is analyzed in real-time using the <emphasis role="bold">Shannon Entropy Formula</emphasis> ($E$) to provide an objective score (0–100) of password resistance: $$E = L \times \log_2(R)$$ Where $L$ is the length and $R$ is the size of the available character pool.</para>
</listitem></itemizedlist>
</para>
</section>
<section xml:id="_md__r_e_a_d_m_e_1autotoc_md9">
<title>3.2. Semantic Generation (Nicknames/Logins)</title>
<para>This module generates unique identifiers that are both memorable and complex:</para>

<para><itemizedlist>
<listitem>
<para><emphasis role="bold">Data Volume:</emphasis> The model utilizes a proprietary base of <emphasis role="bold">116 thematic dictionaries</emphasis> (over 21,000 words) loaded via Qt Resource System (QRC).</para>
</listitem><listitem>
<para><emphasis role="bold">Mushup Strategy:</emphasis> Combines parts of two words from two randomly selected thematic categories (e.g., <computeroutput>word1[start]</computeroutput> + <computeroutput>word2[end]</computeroutput>) to create a unique semantic core.</para>
</listitem><listitem>
<para><emphasis role="bold">Symbol Injection:</emphasis> Random symbols and numbers are inserted and appended to the semantic core, adding an extra layer of randomness and ensuring high uniqueness across services.</para>
</listitem></itemizedlist>
</para>
</section>
</section>
<section xml:id="_md__r_e_a_d_m_e_1autotoc_md10">
<title>4. Technical Stack and Deployment</title>
<para><informaltable frame="all">
    <tgroup cols="2" align="left" colsep="1" rowsep="1">
      <colspec colname='c1'/>
      <colspec colname='c2'/>
<thead>
      <row  class='markdownTableHead'>
<entry align='left'>
<para>Component  </para>
</entry><entry align='left'>
<para>Detail  </para>
</entry></row>
</thead><tbody>
      <row  class='markdownTableRowOdd'>
<entry align='left'>
<para><emphasis role="bold">Language</emphasis>  </para>
</entry><entry align='left'>
<para>C++17  </para>
</entry></row>
      <row  class='markdownTableRowEven'>
<entry align='left'>
<para><emphasis role="bold">Framework</emphasis>  </para>
</entry><entry align='left'>
<para>Qt 6 (Qt Widgets)  </para>
</entry></row>
      <row  class='markdownTableRowOdd'>
<entry align='left'>
<para><emphasis role="bold">Encryption Primitives</emphasis>  </para>
</entry><entry align='left'>
<para>SHA-256, XOR (PBKDF2, HMAC)  </para>
</entry></row>
      <row  class='markdownTableRowEven'>
<entry align='left'>
<para><emphasis role="bold">UI/UX</emphasis>  </para>
</entry><entry align='left'>
<para>Split View Layout, QStyleSheets Dark Theme  </para>
</entry></row>
      <row  class='markdownTableRowOdd'>
<entry align='left'>
<para><emphasis role="bold">Data Format</emphasis>  </para>
</entry><entry align='left'>
<para>Encrypted JSON  </para>
</entry></row>
    </tbody>
    </tgroup>
</informaltable>
</para>
<section xml:id="_md__r_e_a_d_m_e_1autotoc_md11">
<title>Deployment (macOS Example)</title>
<para>To create a standalone application bundle (<computeroutput>.app</computeroutput>), the project must be compiled in <emphasis role="bold">Release mode</emphasis> and processed by the Qt deployment tool:</para>

<para>```bash </para>
</section>
</section>
<section xml:id="_md__r_e_a_d_m_e_1autotoc_md12">
<title>Example Deployment Command</title>
<para>/path/to/Qt/6.x.x/macos/bin/macdeployqt /path/to/build/keyvaulttfk.app </para>
</section>
</section>
