<?xml version='1.0' encoding='UTF-8' standalone='no'?>
<section xmlns="http://docbook.org/ns/docbook" version="5.0" xmlns:xlink="http://www.w3.org/1999/xlink" xml:id="_vaultbackend_8cpp" xml:lang="en-US">
<title>vaultbackend.cpp File Reference</title>
<indexterm><primary>vaultbackend.cpp</primary></indexterm>
<programlisting linenumbering="unnumbered">#include &quot;vaultbackend.h&quot;<?linebreak?>#include &lt;QDir&gt;<?linebreak?>#include &lt;QFile&gt;<?linebreak?>#include &lt;QStandardPaths&gt;<?linebreak?>#include &lt;QJsonDocument&gt;<?linebreak?>#include &lt;QJsonObject&gt;<?linebreak?>#include &lt;QJsonArray&gt;<?linebreak?>#include &lt;QDateTime&gt;<?linebreak?>#include &lt;QDebug&gt;<?linebreak?>#include &lt;QCryptographicHash&gt;<?linebreak?>#include &lt;QRandomGenerator&gt;<?linebreak?>#include &lt;cmath&gt;<?linebreak?>#include &lt;cstring&gt;<?linebreak?>#include &lt;QtGlobal&gt;<?linebreak?>#include &lt;QSysInfo&gt;<?linebreak?>#include &lt;QTextStream&gt;<?linebreak?></programlisting>Include dependency graph for vaultbackend.cpp:<para>
    <informalfigure>
        <mediaobject>
            <imageobject>
                <imagedata width="50%" align="center" valign="middle" scalefit="0" fileref="vaultbackend_8cpp__incl.png"></imagedata>
            </imageobject>
        </mediaobject>
    </informalfigure>
</para>
<simplesect>
    <title>Functions    </title>
        <itemizedlist>
            <listitem><para>QString <link linkend="_vaultbackend_8cpp_1a36e65b8bde72bfc04f6b229e05142c0d">getDatabasePath</link> ()</para>
</listitem>
            <listitem><para>QByteArray <link linkend="_vaultbackend_8cpp_1a98c022bb2fbafdfa9caf1a702ae742b6">get8RandomBytes</link> ()</para>
</listitem>
        </itemizedlist>
</simplesect>
<section>
<title>Function Documentation</title>
<anchor xml:id="_vaultbackend_8cpp_1a98c022bb2fbafdfa9caf1a702ae742b6"/><section>
    <title>get8RandomBytes()</title>
<indexterm><primary>get8RandomBytes</primary><secondary>vaultbackend.cpp</secondary></indexterm>
<indexterm><primary>vaultbackend.cpp</primary><secondary>get8RandomBytes</secondary></indexterm>
<para><computeroutput>QByteArray get8RandomBytes ( )</computeroutput></para><para>
Definition at line <link linkend="_vaultbackend_8cpp_source_1l00030">30</link> of file <link linkend="_vaultbackend_8cpp_source">vaultbackend.cpp</link>.</para>
Here is the caller graph for this function:<para>
    <informalfigure>
        <mediaobject>
            <imageobject>
                <imagedata width="50%" align="center" valign="middle" scalefit="0" fileref="vaultbackend_8cpp_a98c022bb2fbafdfa9caf1a702ae742b6_icgraph.png"></imagedata>
            </imageobject>
        </mediaobject>
    </informalfigure>
</para>
</section>
<anchor xml:id="_vaultbackend_8cpp_1a36e65b8bde72bfc04f6b229e05142c0d"/><section>
    <title>getDatabasePath()</title>
<indexterm><primary>getDatabasePath</primary><secondary>vaultbackend.cpp</secondary></indexterm>
<indexterm><primary>vaultbackend.cpp</primary><secondary>getDatabasePath</secondary></indexterm>
<para><computeroutput>QString getDatabasePath ( )</computeroutput></para><para>
Definition at line <link linkend="_vaultbackend_8cpp_source_1l00018">18</link> of file <link linkend="_vaultbackend_8cpp_source">vaultbackend.cpp</link>.</para>
Here is the caller graph for this function:<para>
    <informalfigure>
        <mediaobject>
            <imageobject>
                <imagedata width="50%" align="center" valign="middle" scalefit="0" fileref="vaultbackend_8cpp_a36e65b8bde72bfc04f6b229e05142c0d_icgraph.png"></imagedata>
            </imageobject>
        </mediaobject>
    </informalfigure>
</para>
</section>
</section>
</section>
