<?xml version='1.0' encoding='UTF-8' standalone='no'?>
<section xmlns="http://docbook.org/ns/docbook" version="5.0" xmlns:xlink="http://www.w3.org/1999/xlink" xml:id="_vaultbackend_8h_source" xml:lang="en-US">
<title>vaultbackend.h</title>
Go to the documentation of this file.<programlisting linenumbering="unnumbered"><anchor xml:id="_vaultbackend_8h_source_1l00001"/>00001 <emphasis role="preprocessor">#ifndef&#32;VAULTBACKEND_H</emphasis>
<anchor xml:id="_vaultbackend_8h_source_1l00002"/>00002 <emphasis role="preprocessor">#define&#32;VAULTBACKEND_H</emphasis>
<anchor xml:id="_vaultbackend_8h_source_1l00003"/>00003 
<anchor xml:id="_vaultbackend_8h_source_1l00004"/>00004 <emphasis role="preprocessor">#include&#32;&lt;QObject&gt;</emphasis>
<anchor xml:id="_vaultbackend_8h_source_1l00005"/>00005 <emphasis role="preprocessor">#include&#32;&lt;QVariantList&gt;</emphasis>
<anchor xml:id="_vaultbackend_8h_source_1l00006"/>00006 <emphasis role="preprocessor">#include&#32;&lt;QVariantMap&gt;</emphasis>
<anchor xml:id="_vaultbackend_8h_source_1l00007"/>00007 <emphasis role="preprocessor">#include&#32;&lt;QMap&gt;</emphasis>
<anchor xml:id="_vaultbackend_8h_source_1l00008"/>00008 <emphasis role="preprocessor">#include&#32;&lt;QStandardPaths&gt;</emphasis>
<anchor xml:id="_vaultbackend_8h_source_1l00009"/>00009 
<anchor xml:id="_vaultbackend_8h_source_1l00010"/><link linkend="_class_vault_backend">00010</link> <emphasis role="keyword">class&#32;</emphasis><link linkend="_class_vault_backend_1a2ccb75599e0b7beaa86fba275d1a8494">VaultBackend</link>&#32;:&#32;<emphasis role="keyword">public</emphasis>&#32;QObject&#32;{
<anchor xml:id="_vaultbackend_8h_source_1l00011"/>00011 &#32;&#32;&#32;&#32;Q_OBJECT
<anchor xml:id="_vaultbackend_8h_source_1l00012"/>00012 
<anchor xml:id="_vaultbackend_8h_source_1l00013"/>00013 <emphasis role="keyword">public</emphasis>:
<anchor xml:id="_vaultbackend_8h_source_1l00014"/>00014 &#32;&#32;&#32;&#32;<emphasis role="keyword">explicit</emphasis>&#32;<link linkend="_class_vault_backend_1a2ccb75599e0b7beaa86fba275d1a8494">VaultBackend</link>(QObject&#32;*parent&#32;=&#32;<emphasis role="keyword">nullptr</emphasis>);
<anchor xml:id="_vaultbackend_8h_source_1l00015"/>00015 
<anchor xml:id="_vaultbackend_8h_source_1l00016"/>00016 &#32;&#32;&#32;&#32;QString&#32;<link linkend="_class_vault_backend_1a9ce1dbdc58ed267bf679842e916c4ba7">generateSecureString</link>(<emphasis role="keywordtype">int</emphasis>&#32;length,&#32;<emphasis role="keywordtype">bool</emphasis>&#32;useUpper,&#32;<emphasis role="keywordtype">bool</emphasis>&#32;useLower,&#32;<emphasis role="keywordtype">bool</emphasis>&#32;useDigits,&#32;<emphasis role="keywordtype">bool</emphasis>&#32;useSymbols);
<anchor xml:id="_vaultbackend_8h_source_1l00017"/>00017 &#32;&#32;&#32;&#32;<emphasis role="keywordtype">int</emphasis>&#32;<link linkend="_class_vault_backend_1ae7dc19633bc16ec2dbe7561b26af31db">calculatePasswordStrength</link>(<emphasis role="keyword">const</emphasis>&#32;QString&#32;&amp;password);
<anchor xml:id="_vaultbackend_8h_source_1l00018"/>00018 
<anchor xml:id="_vaultbackend_8h_source_1l00019"/>00019 &#32;&#32;&#32;&#32;QString&#32;<link linkend="_class_vault_backend_1a616756f8346a4287afbacd79bcfd4ff6">generateNickname</link>(<emphasis role="keywordtype">int</emphasis>&#32;maxLength,&#32;<emphasis role="keywordtype">bool</emphasis>&#32;useMushup,&#32;<emphasis role="keywordtype">bool</emphasis>&#32;useInjection);
<anchor xml:id="_vaultbackend_8h_source_1l00020"/>00020 &#32;&#32;&#32;&#32;QStringList&#32;<link linkend="_class_vault_backend_1ad222fc32424594b516b7b3c160626fea">getAvailableThemes</link>()&#32;<emphasis role="keyword">const</emphasis>;
<anchor xml:id="_vaultbackend_8h_source_1l00021"/>00021 
<anchor xml:id="_vaultbackend_8h_source_1l00022"/>00022 &#32;&#32;&#32;&#32;QString&#32;<link linkend="_class_vault_backend_1adf7c321ab83457d68a22755995a43bda">saveEntry</link>(<emphasis role="keyword">const</emphasis>&#32;QString&#32;&amp;site,&#32;<emphasis role="keyword">const</emphasis>&#32;QString&#32;&amp;login,&#32;<emphasis role="keyword">const</emphasis>&#32;QString&#32;&amp;password,&#32;<emphasis role="keyword">const</emphasis>&#32;QString&#32;&amp;masterKey);
<anchor xml:id="_vaultbackend_8h_source_1l00023"/>00023 &#32;&#32;&#32;&#32;QString&#32;<link linkend="_class_vault_backend_1a219f10e7c3ca82a0b802233b8307cbcd">updateEntry</link>(<emphasis role="keywordtype">int</emphasis>&#32;index,&#32;<emphasis role="keyword">const</emphasis>&#32;QString&#32;&amp;site,&#32;<emphasis role="keyword">const</emphasis>&#32;QString&#32;&amp;login,&#32;<emphasis role="keyword">const</emphasis>&#32;QString&#32;&amp;password,&#32;<emphasis role="keyword">const</emphasis>&#32;QString&#32;&amp;masterKey);
<anchor xml:id="_vaultbackend_8h_source_1l00024"/>00024 &#32;&#32;&#32;&#32;QString&#32;<link linkend="_class_vault_backend_1a97544c89c39d5a021878cdcc24b4559a">deleteEntry</link>(<emphasis role="keywordtype">int</emphasis>&#32;index);
<anchor xml:id="_vaultbackend_8h_source_1l00025"/>00025 
<anchor xml:id="_vaultbackend_8h_source_1l00026"/>00026 &#32;&#32;&#32;&#32;QVariantMap&#32;<link linkend="_class_vault_backend_1a9db269a788d613296a4217eea322cbd0">getEntryDetails</link>(<emphasis role="keywordtype">int</emphasis>&#32;index)&#32;<emphasis role="keyword">const</emphasis>;
<anchor xml:id="_vaultbackend_8h_source_1l00027"/>00027 &#32;&#32;&#32;&#32;QString&#32;<link linkend="_class_vault_backend_1a13b188d7a0c38a5a6502b88a3969ba40">getPassword</link>(<emphasis role="keywordtype">int</emphasis>&#32;index,&#32;<emphasis role="keyword">const</emphasis>&#32;QString&#32;&amp;masterKey);
<anchor xml:id="_vaultbackend_8h_source_1l00028"/>00028 
<anchor xml:id="_vaultbackend_8h_source_1l00029"/>00029 &#32;&#32;&#32;&#32;<emphasis role="keywordtype">bool</emphasis>&#32;<link linkend="_class_vault_backend_1ad290cc4009e634714b989000b6f0a51c">loadDatabase</link>(<emphasis role="keyword">const</emphasis>&#32;QString&#32;&amp;masterKey);
<anchor xml:id="_vaultbackend_8h_source_1l00030"/>00030 &#32;&#32;&#32;&#32;<emphasis role="keywordtype">bool</emphasis>&#32;<link linkend="_class_vault_backend_1a7c813497ce377ce2a1f885a6a5bf5c71">checkSystemBound</link>()&#32;<emphasis role="keyword">const</emphasis>;
<anchor xml:id="_vaultbackend_8h_source_1l00031"/><link linkend="_class_vault_backend_1af6975535b01de82a6742556f097942b9">00031</link> &#32;&#32;&#32;&#32;<emphasis role="keywordtype">bool</emphasis>&#32;<link linkend="_class_vault_backend_1af6975535b01de82a6742556f097942b9">isSystemBoundDatabase</link>()<emphasis role="keyword">&#32;const&#32;</emphasis>{&#32;<emphasis role="keywordflow">return</emphasis>&#32;!<link linkend="_class_vault_backend_1a01edb97754d3e7efb53e8b74e12ba431">m_systemIDHash</link>.isEmpty();&#32;}
<anchor xml:id="_vaultbackend_8h_source_1l00032"/>00032 
<anchor xml:id="_vaultbackend_8h_source_1l00033"/>00033 &#32;&#32;&#32;&#32;QString&#32;<link linkend="_class_vault_backend_1a025b01f0c0aa75b6249feb39661d094d">exportDatabase</link>(<emphasis role="keyword">const</emphasis>&#32;QString&#32;&amp;filePath);
<anchor xml:id="_vaultbackend_8h_source_1l00034"/>00034 &#32;&#32;&#32;&#32;QString&#32;<link linkend="_class_vault_backend_1ab84b02c860fd917800f10f1b89a72a0f">importDatabase</link>(<emphasis role="keyword">const</emphasis>&#32;QString&#32;&amp;filePath,&#32;<emphasis role="keyword">const</emphasis>&#32;QString&#32;&amp;masterKey);
<anchor xml:id="_vaultbackend_8h_source_1l00035"/><link linkend="_class_vault_backend_1a1fdc4492cdd1dcec696c6d0525337973">00035</link> &#32;&#32;&#32;&#32;QVariantList&#32;<link linkend="_class_vault_backend_1a1fdc4492cdd1dcec696c6d0525337973">vaultEntries</link>()<emphasis role="keyword">&#32;const&#32;</emphasis>{&#32;<emphasis role="keywordflow">return</emphasis>&#32;<link linkend="_class_vault_backend_1a37added67282a3f1fc40643b9edc4e89">m_vaultEntries</link>;&#32;}
<anchor xml:id="_vaultbackend_8h_source_1l00036"/><link linkend="_class_vault_backend_1a677f078864ea017e71acda30dc5bf2cb">00036</link> &#32;&#32;&#32;&#32;<emphasis role="keywordtype">bool</emphasis>&#32;<link linkend="_class_vault_backend_1a677f078864ea017e71acda30dc5bf2cb">isDatabaseLoaded</link>()<emphasis role="keyword">&#32;const&#32;</emphasis>{&#32;<emphasis role="keywordflow">return</emphasis>&#32;!<link linkend="_class_vault_backend_1a0b5de841b24fcc761b04ee9f56a51ed3">m_masterKey</link>.isEmpty();&#32;}
<anchor xml:id="_vaultbackend_8h_source_1l00037"/>00037 
<anchor xml:id="_vaultbackend_8h_source_1l00038"/>00038 <emphasis role="keyword">private</emphasis>:
<anchor xml:id="_vaultbackend_8h_source_1l00039"/><link linkend="_class_vault_backend_1a37added67282a3f1fc40643b9edc4e89">00039</link> &#32;&#32;&#32;&#32;QVariantList&#32;<link linkend="_class_vault_backend_1a37added67282a3f1fc40643b9edc4e89">m_vaultEntries</link>;
<anchor xml:id="_vaultbackend_8h_source_1l00040"/><link linkend="_class_vault_backend_1a0b5de841b24fcc761b04ee9f56a51ed3">00040</link> &#32;&#32;&#32;&#32;QString&#32;<link linkend="_class_vault_backend_1a0b5de841b24fcc761b04ee9f56a51ed3">m_masterKey</link>;
<anchor xml:id="_vaultbackend_8h_source_1l00041"/>00041 
<anchor xml:id="_vaultbackend_8h_source_1l00042"/><link linkend="_class_vault_backend_1a8af29e122d483436257465d7d9bd48fc">00042</link> &#32;&#32;&#32;&#32;QByteArray&#32;<link linkend="_class_vault_backend_1a8af29e122d483436257465d7d9bd48fc">m_salt</link>;
<anchor xml:id="_vaultbackend_8h_source_1l00043"/><link linkend="_class_vault_backend_1a3cc92fcba3c5d0db1deb41d76f48ae95">00043</link> &#32;&#32;&#32;&#32;QByteArray&#32;<link linkend="_class_vault_backend_1a3cc92fcba3c5d0db1deb41d76f48ae95">m_iv</link>;
<anchor xml:id="_vaultbackend_8h_source_1l00044"/><link linkend="_class_vault_backend_1a01edb97754d3e7efb53e8b74e12ba431">00044</link> &#32;&#32;&#32;&#32;QByteArray&#32;<link linkend="_class_vault_backend_1a01edb97754d3e7efb53e8b74e12ba431">m_systemIDHash</link>;
<anchor xml:id="_vaultbackend_8h_source_1l00045"/>00045 
<anchor xml:id="_vaultbackend_8h_source_1l00046"/><link linkend="_class_vault_backend_1a55eae9caf2f7a1f343ead88467c5762a">00046</link> &#32;&#32;&#32;&#32;QMap&lt;QString,&#32;QStringList&gt;&#32;<link linkend="_class_vault_backend_1a55eae9caf2f7a1f343ead88467c5762a">m_themeWords</link>;
<anchor xml:id="_vaultbackend_8h_source_1l00047"/>00047 &#32;&#32;&#32;&#32;<emphasis role="keywordtype">void</emphasis>&#32;<link linkend="_class_vault_backend_1a155a503fd34e7b36b506d38a5eab1719">loadNicknameWords</link>(<emphasis role="keyword">const</emphasis>&#32;QString&#32;&amp;filePath&#32;=&#32;<emphasis role="stringliteral">&quot;data/theme_data.txt&quot;</emphasis>);
<anchor xml:id="_vaultbackend_8h_source_1l00048"/>00048 
<anchor xml:id="_vaultbackend_8h_source_1l00049"/>00049 &#32;&#32;&#32;&#32;QByteArray&#32;<link linkend="_class_vault_backend_1a61608f6a6d3e42d6d6cb1eb82a6e6a1a">deriveKey</link>(<emphasis role="keyword">const</emphasis>&#32;QString&#32;&amp;password,&#32;<emphasis role="keyword">const</emphasis>&#32;QByteArray&#32;&amp;salt);
<anchor xml:id="_vaultbackend_8h_source_1l00050"/>00050 &#32;&#32;&#32;&#32;QByteArray&#32;<link linkend="_class_vault_backend_1aa067cfeedf196fe45d29c157c292e2c1">encryptData</link>(<emphasis role="keyword">const</emphasis>&#32;QByteArray&#32;&amp;data,&#32;<emphasis role="keyword">const</emphasis>&#32;QString&#32;&amp;masterKey);
<anchor xml:id="_vaultbackend_8h_source_1l00051"/>00051 &#32;&#32;&#32;&#32;QByteArray&#32;<link linkend="_class_vault_backend_1ae65ef07ae665dbd8004d50e3a4de82bb">decryptData</link>(<emphasis role="keyword">const</emphasis>&#32;QByteArray&#32;&amp;encryptedData,&#32;<emphasis role="keyword">const</emphasis>&#32;QString&#32;&amp;masterKey);
<anchor xml:id="_vaultbackend_8h_source_1l00052"/>00052 &#32;&#32;&#32;&#32;<emphasis role="keywordtype">void</emphasis>&#32;<link linkend="_class_vault_backend_1a573965fa954eed30b770514edabf054e">saveDatabaseToFile</link>();
<anchor xml:id="_vaultbackend_8h_source_1l00053"/>00053 
<anchor xml:id="_vaultbackend_8h_source_1l00054"/>00054 &#32;&#32;&#32;&#32;QByteArray&#32;<link linkend="_class_vault_backend_1a33180482ea5181d81d7e41d73b7cad9b">generateSystemHash</link>()&#32;<emphasis role="keyword">const</emphasis>;
<anchor xml:id="_vaultbackend_8h_source_1l00055"/>00055 &#32;&#32;&#32;&#32;<emphasis role="keywordtype">bool</emphasis>&#32;<link linkend="_class_vault_backend_1af21b376d4c2e2fdcb048515430b32bcc">checkIntegrity</link>(<emphasis role="keyword">const</emphasis>&#32;QByteArray&#32;&amp;fileData,&#32;<emphasis role="keyword">const</emphasis>&#32;QByteArray&#32;&amp;key)&#32;<emphasis role="keyword">const</emphasis>;
<anchor xml:id="_vaultbackend_8h_source_1l00056"/>00056 };
<anchor xml:id="_vaultbackend_8h_source_1l00057"/>00057 
<anchor xml:id="_vaultbackend_8h_source_1l00058"/>00058 <emphasis role="preprocessor">#endif</emphasis>
</programlisting></section>
