<?xml version='1.0' encoding='UTF-8' standalone='no'?>
<section xmlns="http://docbook.org/ns/docbook" version="5.0" xmlns:xlink="http://www.w3.org/1999/xlink" xml:id="_vaultbackend_8h" xml:lang="en-US">
<title>vaultbackend.h File Reference</title>
<indexterm><primary>vaultbackend.h</primary></indexterm>
<programlisting linenumbering="unnumbered">#include &lt;QObject&gt;<?linebreak?>#include &lt;QVariantList&gt;<?linebreak?>#include &lt;QVariantMap&gt;<?linebreak?>#include &lt;QMap&gt;<?linebreak?>#include &lt;QStandardPaths&gt;<?linebreak?></programlisting>Include dependency graph for vaultbackend.h:<para>
    <informalfigure>
        <mediaobject>
            <imageobject>
                <imagedata width="50%" align="center" valign="middle" scalefit="0" fileref="vaultbackend_8h__incl.png"></imagedata>
            </imageobject>
        </mediaobject>
    </informalfigure>
</para>
This graph shows which files directly or indirectly include this file:<para>
    <informalfigure>
        <mediaobject>
            <imageobject>
                <imagedata width="50%" align="center" valign="middle" scalefit="0" fileref="vaultbackend_8h__dep__incl.png"></imagedata>
            </imageobject>
        </mediaobject>
    </informalfigure>
</para>
<simplesect>
    <title>Classes    </title>
        <itemizedlist>
            <listitem><para>class <link linkend="_class_vault_backend">VaultBackend</link></para>
</listitem>
        </itemizedlist>
</simplesect>
</section>
