<?xml version='1.0' encoding='UTF-8' standalone='no'?>
<section xmlns="http://docbook.org/ns/docbook" version="5.0" xmlns:xlink="http://www.w3.org/1999/xlink" xml:id="_vaultbackend_8cpp_source" xml:lang="en-US">
<title>vaultbackend.cpp</title>
Go to the documentation of this file.<programlisting linenumbering="unnumbered"><anchor xml:id="_vaultbackend_8cpp_source_1l00001"/>00001 <emphasis role="preprocessor">#include&#32;&quot;<link linkend="_vaultbackend_8h">vaultbackend.h</link>&quot;</emphasis>
<anchor xml:id="_vaultbackend_8cpp_source_1l00002"/>00002 <emphasis role="preprocessor">#include&#32;&lt;QDir&gt;</emphasis>
<anchor xml:id="_vaultbackend_8cpp_source_1l00003"/>00003 <emphasis role="preprocessor">#include&#32;&lt;QFile&gt;</emphasis>
<anchor xml:id="_vaultbackend_8cpp_source_1l00004"/>00004 <emphasis role="preprocessor">#include&#32;&lt;QStandardPaths&gt;</emphasis>
<anchor xml:id="_vaultbackend_8cpp_source_1l00005"/>00005 <emphasis role="preprocessor">#include&#32;&lt;QJsonDocument&gt;</emphasis>
<anchor xml:id="_vaultbackend_8cpp_source_1l00006"/>00006 <emphasis role="preprocessor">#include&#32;&lt;QJsonObject&gt;</emphasis>
<anchor xml:id="_vaultbackend_8cpp_source_1l00007"/>00007 <emphasis role="preprocessor">#include&#32;&lt;QJsonArray&gt;</emphasis>
<anchor xml:id="_vaultbackend_8cpp_source_1l00008"/>00008 <emphasis role="preprocessor">#include&#32;&lt;QDateTime&gt;</emphasis>
<anchor xml:id="_vaultbackend_8cpp_source_1l00009"/>00009 <emphasis role="preprocessor">#include&#32;&lt;QDebug&gt;</emphasis>
<anchor xml:id="_vaultbackend_8cpp_source_1l00010"/>00010 <emphasis role="preprocessor">#include&#32;&lt;QCryptographicHash&gt;</emphasis>
<anchor xml:id="_vaultbackend_8cpp_source_1l00011"/>00011 <emphasis role="preprocessor">#include&#32;&lt;QRandomGenerator&gt;</emphasis>
<anchor xml:id="_vaultbackend_8cpp_source_1l00012"/>00012 <emphasis role="preprocessor">#include&#32;&lt;cmath&gt;</emphasis>
<anchor xml:id="_vaultbackend_8cpp_source_1l00013"/>00013 <emphasis role="preprocessor">#include&#32;&lt;cstring&gt;</emphasis>
<anchor xml:id="_vaultbackend_8cpp_source_1l00014"/>00014 <emphasis role="preprocessor">#include&#32;&lt;QtGlobal&gt;</emphasis>
<anchor xml:id="_vaultbackend_8cpp_source_1l00015"/>00015 <emphasis role="preprocessor">#include&#32;&lt;QSysInfo&gt;</emphasis>
<anchor xml:id="_vaultbackend_8cpp_source_1l00016"/>00016 <emphasis role="preprocessor">#include&#32;&lt;QTextStream&gt;</emphasis>
<anchor xml:id="_vaultbackend_8cpp_source_1l00017"/>00017 
<anchor xml:id="_vaultbackend_8cpp_source_1l00018"/><link linkend="_vaultbackend_8cpp_1a36e65b8bde72bfc04f6b229e05142c0d">00018</link> QString&#32;<link linkend="_vaultbackend_8cpp_1a36e65b8bde72bfc04f6b229e05142c0d">getDatabasePath</link>()&#32;{
<anchor xml:id="_vaultbackend_8cpp_source_1l00019"/>00019 &#32;&#32;&#32;&#32;QString&#32;path&#32;=&#32;QStandardPaths::writableLocation(QStandardPaths::AppDataLocation);
<anchor xml:id="_vaultbackend_8cpp_source_1l00020"/>00020 
<anchor xml:id="_vaultbackend_8cpp_source_1l00021"/>00021 &#32;&#32;&#32;&#32;QDir&#32;dir;
<anchor xml:id="_vaultbackend_8cpp_source_1l00022"/>00022 &#32;&#32;&#32;&#32;<emphasis role="keywordflow">if</emphasis>&#32;(!dir.mkpath(path))&#32;{
<anchor xml:id="_vaultbackend_8cpp_source_1l00023"/>00023 &#32;&#32;&#32;&#32;&#32;&#32;&#32;&#32;qCritical()&#32;&lt;&lt;&#32;<emphasis role="stringliteral">&quot;CRITICAL:&#32;Cannot&#32;create&#32;application&#32;data&#32;path:&quot;</emphasis>&#32;&lt;&lt;&#32;path;
<anchor xml:id="_vaultbackend_8cpp_source_1l00024"/>00024 &#32;&#32;&#32;&#32;&#32;&#32;&#32;&#32;<emphasis role="keywordflow">return</emphasis>&#32;<emphasis role="stringliteral">&quot;vault.dat&quot;</emphasis>;
<anchor xml:id="_vaultbackend_8cpp_source_1l00025"/>00025 &#32;&#32;&#32;&#32;}
<anchor xml:id="_vaultbackend_8cpp_source_1l00026"/>00026 
<anchor xml:id="_vaultbackend_8cpp_source_1l00027"/>00027 &#32;&#32;&#32;&#32;<emphasis role="keywordflow">return</emphasis>&#32;path&#32;+&#32;QDir::separator()&#32;+&#32;<emphasis role="stringliteral">&quot;vault.dat&quot;</emphasis>;
<anchor xml:id="_vaultbackend_8cpp_source_1l00028"/>00028 }
<anchor xml:id="_vaultbackend_8cpp_source_1l00029"/>00029 
<anchor xml:id="_vaultbackend_8cpp_source_1l00030"/><link linkend="_vaultbackend_8cpp_1a98c022bb2fbafdfa9caf1a702ae742b6">00030</link> QByteArray&#32;<link linkend="_vaultbackend_8cpp_1a98c022bb2fbafdfa9caf1a702ae742b6">get8RandomBytes</link>()&#32;{
<anchor xml:id="_vaultbackend_8cpp_source_1l00031"/>00031 &#32;&#32;&#32;&#32;quint64&#32;randomValue&#32;=&#32;QRandomGenerator::system()-&gt;generate64();
<anchor xml:id="_vaultbackend_8cpp_source_1l00032"/>00032 &#32;&#32;&#32;&#32;QByteArray&#32;array(8,&#32;Qt::Uninitialized);
<anchor xml:id="_vaultbackend_8cpp_source_1l00033"/>00033 &#32;&#32;&#32;&#32;memcpy(array.data(),&#32;&amp;randomValue,&#32;8);
<anchor xml:id="_vaultbackend_8cpp_source_1l00034"/>00034 &#32;&#32;&#32;&#32;<emphasis role="keywordflow">return</emphasis>&#32;array;
<anchor xml:id="_vaultbackend_8cpp_source_1l00035"/>00035 }
<anchor xml:id="_vaultbackend_8cpp_source_1l00036"/>00036 
<anchor xml:id="_vaultbackend_8cpp_source_1l00037"/><link linkend="_class_vault_backend_1a33180482ea5181d81d7e41d73b7cad9b">00037</link> QByteArray&#32;<link linkend="_class_vault_backend_1a33180482ea5181d81d7e41d73b7cad9b">VaultBackend::generateSystemHash</link>()<emphasis role="keyword">&#32;const&#32;</emphasis>{
<anchor xml:id="_vaultbackend_8cpp_source_1l00038"/>00038 &#32;&#32;&#32;&#32;QString&#32;systemInfo&#32;=&#32;qEnvironmentVariable(<emphasis role="stringliteral">&quot;USER&quot;</emphasis>)&#32;+&#32;QSysInfo::machineHostName()&#32;+&#32;QSysInfo::kernelType();
<anchor xml:id="_vaultbackend_8cpp_source_1l00039"/>00039 &#32;&#32;&#32;&#32;<emphasis role="keywordflow">return</emphasis>&#32;QCryptographicHash::hash(systemInfo.toUtf8(),&#32;QCryptographicHash::Sha256);
<anchor xml:id="_vaultbackend_8cpp_source_1l00040"/>00040 }
<anchor xml:id="_vaultbackend_8cpp_source_1l00041"/>00041 
<anchor xml:id="_vaultbackend_8cpp_source_1l00042"/><link linkend="_class_vault_backend_1af21b376d4c2e2fdcb048515430b32bcc">00042</link> <emphasis role="keywordtype">bool</emphasis>&#32;<link linkend="_class_vault_backend_1af21b376d4c2e2fdcb048515430b32bcc">VaultBackend::checkIntegrity</link>(<emphasis role="keyword">const</emphasis>&#32;QByteArray&#32;&amp;fileData,&#32;<emphasis role="keyword">const</emphasis>&#32;QByteArray&#32;&amp;key)<emphasis role="keyword">&#32;const&#32;</emphasis>{
<anchor xml:id="_vaultbackend_8cpp_source_1l00043"/>00043 &#32;&#32;&#32;&#32;<emphasis role="keywordflow">if</emphasis>&#32;(fileData.size()&#32;&lt;&#32;72)&#32;<emphasis role="keywordflow">return</emphasis>&#32;<emphasis role="keyword">false</emphasis>;
<anchor xml:id="_vaultbackend_8cpp_source_1l00044"/>00044 
<anchor xml:id="_vaultbackend_8cpp_source_1l00045"/>00045 &#32;&#32;&#32;&#32;QByteArray&#32;receivedHMAC&#32;=&#32;fileData.right(32);
<anchor xml:id="_vaultbackend_8cpp_source_1l00046"/>00046 &#32;&#32;&#32;&#32;QByteArray&#32;dataToCheck&#32;=&#32;fileData.left(fileData.size()&#32;-&#32;32);
<anchor xml:id="_vaultbackend_8cpp_source_1l00047"/>00047 &#32;&#32;&#32;&#32;QByteArray&#32;expectedHMAC&#32;=&#32;QCryptographicHash::hash(key&#32;+&#32;dataToCheck,&#32;QCryptographicHash::Sha256);
<anchor xml:id="_vaultbackend_8cpp_source_1l00048"/>00048 
<anchor xml:id="_vaultbackend_8cpp_source_1l00049"/>00049 &#32;&#32;&#32;&#32;<emphasis role="keywordflow">return</emphasis>&#32;expectedHMAC&#32;==&#32;receivedHMAC;
<anchor xml:id="_vaultbackend_8cpp_source_1l00050"/>00050 }
<anchor xml:id="_vaultbackend_8cpp_source_1l00051"/>00051 
<anchor xml:id="_vaultbackend_8cpp_source_1l00052"/><link linkend="_class_vault_backend_1a7c813497ce377ce2a1f885a6a5bf5c71">00052</link> <emphasis role="keywordtype">bool</emphasis>&#32;<link linkend="_class_vault_backend_1a7c813497ce377ce2a1f885a6a5bf5c71">VaultBackend::checkSystemBound</link>()<emphasis role="keyword">&#32;const&#32;</emphasis>{
<anchor xml:id="_vaultbackend_8cpp_source_1l00053"/>00053 &#32;&#32;&#32;&#32;<emphasis role="keywordflow">return</emphasis>&#32;<link linkend="_class_vault_backend_1a01edb97754d3e7efb53e8b74e12ba431">m_systemIDHash</link>&#32;==&#32;<link linkend="_class_vault_backend_1a33180482ea5181d81d7e41d73b7cad9b">generateSystemHash</link>();
<anchor xml:id="_vaultbackend_8cpp_source_1l00054"/>00054 }
<anchor xml:id="_vaultbackend_8cpp_source_1l00055"/>00055 
<anchor xml:id="_vaultbackend_8cpp_source_1l00056"/><link linkend="_class_vault_backend_1a2ccb75599e0b7beaa86fba275d1a8494">00056</link> <link linkend="_class_vault_backend_1a2ccb75599e0b7beaa86fba275d1a8494">VaultBackend::VaultBackend</link>(QObject&#32;*parent)&#32;:&#32;QObject(parent)&#32;{
<anchor xml:id="_vaultbackend_8cpp_source_1l00057"/>00057 &#32;&#32;&#32;&#32;<link linkend="_class_vault_backend_1a155a503fd34e7b36b506d38a5eab1719">loadNicknameWords</link>();
<anchor xml:id="_vaultbackend_8cpp_source_1l00058"/>00058 }
<anchor xml:id="_vaultbackend_8cpp_source_1l00059"/>00059 
<anchor xml:id="_vaultbackend_8cpp_source_1l00060"/>00060 
<anchor xml:id="_vaultbackend_8cpp_source_1l00061"/><link linkend="_class_vault_backend_1a61608f6a6d3e42d6d6cb1eb82a6e6a1a">00061</link> QByteArray&#32;<link linkend="_class_vault_backend_1a61608f6a6d3e42d6d6cb1eb82a6e6a1a">VaultBackend::deriveKey</link>(<emphasis role="keyword">const</emphasis>&#32;QString&#32;&amp;password,&#32;<emphasis role="keyword">const</emphasis>&#32;QByteArray&#32;&amp;salt)&#32;{
<anchor xml:id="_vaultbackend_8cpp_source_1l00062"/>00062 &#32;&#32;&#32;&#32;QByteArray&#32;key&#32;=&#32;password.toUtf8();
<anchor xml:id="_vaultbackend_8cpp_source_1l00063"/>00063 &#32;&#32;&#32;&#32;<emphasis role="keywordflow">for</emphasis>(<emphasis role="keywordtype">int</emphasis>&#32;i&#32;=&#32;0;&#32;i&#32;&lt;&#32;10000;&#32;++i)&#32;{
<anchor xml:id="_vaultbackend_8cpp_source_1l00064"/>00064 &#32;&#32;&#32;&#32;&#32;&#32;&#32;&#32;QByteArray&#32;dataToHash&#32;=&#32;salt&#32;+&#32;key;
<anchor xml:id="_vaultbackend_8cpp_source_1l00065"/>00065 &#32;&#32;&#32;&#32;&#32;&#32;&#32;&#32;key&#32;=&#32;QCryptographicHash::hash(dataToHash,&#32;QCryptographicHash::Sha256);
<anchor xml:id="_vaultbackend_8cpp_source_1l00066"/>00066 &#32;&#32;&#32;&#32;}
<anchor xml:id="_vaultbackend_8cpp_source_1l00067"/>00067 &#32;&#32;&#32;&#32;<emphasis role="keywordflow">return</emphasis>&#32;key;
<anchor xml:id="_vaultbackend_8cpp_source_1l00068"/>00068 }
<anchor xml:id="_vaultbackend_8cpp_source_1l00069"/>00069 
<anchor xml:id="_vaultbackend_8cpp_source_1l00070"/><link linkend="_class_vault_backend_1aa067cfeedf196fe45d29c157c292e2c1">00070</link> QByteArray&#32;<link linkend="_class_vault_backend_1aa067cfeedf196fe45d29c157c292e2c1">VaultBackend::encryptData</link>(<emphasis role="keyword">const</emphasis>&#32;QByteArray&#32;&amp;data,&#32;<emphasis role="keyword">const</emphasis>&#32;QString&#32;&amp;masterKey)&#32;{
<anchor xml:id="_vaultbackend_8cpp_source_1l00071"/>00071 &#32;&#32;&#32;&#32;<emphasis role="keywordflow">if</emphasis>&#32;(<link linkend="_class_vault_backend_1a8af29e122d483436257465d7d9bd48fc">m_salt</link>.isEmpty())&#32;<link linkend="_class_vault_backend_1a8af29e122d483436257465d7d9bd48fc">m_salt</link>&#32;=&#32;<link linkend="_vaultbackend_8cpp_1a98c022bb2fbafdfa9caf1a702ae742b6">get8RandomBytes</link>();
<anchor xml:id="_vaultbackend_8cpp_source_1l00072"/>00072 &#32;&#32;&#32;&#32;QByteArray&#32;iv&#32;=&#32;<link linkend="_vaultbackend_8cpp_1a98c022bb2fbafdfa9caf1a702ae742b6">get8RandomBytes</link>();
<anchor xml:id="_vaultbackend_8cpp_source_1l00073"/>00073 &#32;&#32;&#32;&#32;QByteArray&#32;key&#32;=&#32;<link linkend="_class_vault_backend_1a61608f6a6d3e42d6d6cb1eb82a6e6a1a">deriveKey</link>(masterKey,&#32;<link linkend="_class_vault_backend_1a8af29e122d483436257465d7d9bd48fc">m_salt</link>);
<anchor xml:id="_vaultbackend_8cpp_source_1l00074"/>00074 
<anchor xml:id="_vaultbackend_8cpp_source_1l00075"/>00075 &#32;&#32;&#32;&#32;QByteArray&#32;result;
<anchor xml:id="_vaultbackend_8cpp_source_1l00076"/>00076 &#32;&#32;&#32;&#32;QByteArray&#32;blockKey&#32;=&#32;key;
<anchor xml:id="_vaultbackend_8cpp_source_1l00077"/>00077 &#32;&#32;&#32;&#32;<emphasis role="keywordflow">for</emphasis>&#32;(<emphasis role="keywordtype">int</emphasis>&#32;i&#32;=&#32;0;&#32;i&#32;&lt;&#32;data.size();&#32;++i)&#32;{
<anchor xml:id="_vaultbackend_8cpp_source_1l00078"/>00078 &#32;&#32;&#32;&#32;&#32;&#32;&#32;&#32;<emphasis role="keywordflow">if</emphasis>&#32;(i&#32;&gt;&#32;0&#32;&amp;&amp;&#32;i&#32;%&#32;32&#32;==&#32;0)&#32;blockKey&#32;=&#32;QCryptographicHash::hash(blockKey&#32;+&#32;iv,&#32;QCryptographicHash::Sha256);
<anchor xml:id="_vaultbackend_8cpp_source_1l00079"/>00079 &#32;&#32;&#32;&#32;&#32;&#32;&#32;&#32;result.append(data[i]&#32;^&#32;blockKey[i&#32;%&#32;32]);
<anchor xml:id="_vaultbackend_8cpp_source_1l00080"/>00080 &#32;&#32;&#32;&#32;}
<anchor xml:id="_vaultbackend_8cpp_source_1l00081"/>00081 
<anchor xml:id="_vaultbackend_8cpp_source_1l00082"/>00082 &#32;&#32;&#32;&#32;QByteArray&#32;systemBoundHash&#32;=&#32;<link linkend="_class_vault_backend_1a33180482ea5181d81d7e41d73b7cad9b">generateSystemHash</link>();
<anchor xml:id="_vaultbackend_8cpp_source_1l00083"/>00083 
<anchor xml:id="_vaultbackend_8cpp_source_1l00084"/>00084 &#32;&#32;&#32;&#32;QByteArray&#32;output;
<anchor xml:id="_vaultbackend_8cpp_source_1l00085"/>00085 &#32;&#32;&#32;&#32;output.append(systemBoundHash);
<anchor xml:id="_vaultbackend_8cpp_source_1l00086"/>00086 &#32;&#32;&#32;&#32;output.append(<link linkend="_class_vault_backend_1a8af29e122d483436257465d7d9bd48fc">m_salt</link>);
<anchor xml:id="_vaultbackend_8cpp_source_1l00087"/>00087 &#32;&#32;&#32;&#32;output.append(iv);
<anchor xml:id="_vaultbackend_8cpp_source_1l00088"/>00088 &#32;&#32;&#32;&#32;output.append(result);
<anchor xml:id="_vaultbackend_8cpp_source_1l00089"/>00089 
<anchor xml:id="_vaultbackend_8cpp_source_1l00090"/>00090 &#32;&#32;&#32;&#32;QByteArray&#32;hmac&#32;=&#32;QCryptographicHash::hash(key&#32;+&#32;output,&#32;QCryptographicHash::Sha256);
<anchor xml:id="_vaultbackend_8cpp_source_1l00091"/>00091 &#32;&#32;&#32;&#32;output.append(hmac);
<anchor xml:id="_vaultbackend_8cpp_source_1l00092"/>00092 
<anchor xml:id="_vaultbackend_8cpp_source_1l00093"/>00093 &#32;&#32;&#32;&#32;<emphasis role="keywordflow">return</emphasis>&#32;output;
<anchor xml:id="_vaultbackend_8cpp_source_1l00094"/>00094 }
<anchor xml:id="_vaultbackend_8cpp_source_1l00095"/>00095 
<anchor xml:id="_vaultbackend_8cpp_source_1l00096"/><link linkend="_class_vault_backend_1ae65ef07ae665dbd8004d50e3a4de82bb">00096</link> QByteArray&#32;<link linkend="_class_vault_backend_1ae65ef07ae665dbd8004d50e3a4de82bb">VaultBackend::decryptData</link>(<emphasis role="keyword">const</emphasis>&#32;QByteArray&#32;&amp;fileData,&#32;<emphasis role="keyword">const</emphasis>&#32;QString&#32;&amp;masterKey)&#32;{
<anchor xml:id="_vaultbackend_8cpp_source_1l00097"/>00097 &#32;&#32;&#32;&#32;<emphasis role="keywordflow">if</emphasis>&#32;(fileData.size()&#32;&lt;&#32;72)&#32;<emphasis role="keywordflow">return</emphasis>&#32;QByteArray();
<anchor xml:id="_vaultbackend_8cpp_source_1l00098"/>00098 
<anchor xml:id="_vaultbackend_8cpp_source_1l00099"/>00099 &#32;&#32;&#32;&#32;QByteArray&#32;integrityKey&#32;=&#32;<link linkend="_class_vault_backend_1a61608f6a6d3e42d6d6cb1eb82a6e6a1a">deriveKey</link>(masterKey,&#32;fileData.mid(32,&#32;8));
<anchor xml:id="_vaultbackend_8cpp_source_1l00100"/>00100 &#32;&#32;&#32;&#32;<emphasis role="keywordflow">if</emphasis>&#32;(!<link linkend="_class_vault_backend_1af21b376d4c2e2fdcb048515430b32bcc">checkIntegrity</link>(fileData,&#32;integrityKey))&#32;<emphasis role="keywordflow">return</emphasis>&#32;QByteArray();
<anchor xml:id="_vaultbackend_8cpp_source_1l00101"/>00101 
<anchor xml:id="_vaultbackend_8cpp_source_1l00102"/>00102 &#32;&#32;&#32;&#32;QByteArray&#32;systemID&#32;=&#32;fileData.mid(0,&#32;32);
<anchor xml:id="_vaultbackend_8cpp_source_1l00103"/>00103 &#32;&#32;&#32;&#32;<emphasis role="keywordflow">if</emphasis>&#32;(systemID&#32;!=&#32;<link linkend="_class_vault_backend_1a33180482ea5181d81d7e41d73b7cad9b">generateSystemHash</link>())&#32;<emphasis role="keywordflow">return</emphasis>&#32;QByteArray();
<anchor xml:id="_vaultbackend_8cpp_source_1l00104"/>00104 
<anchor xml:id="_vaultbackend_8cpp_source_1l00105"/>00105 &#32;&#32;&#32;&#32;QByteArray&#32;salt&#32;=&#32;fileData.mid(32,&#32;8);
<anchor xml:id="_vaultbackend_8cpp_source_1l00106"/>00106 &#32;&#32;&#32;&#32;QByteArray&#32;iv&#32;=&#32;fileData.mid(40,&#32;8);
<anchor xml:id="_vaultbackend_8cpp_source_1l00107"/>00107 &#32;&#32;&#32;&#32;QByteArray&#32;encryptedContent&#32;=&#32;fileData.mid(48,&#32;fileData.size()&#32;-&#32;48&#32;-&#32;32);
<anchor xml:id="_vaultbackend_8cpp_source_1l00108"/>00108 
<anchor xml:id="_vaultbackend_8cpp_source_1l00109"/>00109 &#32;&#32;&#32;&#32;QByteArray&#32;key&#32;=&#32;<link linkend="_class_vault_backend_1a61608f6a6d3e42d6d6cb1eb82a6e6a1a">deriveKey</link>(masterKey,&#32;salt);
<anchor xml:id="_vaultbackend_8cpp_source_1l00110"/>00110 &#32;&#32;&#32;&#32;QByteArray&#32;result;
<anchor xml:id="_vaultbackend_8cpp_source_1l00111"/>00111 &#32;&#32;&#32;&#32;QByteArray&#32;blockKey&#32;=&#32;key;
<anchor xml:id="_vaultbackend_8cpp_source_1l00112"/>00112 
<anchor xml:id="_vaultbackend_8cpp_source_1l00113"/>00113 &#32;&#32;&#32;&#32;<emphasis role="keywordflow">for</emphasis>&#32;(<emphasis role="keywordtype">int</emphasis>&#32;i&#32;=&#32;0;&#32;i&#32;&lt;&#32;encryptedContent.size();&#32;++i)&#32;{
<anchor xml:id="_vaultbackend_8cpp_source_1l00114"/>00114 &#32;&#32;&#32;&#32;&#32;&#32;&#32;&#32;<emphasis role="keywordflow">if</emphasis>&#32;(i&#32;&gt;&#32;0&#32;&amp;&amp;&#32;i&#32;%&#32;32&#32;==&#32;0)&#32;blockKey&#32;=&#32;QCryptographicHash::hash(blockKey&#32;+&#32;iv,&#32;QCryptographicHash::Sha256);
<anchor xml:id="_vaultbackend_8cpp_source_1l00115"/>00115 &#32;&#32;&#32;&#32;&#32;&#32;&#32;&#32;result.append(encryptedContent[i]&#32;^&#32;blockKey[i&#32;%&#32;32]);
<anchor xml:id="_vaultbackend_8cpp_source_1l00116"/>00116 &#32;&#32;&#32;&#32;}
<anchor xml:id="_vaultbackend_8cpp_source_1l00117"/>00117 
<anchor xml:id="_vaultbackend_8cpp_source_1l00118"/>00118 &#32;&#32;&#32;&#32;<link linkend="_class_vault_backend_1a8af29e122d483436257465d7d9bd48fc">m_salt</link>&#32;=&#32;salt;
<anchor xml:id="_vaultbackend_8cpp_source_1l00119"/>00119 &#32;&#32;&#32;&#32;<link linkend="_class_vault_backend_1a01edb97754d3e7efb53e8b74e12ba431">m_systemIDHash</link>&#32;=&#32;systemID;
<anchor xml:id="_vaultbackend_8cpp_source_1l00120"/>00120 &#32;&#32;&#32;&#32;<emphasis role="keywordflow">return</emphasis>&#32;result;
<anchor xml:id="_vaultbackend_8cpp_source_1l00121"/>00121 }
<anchor xml:id="_vaultbackend_8cpp_source_1l00122"/>00122 
<anchor xml:id="_vaultbackend_8cpp_source_1l00123"/><link linkend="_class_vault_backend_1a155a503fd34e7b36b506d38a5eab1719">00123</link> <emphasis role="keywordtype">void</emphasis>&#32;<link linkend="_class_vault_backend_1a155a503fd34e7b36b506d38a5eab1719">VaultBackend::loadNicknameWords</link>(<emphasis role="keyword">const</emphasis>&#32;QString&#32;&amp;filePath)&#32;{
<anchor xml:id="_vaultbackend_8cpp_source_1l00124"/>00124 &#32;&#32;&#32;&#32;QFile&#32;file(<emphasis role="stringliteral">&quot;:/data/theme_data.txt&quot;</emphasis>);
<anchor xml:id="_vaultbackend_8cpp_source_1l00125"/>00125 
<anchor xml:id="_vaultbackend_8cpp_source_1l00126"/>00126 &#32;&#32;&#32;&#32;<emphasis role="keywordflow">if</emphasis>&#32;(!file.open(QIODevice::ReadOnly&#32;|&#32;QIODevice::Text))&#32;{
<anchor xml:id="_vaultbackend_8cpp_source_1l00127"/>00127 &#32;&#32;&#32;&#32;&#32;&#32;&#32;&#32;<link linkend="_class_vault_backend_1a55eae9caf2f7a1f343ead88467c5762a">m_themeWords</link>.insert(<emphasis role="stringliteral">&quot;default&quot;</emphasis>,&#32;QStringList()&#32;&lt;&lt;&#32;<emphasis role="stringliteral">&quot;Crypto&quot;</emphasis>&#32;&lt;&lt;&#32;<emphasis role="stringliteral">&quot;Wizard&quot;</emphasis>&#32;&lt;&lt;&#32;<emphasis role="stringliteral">&quot;Cyber&quot;</emphasis>&#32;&lt;&lt;&#32;<emphasis role="stringliteral">&quot;Root&quot;</emphasis>&#32;&lt;&lt;&#32;<emphasis role="stringliteral">&quot;Matrix&quot;</emphasis>);
<anchor xml:id="_vaultbackend_8cpp_source_1l00128"/>00128 &#32;&#32;&#32;&#32;&#32;&#32;&#32;&#32;qWarning()&#32;&lt;&lt;&#32;<emphasis role="stringliteral">&quot;Theme&#32;data&#32;resource&#32;not&#32;found&#32;(:/data/theme_data.txt).&#32;Using&#32;default&#32;list.&quot;</emphasis>;
<anchor xml:id="_vaultbackend_8cpp_source_1l00129"/>00129 &#32;&#32;&#32;&#32;&#32;&#32;&#32;&#32;<emphasis role="keywordflow">return</emphasis>;
<anchor xml:id="_vaultbackend_8cpp_source_1l00130"/>00130 &#32;&#32;&#32;&#32;}
<anchor xml:id="_vaultbackend_8cpp_source_1l00131"/>00131 
<anchor xml:id="_vaultbackend_8cpp_source_1l00132"/>00132 &#32;&#32;&#32;&#32;QTextStream&#32;in(&amp;file);
<anchor xml:id="_vaultbackend_8cpp_source_1l00133"/>00133 &#32;&#32;&#32;&#32;QString&#32;currentTheme&#32;=&#32;<emphasis role="stringliteral">&quot;default&quot;</emphasis>;
<anchor xml:id="_vaultbackend_8cpp_source_1l00134"/>00134 &#32;&#32;&#32;&#32;<link linkend="_class_vault_backend_1a55eae9caf2f7a1f343ead88467c5762a">m_themeWords</link>.insert(currentTheme,&#32;QStringList());
<anchor xml:id="_vaultbackend_8cpp_source_1l00135"/>00135 
<anchor xml:id="_vaultbackend_8cpp_source_1l00136"/>00136 &#32;&#32;&#32;&#32;<emphasis role="keywordflow">while</emphasis>&#32;(!in.atEnd())&#32;{
<anchor xml:id="_vaultbackend_8cpp_source_1l00137"/>00137 &#32;&#32;&#32;&#32;&#32;&#32;&#32;&#32;QString&#32;line&#32;=&#32;in.readLine().trimmed();
<anchor xml:id="_vaultbackend_8cpp_source_1l00138"/>00138 &#32;&#32;&#32;&#32;&#32;&#32;&#32;&#32;<emphasis role="keywordflow">if</emphasis>&#32;(line.isEmpty())&#32;<emphasis role="keywordflow">continue</emphasis>;
<anchor xml:id="_vaultbackend_8cpp_source_1l00139"/>00139 
<anchor xml:id="_vaultbackend_8cpp_source_1l00140"/>00140 &#32;&#32;&#32;&#32;&#32;&#32;&#32;&#32;<emphasis role="keywordflow">if</emphasis>&#32;(line.startsWith(<emphasis role="stringliteral">&quot;[Theme:&quot;</emphasis>)&#32;&amp;&amp;&#32;line.endsWith(<emphasis role="stringliteral">&quot;]&quot;</emphasis>))&#32;{
<anchor xml:id="_vaultbackend_8cpp_source_1l00141"/>00141 &#32;&#32;&#32;&#32;&#32;&#32;&#32;&#32;&#32;&#32;&#32;&#32;currentTheme&#32;=&#32;line.mid(7,&#32;line.length()&#32;-&#32;8).trimmed();
<anchor xml:id="_vaultbackend_8cpp_source_1l00142"/>00142 &#32;&#32;&#32;&#32;&#32;&#32;&#32;&#32;&#32;&#32;&#32;&#32;<link linkend="_class_vault_backend_1a55eae9caf2f7a1f343ead88467c5762a">m_themeWords</link>.insert(currentTheme,&#32;QStringList());
<anchor xml:id="_vaultbackend_8cpp_source_1l00143"/>00143 &#32;&#32;&#32;&#32;&#32;&#32;&#32;&#32;}&#32;<emphasis role="keywordflow">else</emphasis>&#32;{
<anchor xml:id="_vaultbackend_8cpp_source_1l00144"/>00144 &#32;&#32;&#32;&#32;&#32;&#32;&#32;&#32;&#32;&#32;&#32;&#32;<link linkend="_class_vault_backend_1a55eae9caf2f7a1f343ead88467c5762a">m_themeWords</link>[currentTheme].append(line);
<anchor xml:id="_vaultbackend_8cpp_source_1l00145"/>00145 &#32;&#32;&#32;&#32;&#32;&#32;&#32;&#32;}
<anchor xml:id="_vaultbackend_8cpp_source_1l00146"/>00146 &#32;&#32;&#32;&#32;}
<anchor xml:id="_vaultbackend_8cpp_source_1l00147"/>00147 &#32;&#32;&#32;&#32;file.close();
<anchor xml:id="_vaultbackend_8cpp_source_1l00148"/>00148 &#32;&#32;&#32;&#32;qDebug()&#32;&lt;&lt;&#32;<emphasis role="stringliteral">&quot;Loaded&quot;</emphasis>&#32;&lt;&lt;&#32;<link linkend="_class_vault_backend_1a55eae9caf2f7a1f343ead88467c5762a">m_themeWords</link>.keys().size()&#32;&lt;&lt;&#32;<emphasis role="stringliteral">&quot;themes.&quot;</emphasis>;
<anchor xml:id="_vaultbackend_8cpp_source_1l00149"/>00149 }
<anchor xml:id="_vaultbackend_8cpp_source_1l00150"/>00150 
<anchor xml:id="_vaultbackend_8cpp_source_1l00151"/><link linkend="_class_vault_backend_1ad222fc32424594b516b7b3c160626fea">00151</link> QStringList&#32;<link linkend="_class_vault_backend_1ad222fc32424594b516b7b3c160626fea">VaultBackend::getAvailableThemes</link>()<emphasis role="keyword">&#32;const&#32;</emphasis>{
<anchor xml:id="_vaultbackend_8cpp_source_1l00152"/>00152 &#32;&#32;&#32;&#32;<emphasis role="keywordflow">return</emphasis>&#32;<link linkend="_class_vault_backend_1a55eae9caf2f7a1f343ead88467c5762a">m_themeWords</link>.keys();
<anchor xml:id="_vaultbackend_8cpp_source_1l00153"/>00153 }
<anchor xml:id="_vaultbackend_8cpp_source_1l00154"/>00154 
<anchor xml:id="_vaultbackend_8cpp_source_1l00155"/><link linkend="_class_vault_backend_1a616756f8346a4287afbacd79bcfd4ff6">00155</link> QString&#32;<link linkend="_class_vault_backend_1a616756f8346a4287afbacd79bcfd4ff6">VaultBackend::generateNickname</link>(<emphasis role="keywordtype">int</emphasis>&#32;maxLength,&#32;<emphasis role="keywordtype">bool</emphasis>&#32;useMushup,&#32;<emphasis role="keywordtype">bool</emphasis>&#32;useInjection)&#32;{
<anchor xml:id="_vaultbackend_8cpp_source_1l00156"/>00156 &#32;&#32;&#32;&#32;<emphasis role="keywordflow">if</emphasis>&#32;(<link linkend="_class_vault_backend_1a55eae9caf2f7a1f343ead88467c5762a">m_themeWords</link>.isEmpty()&#32;||&#32;<link linkend="_class_vault_backend_1a55eae9caf2f7a1f343ead88467c5762a">m_themeWords</link>.keys().isEmpty())&#32;{
<anchor xml:id="_vaultbackend_8cpp_source_1l00157"/>00157 &#32;&#32;&#32;&#32;&#32;&#32;&#32;&#32;<emphasis role="keywordflow">return</emphasis>&#32;<emphasis role="stringliteral">&quot;ERROR_NO_THEMES&quot;</emphasis>;
<anchor xml:id="_vaultbackend_8cpp_source_1l00158"/>00158 &#32;&#32;&#32;&#32;}
<anchor xml:id="_vaultbackend_8cpp_source_1l00159"/>00159 
<anchor xml:id="_vaultbackend_8cpp_source_1l00160"/>00160 &#32;&#32;&#32;&#32;QStringList&#32;allThemes&#32;=&#32;<link linkend="_class_vault_backend_1a55eae9caf2f7a1f343ead88467c5762a">m_themeWords</link>.keys();
<anchor xml:id="_vaultbackend_8cpp_source_1l00161"/>00161 &#32;&#32;&#32;&#32;QString&#32;theme1&#32;=&#32;allThemes.at(QRandomGenerator::system()-&gt;bounded(allThemes.size()));
<anchor xml:id="_vaultbackend_8cpp_source_1l00162"/>00162 &#32;&#32;&#32;&#32;QString&#32;theme2&#32;=&#32;allThemes.at(QRandomGenerator::system()-&gt;bounded(allThemes.size()));
<anchor xml:id="_vaultbackend_8cpp_source_1l00163"/>00163 
<anchor xml:id="_vaultbackend_8cpp_source_1l00164"/>00164 &#32;&#32;&#32;&#32;QStringList&#32;words1&#32;=&#32;<link linkend="_class_vault_backend_1a55eae9caf2f7a1f343ead88467c5762a">m_themeWords</link>.value(theme1);
<anchor xml:id="_vaultbackend_8cpp_source_1l00165"/>00165 &#32;&#32;&#32;&#32;QStringList&#32;words2&#32;=&#32;<link linkend="_class_vault_backend_1a55eae9caf2f7a1f343ead88467c5762a">m_themeWords</link>.value(theme2);
<anchor xml:id="_vaultbackend_8cpp_source_1l00166"/>00166 
<anchor xml:id="_vaultbackend_8cpp_source_1l00167"/>00167 &#32;&#32;&#32;&#32;QString&#32;baseNickname&#32;=&#32;<emphasis role="stringliteral">&quot;&quot;</emphasis>;
<anchor xml:id="_vaultbackend_8cpp_source_1l00168"/>00168 
<anchor xml:id="_vaultbackend_8cpp_source_1l00169"/>00169 &#32;&#32;&#32;&#32;<emphasis role="keywordflow">if</emphasis>&#32;(useMushup&#32;&amp;&amp;&#32;words1.size()&#32;&gt;&#32;0&#32;&amp;&amp;&#32;words2.size()&#32;&gt;&#32;0)&#32;{
<anchor xml:id="_vaultbackend_8cpp_source_1l00170"/>00170 &#32;&#32;&#32;&#32;&#32;&#32;&#32;&#32;QString&#32;word1&#32;=&#32;words1.at(QRandomGenerator::system()-&gt;bounded(words1.size()));
<anchor xml:id="_vaultbackend_8cpp_source_1l00171"/>00171 &#32;&#32;&#32;&#32;&#32;&#32;&#32;&#32;QString&#32;word2&#32;=&#32;words2.at(QRandomGenerator::system()-&gt;bounded(words2.size()));
<anchor xml:id="_vaultbackend_8cpp_source_1l00172"/>00172 
<anchor xml:id="_vaultbackend_8cpp_source_1l00173"/>00173 &#32;&#32;&#32;&#32;&#32;&#32;&#32;&#32;<emphasis role="keywordtype">int</emphasis>&#32;split1&#32;=&#32;QRandomGenerator::system()-&gt;bounded(word1.length()&#32;&gt;&#32;1&#32;?&#32;word1.length()&#32;:&#32;1);
<anchor xml:id="_vaultbackend_8cpp_source_1l00174"/>00174 
<anchor xml:id="_vaultbackend_8cpp_source_1l00175"/>00175 &#32;&#32;&#32;&#32;&#32;&#32;&#32;&#32;baseNickname&#32;=&#32;word1.left(split1)&#32;+&#32;word2.right(word2.length()&#32;-&#32;split1);
<anchor xml:id="_vaultbackend_8cpp_source_1l00176"/>00176 &#32;&#32;&#32;&#32;&#32;&#32;&#32;&#32;baseNickname&#32;=&#32;baseNickname.toLower();
<anchor xml:id="_vaultbackend_8cpp_source_1l00177"/>00177 
<anchor xml:id="_vaultbackend_8cpp_source_1l00178"/>00178 &#32;&#32;&#32;&#32;}&#32;<emphasis role="keywordflow">else</emphasis>&#32;<emphasis role="keywordflow">if</emphasis>&#32;(words1.size()&#32;&gt;&#32;0)&#32;{
<anchor xml:id="_vaultbackend_8cpp_source_1l00179"/>00179 &#32;&#32;&#32;&#32;&#32;&#32;&#32;&#32;baseNickname&#32;=&#32;words1.at(QRandomGenerator::system()-&gt;bounded(words1.size()));
<anchor xml:id="_vaultbackend_8cpp_source_1l00180"/>00180 &#32;&#32;&#32;&#32;&#32;&#32;&#32;&#32;baseNickname&#32;=&#32;baseNickname.toLower();
<anchor xml:id="_vaultbackend_8cpp_source_1l00181"/>00181 &#32;&#32;&#32;&#32;}&#32;<emphasis role="keywordflow">else</emphasis>&#32;{
<anchor xml:id="_vaultbackend_8cpp_source_1l00182"/>00182 &#32;&#32;&#32;&#32;&#32;&#32;&#32;&#32;<emphasis role="keywordflow">return</emphasis>&#32;<emphasis role="stringliteral">&quot;nick_error&quot;</emphasis>;
<anchor xml:id="_vaultbackend_8cpp_source_1l00183"/>00183 &#32;&#32;&#32;&#32;}
<anchor xml:id="_vaultbackend_8cpp_source_1l00184"/>00184 
<anchor xml:id="_vaultbackend_8cpp_source_1l00185"/>00185 &#32;&#32;&#32;&#32;QString&#32;finalNickname&#32;=&#32;baseNickname;
<anchor xml:id="_vaultbackend_8cpp_source_1l00186"/>00186 
<anchor xml:id="_vaultbackend_8cpp_source_1l00187"/>00187 &#32;&#32;&#32;&#32;<emphasis role="keywordflow">if</emphasis>&#32;(useInjection)&#32;{
<anchor xml:id="_vaultbackend_8cpp_source_1l00188"/>00188 &#32;&#32;&#32;&#32;&#32;&#32;&#32;&#32;<emphasis role="keyword">const</emphasis>&#32;QString&#32;symbols&#32;=&#32;<emphasis role="stringliteral">&quot;!@#$%^&amp;&quot;</emphasis>;
<anchor xml:id="_vaultbackend_8cpp_source_1l00189"/>00189 &#32;&#32;&#32;&#32;&#32;&#32;&#32;&#32;<emphasis role="keywordtype">int</emphasis>&#32;numSymbols&#32;=&#32;QRandomGenerator::system()-&gt;bounded(1,&#32;4);
<anchor xml:id="_vaultbackend_8cpp_source_1l00190"/>00190 
<anchor xml:id="_vaultbackend_8cpp_source_1l00191"/>00191 &#32;&#32;&#32;&#32;&#32;&#32;&#32;&#32;<emphasis role="keywordflow">for</emphasis>&#32;(<emphasis role="keywordtype">int</emphasis>&#32;i&#32;=&#32;0;&#32;i&#32;&lt;&#32;numSymbols;&#32;++i)&#32;{
<anchor xml:id="_vaultbackend_8cpp_source_1l00192"/>00192 &#32;&#32;&#32;&#32;&#32;&#32;&#32;&#32;&#32;&#32;&#32;&#32;<emphasis role="keywordtype">int</emphasis>&#32;pos&#32;=&#32;QRandomGenerator::system()-&gt;bounded(finalNickname.length()&#32;+&#32;1);
<anchor xml:id="_vaultbackend_8cpp_source_1l00193"/>00193 &#32;&#32;&#32;&#32;&#32;&#32;&#32;&#32;&#32;&#32;&#32;&#32;finalNickname.insert(pos,&#32;symbols.at(QRandomGenerator::system()-&gt;bounded(symbols.length())));
<anchor xml:id="_vaultbackend_8cpp_source_1l00194"/>00194 &#32;&#32;&#32;&#32;&#32;&#32;&#32;&#32;}
<anchor xml:id="_vaultbackend_8cpp_source_1l00195"/>00195 
<anchor xml:id="_vaultbackend_8cpp_source_1l00196"/>00196 &#32;&#32;&#32;&#32;&#32;&#32;&#32;&#32;finalNickname&#32;+=&#32;QString::number(QRandomGenerator::system()-&gt;bounded(100,&#32;999));
<anchor xml:id="_vaultbackend_8cpp_source_1l00197"/>00197 &#32;&#32;&#32;&#32;}
<anchor xml:id="_vaultbackend_8cpp_source_1l00198"/>00198 
<anchor xml:id="_vaultbackend_8cpp_source_1l00199"/>00199 &#32;&#32;&#32;&#32;finalNickname.replace(<emphasis role="charliteral">&apos;&#32;&apos;</emphasis>,&#32;<emphasis role="charliteral">&apos;_&apos;</emphasis>);
<anchor xml:id="_vaultbackend_8cpp_source_1l00200"/>00200 
<anchor xml:id="_vaultbackend_8cpp_source_1l00201"/>00201 &#32;&#32;&#32;&#32;<emphasis role="keywordflow">if</emphasis>&#32;(finalNickname.length()&#32;&gt;&#32;maxLength)&#32;{
<anchor xml:id="_vaultbackend_8cpp_source_1l00202"/>00202 &#32;&#32;&#32;&#32;&#32;&#32;&#32;&#32;finalNickname&#32;=&#32;finalNickname.left(maxLength);
<anchor xml:id="_vaultbackend_8cpp_source_1l00203"/>00203 &#32;&#32;&#32;&#32;}
<anchor xml:id="_vaultbackend_8cpp_source_1l00204"/>00204 
<anchor xml:id="_vaultbackend_8cpp_source_1l00205"/>00205 &#32;&#32;&#32;&#32;<emphasis role="keywordflow">return</emphasis>&#32;finalNickname;
<anchor xml:id="_vaultbackend_8cpp_source_1l00206"/>00206 }
<anchor xml:id="_vaultbackend_8cpp_source_1l00207"/>00207 
<anchor xml:id="_vaultbackend_8cpp_source_1l00208"/>00208 
<anchor xml:id="_vaultbackend_8cpp_source_1l00209"/><link linkend="_class_vault_backend_1ae7dc19633bc16ec2dbe7561b26af31db">00209</link> <emphasis role="keywordtype">int</emphasis>&#32;<link linkend="_class_vault_backend_1ae7dc19633bc16ec2dbe7561b26af31db">VaultBackend::calculatePasswordStrength</link>(<emphasis role="keyword">const</emphasis>&#32;QString&#32;&amp;password)&#32;{
<anchor xml:id="_vaultbackend_8cpp_source_1l00210"/>00210 &#32;&#32;&#32;&#32;<emphasis role="keywordflow">if</emphasis>&#32;(password.isEmpty())&#32;<emphasis role="keywordflow">return</emphasis>&#32;0;
<anchor xml:id="_vaultbackend_8cpp_source_1l00211"/>00211 
<anchor xml:id="_vaultbackend_8cpp_source_1l00212"/>00212 &#32;&#32;&#32;&#32;<emphasis role="keywordtype">bool</emphasis>&#32;hasUpper&#32;=&#32;<emphasis role="keyword">false</emphasis>,&#32;hasLower&#32;=&#32;<emphasis role="keyword">false</emphasis>,&#32;hasDigit&#32;=&#32;<emphasis role="keyword">false</emphasis>,&#32;hasSymbol&#32;=&#32;<emphasis role="keyword">false</emphasis>;
<anchor xml:id="_vaultbackend_8cpp_source_1l00213"/>00213 &#32;&#32;&#32;&#32;<emphasis role="keywordflow">for</emphasis>&#32;(QChar&#32;c&#32;:&#32;password)&#32;{
<anchor xml:id="_vaultbackend_8cpp_source_1l00214"/>00214 &#32;&#32;&#32;&#32;&#32;&#32;&#32;&#32;<emphasis role="keywordflow">if</emphasis>&#32;(c.isUpper())&#32;hasUpper&#32;=&#32;<emphasis role="keyword">true</emphasis>;
<anchor xml:id="_vaultbackend_8cpp_source_1l00215"/>00215 &#32;&#32;&#32;&#32;&#32;&#32;&#32;&#32;<emphasis role="keywordflow">else</emphasis>&#32;<emphasis role="keywordflow">if</emphasis>&#32;(c.isLower())&#32;hasLower&#32;=&#32;<emphasis role="keyword">true</emphasis>;
<anchor xml:id="_vaultbackend_8cpp_source_1l00216"/>00216 &#32;&#32;&#32;&#32;&#32;&#32;&#32;&#32;<emphasis role="keywordflow">else</emphasis>&#32;<emphasis role="keywordflow">if</emphasis>&#32;(c.isDigit())&#32;hasDigit&#32;=&#32;<emphasis role="keyword">true</emphasis>;
<anchor xml:id="_vaultbackend_8cpp_source_1l00217"/>00217 &#32;&#32;&#32;&#32;&#32;&#32;&#32;&#32;<emphasis role="keywordflow">else</emphasis>&#32;hasSymbol&#32;=&#32;<emphasis role="keyword">true</emphasis>;
<anchor xml:id="_vaultbackend_8cpp_source_1l00218"/>00218 &#32;&#32;&#32;&#32;}
<anchor xml:id="_vaultbackend_8cpp_source_1l00219"/>00219 
<anchor xml:id="_vaultbackend_8cpp_source_1l00220"/>00220 &#32;&#32;&#32;&#32;<emphasis role="keywordtype">int</emphasis>&#32;poolSize&#32;=&#32;0;
<anchor xml:id="_vaultbackend_8cpp_source_1l00221"/>00221 &#32;&#32;&#32;&#32;<emphasis role="keywordflow">if</emphasis>&#32;(hasLower)&#32;poolSize&#32;+=&#32;26;
<anchor xml:id="_vaultbackend_8cpp_source_1l00222"/>00222 &#32;&#32;&#32;&#32;<emphasis role="keywordflow">if</emphasis>&#32;(hasUpper)&#32;poolSize&#32;+=&#32;26;
<anchor xml:id="_vaultbackend_8cpp_source_1l00223"/>00223 &#32;&#32;&#32;&#32;<emphasis role="keywordflow">if</emphasis>&#32;(hasDigit)&#32;poolSize&#32;+=&#32;10;
<anchor xml:id="_vaultbackend_8cpp_source_1l00224"/>00224 &#32;&#32;&#32;&#32;<emphasis role="keywordflow">if</emphasis>&#32;(hasSymbol)&#32;poolSize&#32;+=&#32;32;
<anchor xml:id="_vaultbackend_8cpp_source_1l00225"/>00225 
<anchor xml:id="_vaultbackend_8cpp_source_1l00226"/>00226 &#32;&#32;&#32;&#32;<emphasis role="comment">//&#32;Ентропія&#32;E&#32;=&#32;L&#32;*&#32;log2(R)</emphasis>
<anchor xml:id="_vaultbackend_8cpp_source_1l00227"/>00227 &#32;&#32;&#32;&#32;<emphasis role="keywordtype">double</emphasis>&#32;entropy&#32;=&#32;password.length()&#32;*&#32;std::log2(poolSize&#32;&gt;&#32;0&#32;?&#32;poolSize&#32;:&#32;1);
<anchor xml:id="_vaultbackend_8cpp_source_1l00228"/>00228 
<anchor xml:id="_vaultbackend_8cpp_source_1l00229"/>00229 &#32;&#32;&#32;&#32;<emphasis role="keywordtype">int</emphasis>&#32;score&#32;=&#32;(int)entropy;
<anchor xml:id="_vaultbackend_8cpp_source_1l00230"/>00230 &#32;&#32;&#32;&#32;<emphasis role="keywordflow">if</emphasis>&#32;(score&#32;&gt;&#32;100)&#32;score&#32;=&#32;100;
<anchor xml:id="_vaultbackend_8cpp_source_1l00231"/>00231 &#32;&#32;&#32;&#32;<emphasis role="keywordflow">return</emphasis>&#32;score;
<anchor xml:id="_vaultbackend_8cpp_source_1l00232"/>00232 }
<anchor xml:id="_vaultbackend_8cpp_source_1l00233"/>00233 
<anchor xml:id="_vaultbackend_8cpp_source_1l00234"/>00234 
<anchor xml:id="_vaultbackend_8cpp_source_1l00235"/><link linkend="_class_vault_backend_1a9ce1dbdc58ed267bf679842e916c4ba7">00235</link> QString&#32;<link linkend="_class_vault_backend_1a9ce1dbdc58ed267bf679842e916c4ba7">VaultBackend::generateSecureString</link>(<emphasis role="keywordtype">int</emphasis>&#32;length,&#32;<emphasis role="keywordtype">bool</emphasis>&#32;useUpper,&#32;<emphasis role="keywordtype">bool</emphasis>&#32;useLower,&#32;<emphasis role="keywordtype">bool</emphasis>&#32;useDigits,&#32;<emphasis role="keywordtype">bool</emphasis>&#32;useSymbols)&#32;{
<anchor xml:id="_vaultbackend_8cpp_source_1l00236"/>00236 &#32;&#32;&#32;&#32;<emphasis role="keyword">const</emphasis>&#32;QString&#32;upper&#32;=&#32;<emphasis role="stringliteral">&quot;ABCDEFGHIJKLMNOPQRSTUVWXYZ&quot;</emphasis>;
<anchor xml:id="_vaultbackend_8cpp_source_1l00237"/>00237 &#32;&#32;&#32;&#32;<emphasis role="keyword">const</emphasis>&#32;QString&#32;lower&#32;=&#32;<emphasis role="stringliteral">&quot;abcdefghijklmnopqrstuvwxyz&quot;</emphasis>;
<anchor xml:id="_vaultbackend_8cpp_source_1l00238"/>00238 &#32;&#32;&#32;&#32;<emphasis role="keyword">const</emphasis>&#32;QString&#32;digits&#32;=&#32;<emphasis role="stringliteral">&quot;0123456789&quot;</emphasis>;
<anchor xml:id="_vaultbackend_8cpp_source_1l00239"/>00239 &#32;&#32;&#32;&#32;<emphasis role="keyword">const</emphasis>&#32;QString&#32;symbols&#32;=&#32;<emphasis role="stringliteral">&quot;!@#$%^&amp;*()-_=+[]{}&lt;&gt;?&quot;</emphasis>;
<anchor xml:id="_vaultbackend_8cpp_source_1l00240"/>00240 
<anchor xml:id="_vaultbackend_8cpp_source_1l00241"/>00241 &#32;&#32;&#32;&#32;QString&#32;charSet;
<anchor xml:id="_vaultbackend_8cpp_source_1l00242"/>00242 &#32;&#32;&#32;&#32;<emphasis role="keywordflow">if</emphasis>&#32;(useUpper)&#32;charSet&#32;+=&#32;upper;
<anchor xml:id="_vaultbackend_8cpp_source_1l00243"/>00243 &#32;&#32;&#32;&#32;<emphasis role="keywordflow">if</emphasis>&#32;(useLower)&#32;charSet&#32;+=&#32;lower;
<anchor xml:id="_vaultbackend_8cpp_source_1l00244"/>00244 &#32;&#32;&#32;&#32;<emphasis role="keywordflow">if</emphasis>&#32;(useDigits)&#32;charSet&#32;+=&#32;digits;
<anchor xml:id="_vaultbackend_8cpp_source_1l00245"/>00245 &#32;&#32;&#32;&#32;<emphasis role="keywordflow">if</emphasis>&#32;(useSymbols)&#32;charSet&#32;+=&#32;symbols;
<anchor xml:id="_vaultbackend_8cpp_source_1l00246"/>00246 
<anchor xml:id="_vaultbackend_8cpp_source_1l00247"/>00247 &#32;&#32;&#32;&#32;<emphasis role="keywordflow">if</emphasis>&#32;(charSet.isEmpty()&#32;||&#32;length&#32;&lt;=&#32;0)&#32;<emphasis role="keywordflow">return</emphasis>&#32;<emphasis role="stringliteral">&quot;&quot;</emphasis>;
<anchor xml:id="_vaultbackend_8cpp_source_1l00248"/>00248 
<anchor xml:id="_vaultbackend_8cpp_source_1l00249"/>00249 &#32;&#32;&#32;&#32;QString&#32;result;
<anchor xml:id="_vaultbackend_8cpp_source_1l00250"/>00250 &#32;&#32;&#32;&#32;QRandomGenerator&#32;*rng&#32;=&#32;QRandomGenerator::system();
<anchor xml:id="_vaultbackend_8cpp_source_1l00251"/>00251 
<anchor xml:id="_vaultbackend_8cpp_source_1l00252"/>00252 &#32;&#32;&#32;&#32;<emphasis role="keywordflow">for</emphasis>&#32;(<emphasis role="keywordtype">int</emphasis>&#32;i&#32;=&#32;0;&#32;i&#32;&lt;&#32;length;&#32;++i)&#32;{
<anchor xml:id="_vaultbackend_8cpp_source_1l00253"/>00253 &#32;&#32;&#32;&#32;&#32;&#32;&#32;&#32;quint32&#32;index&#32;=&#32;rng-&gt;bounded((quint32)charSet.length());
<anchor xml:id="_vaultbackend_8cpp_source_1l00254"/>00254 &#32;&#32;&#32;&#32;&#32;&#32;&#32;&#32;result.append(charSet.at(index));
<anchor xml:id="_vaultbackend_8cpp_source_1l00255"/>00255 &#32;&#32;&#32;&#32;}
<anchor xml:id="_vaultbackend_8cpp_source_1l00256"/>00256 &#32;&#32;&#32;&#32;<emphasis role="keywordflow">return</emphasis>&#32;result;
<anchor xml:id="_vaultbackend_8cpp_source_1l00257"/>00257 }
<anchor xml:id="_vaultbackend_8cpp_source_1l00258"/>00258 
<anchor xml:id="_vaultbackend_8cpp_source_1l00259"/>00259 
<anchor xml:id="_vaultbackend_8cpp_source_1l00260"/><link linkend="_class_vault_backend_1a573965fa954eed30b770514edabf054e">00260</link> <emphasis role="keywordtype">void</emphasis>&#32;<link linkend="_class_vault_backend_1a573965fa954eed30b770514edabf054e">VaultBackend::saveDatabaseToFile</link>()&#32;{
<anchor xml:id="_vaultbackend_8cpp_source_1l00261"/>00261 &#32;&#32;&#32;&#32;<emphasis role="keywordflow">if</emphasis>&#32;(<link linkend="_class_vault_backend_1a0b5de841b24fcc761b04ee9f56a51ed3">m_masterKey</link>.isEmpty())&#32;<emphasis role="keywordflow">return</emphasis>;
<anchor xml:id="_vaultbackend_8cpp_source_1l00262"/>00262 
<anchor xml:id="_vaultbackend_8cpp_source_1l00263"/>00263 &#32;&#32;&#32;&#32;QJsonDocument&#32;doc(QJsonArray::fromVariantList(<link linkend="_class_vault_backend_1a37added67282a3f1fc40643b9edc4e89">m_vaultEntries</link>));
<anchor xml:id="_vaultbackend_8cpp_source_1l00264"/>00264 &#32;&#32;&#32;&#32;QByteArray&#32;rawData&#32;=&#32;doc.toJson(QJsonDocument::Compact);
<anchor xml:id="_vaultbackend_8cpp_source_1l00265"/>00265 
<anchor xml:id="_vaultbackend_8cpp_source_1l00266"/>00266 &#32;&#32;&#32;&#32;QByteArray&#32;encryptedData&#32;=&#32;<link linkend="_class_vault_backend_1aa067cfeedf196fe45d29c157c292e2c1">encryptData</link>(rawData,&#32;<link linkend="_class_vault_backend_1a0b5de841b24fcc761b04ee9f56a51ed3">m_masterKey</link>);
<anchor xml:id="_vaultbackend_8cpp_source_1l00267"/>00267 
<anchor xml:id="_vaultbackend_8cpp_source_1l00268"/>00268 &#32;&#32;&#32;&#32;QDir&#32;dir;
<anchor xml:id="_vaultbackend_8cpp_source_1l00269"/>00269 &#32;&#32;&#32;&#32;<emphasis role="keywordflow">if</emphasis>&#32;(!dir.exists(<emphasis role="stringliteral">&quot;data&quot;</emphasis>))&#32;{
<anchor xml:id="_vaultbackend_8cpp_source_1l00270"/>00270 &#32;&#32;&#32;&#32;&#32;&#32;&#32;&#32;dir.mkpath(<emphasis role="stringliteral">&quot;data&quot;</emphasis>);
<anchor xml:id="_vaultbackend_8cpp_source_1l00271"/>00271 &#32;&#32;&#32;&#32;}
<anchor xml:id="_vaultbackend_8cpp_source_1l00272"/>00272 
<anchor xml:id="_vaultbackend_8cpp_source_1l00273"/>00273 &#32;&#32;&#32;&#32;QFile&#32;file(<link linkend="_vaultbackend_8cpp_1a36e65b8bde72bfc04f6b229e05142c0d">getDatabasePath</link>());
<anchor xml:id="_vaultbackend_8cpp_source_1l00274"/>00274 &#32;&#32;&#32;&#32;<emphasis role="keywordflow">if</emphasis>&#32;(file.open(QIODevice::WriteOnly&#32;|&#32;QIODevice::Truncate))&#32;{
<anchor xml:id="_vaultbackend_8cpp_source_1l00275"/>00275 &#32;&#32;&#32;&#32;&#32;&#32;&#32;&#32;file.write(encryptedData);
<anchor xml:id="_vaultbackend_8cpp_source_1l00276"/>00276 &#32;&#32;&#32;&#32;&#32;&#32;&#32;&#32;file.close();
<anchor xml:id="_vaultbackend_8cpp_source_1l00277"/>00277 &#32;&#32;&#32;&#32;&#32;&#32;&#32;&#32;qDebug()&#32;&lt;&lt;&#32;<emphasis role="stringliteral">&quot;Database&#32;saved&#32;successfully&#32;to:&quot;</emphasis>&#32;&lt;&lt;&#32;<link linkend="_vaultbackend_8cpp_1a36e65b8bde72bfc04f6b229e05142c0d">getDatabasePath</link>();
<anchor xml:id="_vaultbackend_8cpp_source_1l00278"/>00278 &#32;&#32;&#32;&#32;}&#32;<emphasis role="keywordflow">else</emphasis>&#32;{
<anchor xml:id="_vaultbackend_8cpp_source_1l00279"/>00279 &#32;&#32;&#32;&#32;&#32;&#32;&#32;&#32;qCritical()&#32;&lt;&lt;&#32;<emphasis role="stringliteral">&quot;Error&#32;opening&#32;file&#32;for&#32;writing:&quot;</emphasis>&#32;&lt;&lt;&#32;file.errorString();
<anchor xml:id="_vaultbackend_8cpp_source_1l00280"/>00280 &#32;&#32;&#32;&#32;}
<anchor xml:id="_vaultbackend_8cpp_source_1l00281"/>00281 }
<anchor xml:id="_vaultbackend_8cpp_source_1l00282"/>00282 
<anchor xml:id="_vaultbackend_8cpp_source_1l00283"/><link linkend="_class_vault_backend_1adf7c321ab83457d68a22755995a43bda">00283</link> QString&#32;<link linkend="_class_vault_backend_1adf7c321ab83457d68a22755995a43bda">VaultBackend::saveEntry</link>(<emphasis role="keyword">const</emphasis>&#32;QString&#32;&amp;site,&#32;<emphasis role="keyword">const</emphasis>&#32;QString&#32;&amp;login,&#32;<emphasis role="keyword">const</emphasis>&#32;QString&#32;&amp;password,&#32;<emphasis role="keyword">const</emphasis>&#32;QString&#32;&amp;masterKey)&#32;{
<anchor xml:id="_vaultbackend_8cpp_source_1l00284"/>00284 &#32;&#32;&#32;&#32;<emphasis role="keywordflow">if</emphasis>&#32;(<link linkend="_class_vault_backend_1a0b5de841b24fcc761b04ee9f56a51ed3">m_masterKey</link>.isEmpty())&#32;<link linkend="_class_vault_backend_1a0b5de841b24fcc761b04ee9f56a51ed3">m_masterKey</link>&#32;=&#32;masterKey;
<anchor xml:id="_vaultbackend_8cpp_source_1l00285"/>00285 &#32;&#32;&#32;&#32;<emphasis role="keywordflow">else</emphasis>&#32;<emphasis role="keywordflow">if</emphasis>&#32;(<link linkend="_class_vault_backend_1a0b5de841b24fcc761b04ee9f56a51ed3">m_masterKey</link>&#32;!=&#32;masterKey)&#32;<emphasis role="keywordflow">return</emphasis>&#32;<emphasis role="stringliteral">&quot;Помилка:&#32;Невірний&#32;ключ.&quot;</emphasis>;
<anchor xml:id="_vaultbackend_8cpp_source_1l00286"/>00286 
<anchor xml:id="_vaultbackend_8cpp_source_1l00287"/>00287 &#32;&#32;&#32;&#32;QVariantMap&#32;entry;
<anchor xml:id="_vaultbackend_8cpp_source_1l00288"/>00288 &#32;&#32;&#32;&#32;entry[<emphasis role="stringliteral">&quot;site&quot;</emphasis>]&#32;=&#32;site;
<anchor xml:id="_vaultbackend_8cpp_source_1l00289"/>00289 &#32;&#32;&#32;&#32;entry[<emphasis role="stringliteral">&quot;login&quot;</emphasis>]&#32;=&#32;login;
<anchor xml:id="_vaultbackend_8cpp_source_1l00290"/>00290 &#32;&#32;&#32;&#32;entry[<emphasis role="stringliteral">&quot;password&quot;</emphasis>]&#32;=&#32;password;
<anchor xml:id="_vaultbackend_8cpp_source_1l00291"/>00291 &#32;&#32;&#32;&#32;entry[<emphasis role="stringliteral">&quot;date&quot;</emphasis>]&#32;=&#32;QDateTime::currentDateTime().toString();
<anchor xml:id="_vaultbackend_8cpp_source_1l00292"/>00292 &#32;&#32;&#32;&#32;entry[<emphasis role="stringliteral">&quot;strength&quot;</emphasis>]&#32;=&#32;<link linkend="_class_vault_backend_1ae7dc19633bc16ec2dbe7561b26af31db">calculatePasswordStrength</link>(password);
<anchor xml:id="_vaultbackend_8cpp_source_1l00293"/>00293 
<anchor xml:id="_vaultbackend_8cpp_source_1l00294"/>00294 &#32;&#32;&#32;&#32;<link linkend="_class_vault_backend_1a37added67282a3f1fc40643b9edc4e89">m_vaultEntries</link>.append(entry);
<anchor xml:id="_vaultbackend_8cpp_source_1l00295"/>00295 &#32;&#32;&#32;&#32;<link linkend="_class_vault_backend_1a573965fa954eed30b770514edabf054e">saveDatabaseToFile</link>();
<anchor xml:id="_vaultbackend_8cpp_source_1l00296"/>00296 &#32;&#32;&#32;&#32;<emphasis role="keywordflow">return</emphasis>&#32;<emphasis role="stringliteral">&quot;Запис&#32;успішно&#32;додано!&quot;</emphasis>;
<anchor xml:id="_vaultbackend_8cpp_source_1l00297"/>00297 }
<anchor xml:id="_vaultbackend_8cpp_source_1l00298"/>00298 
<anchor xml:id="_vaultbackend_8cpp_source_1l00299"/><link linkend="_class_vault_backend_1a219f10e7c3ca82a0b802233b8307cbcd">00299</link> QString&#32;<link linkend="_class_vault_backend_1a219f10e7c3ca82a0b802233b8307cbcd">VaultBackend::updateEntry</link>(<emphasis role="keywordtype">int</emphasis>&#32;index,&#32;<emphasis role="keyword">const</emphasis>&#32;QString&#32;&amp;site,&#32;<emphasis role="keyword">const</emphasis>&#32;QString&#32;&amp;login,&#32;<emphasis role="keyword">const</emphasis>&#32;QString&#32;&amp;password,&#32;<emphasis role="keyword">const</emphasis>&#32;QString&#32;&amp;masterKey)&#32;{
<anchor xml:id="_vaultbackend_8cpp_source_1l00300"/>00300 &#32;&#32;&#32;&#32;<emphasis role="keywordflow">if</emphasis>&#32;(index&#32;&lt;&#32;0&#32;||&#32;index&#32;&gt;=&#32;<link linkend="_class_vault_backend_1a37added67282a3f1fc40643b9edc4e89">m_vaultEntries</link>.size())&#32;<emphasis role="keywordflow">return</emphasis>&#32;<emphasis role="stringliteral">&quot;Помилка&#32;індексу&quot;</emphasis>;
<anchor xml:id="_vaultbackend_8cpp_source_1l00301"/>00301 &#32;&#32;&#32;&#32;<emphasis role="keywordflow">if</emphasis>&#32;(<link linkend="_class_vault_backend_1a0b5de841b24fcc761b04ee9f56a51ed3">m_masterKey</link>&#32;!=&#32;masterKey)&#32;<emphasis role="keywordflow">return</emphasis>&#32;<emphasis role="stringliteral">&quot;Помилка&#32;доступу&quot;</emphasis>;
<anchor xml:id="_vaultbackend_8cpp_source_1l00302"/>00302 
<anchor xml:id="_vaultbackend_8cpp_source_1l00303"/>00303 &#32;&#32;&#32;&#32;QVariantMap&#32;entry;
<anchor xml:id="_vaultbackend_8cpp_source_1l00304"/>00304 &#32;&#32;&#32;&#32;entry[<emphasis role="stringliteral">&quot;site&quot;</emphasis>]&#32;=&#32;site;
<anchor xml:id="_vaultbackend_8cpp_source_1l00305"/>00305 &#32;&#32;&#32;&#32;entry[<emphasis role="stringliteral">&quot;login&quot;</emphasis>]&#32;=&#32;login;
<anchor xml:id="_vaultbackend_8cpp_source_1l00306"/>00306 &#32;&#32;&#32;&#32;entry[<emphasis role="stringliteral">&quot;password&quot;</emphasis>]&#32;=&#32;password;
<anchor xml:id="_vaultbackend_8cpp_source_1l00307"/>00307 &#32;&#32;&#32;&#32;entry[<emphasis role="stringliteral">&quot;date&quot;</emphasis>]&#32;=&#32;QDateTime::currentDateTime().toString();
<anchor xml:id="_vaultbackend_8cpp_source_1l00308"/>00308 &#32;&#32;&#32;&#32;entry[<emphasis role="stringliteral">&quot;strength&quot;</emphasis>]&#32;=&#32;<link linkend="_class_vault_backend_1ae7dc19633bc16ec2dbe7561b26af31db">calculatePasswordStrength</link>(password);
<anchor xml:id="_vaultbackend_8cpp_source_1l00309"/>00309 
<anchor xml:id="_vaultbackend_8cpp_source_1l00310"/>00310 &#32;&#32;&#32;&#32;<link linkend="_class_vault_backend_1a37added67282a3f1fc40643b9edc4e89">m_vaultEntries</link>[index]&#32;=&#32;entry;
<anchor xml:id="_vaultbackend_8cpp_source_1l00311"/>00311 &#32;&#32;&#32;&#32;<link linkend="_class_vault_backend_1a573965fa954eed30b770514edabf054e">saveDatabaseToFile</link>();
<anchor xml:id="_vaultbackend_8cpp_source_1l00312"/>00312 &#32;&#32;&#32;&#32;<emphasis role="keywordflow">return</emphasis>&#32;<emphasis role="stringliteral">&quot;Запис&#32;оновлено!&quot;</emphasis>;
<anchor xml:id="_vaultbackend_8cpp_source_1l00313"/>00313 }
<anchor xml:id="_vaultbackend_8cpp_source_1l00314"/>00314 
<anchor xml:id="_vaultbackend_8cpp_source_1l00315"/><link linkend="_class_vault_backend_1a97544c89c39d5a021878cdcc24b4559a">00315</link> QString&#32;<link linkend="_class_vault_backend_1a97544c89c39d5a021878cdcc24b4559a">VaultBackend::deleteEntry</link>(<emphasis role="keywordtype">int</emphasis>&#32;index)&#32;{
<anchor xml:id="_vaultbackend_8cpp_source_1l00316"/>00316 &#32;&#32;&#32;&#32;<emphasis role="keywordflow">if</emphasis>&#32;(index&#32;&lt;&#32;0&#32;||&#32;index&#32;&gt;=&#32;<link linkend="_class_vault_backend_1a37added67282a3f1fc40643b9edc4e89">m_vaultEntries</link>.size())&#32;<emphasis role="keywordflow">return</emphasis>&#32;<emphasis role="stringliteral">&quot;Помилка&#32;індексу.&quot;</emphasis>;
<anchor xml:id="_vaultbackend_8cpp_source_1l00317"/>00317 
<anchor xml:id="_vaultbackend_8cpp_source_1l00318"/>00318 &#32;&#32;&#32;&#32;<link linkend="_class_vault_backend_1a37added67282a3f1fc40643b9edc4e89">m_vaultEntries</link>.removeAt(index);
<anchor xml:id="_vaultbackend_8cpp_source_1l00319"/>00319 &#32;&#32;&#32;&#32;<link linkend="_class_vault_backend_1a573965fa954eed30b770514edabf054e">saveDatabaseToFile</link>();
<anchor xml:id="_vaultbackend_8cpp_source_1l00320"/>00320 &#32;&#32;&#32;&#32;<emphasis role="keywordflow">return</emphasis>&#32;<emphasis role="stringliteral">&quot;Запис&#32;успішно&#32;видалено!&quot;</emphasis>;
<anchor xml:id="_vaultbackend_8cpp_source_1l00321"/>00321 }
<anchor xml:id="_vaultbackend_8cpp_source_1l00322"/>00322 
<anchor xml:id="_vaultbackend_8cpp_source_1l00323"/><link linkend="_class_vault_backend_1a9db269a788d613296a4217eea322cbd0">00323</link> QVariantMap&#32;<link linkend="_class_vault_backend_1a9db269a788d613296a4217eea322cbd0">VaultBackend::getEntryDetails</link>(<emphasis role="keywordtype">int</emphasis>&#32;index)<emphasis role="keyword">&#32;const&#32;</emphasis>{
<anchor xml:id="_vaultbackend_8cpp_source_1l00324"/>00324 &#32;&#32;&#32;&#32;<emphasis role="keywordflow">if</emphasis>&#32;(index&#32;&lt;&#32;0&#32;||&#32;index&#32;&gt;=&#32;<link linkend="_class_vault_backend_1a37added67282a3f1fc40643b9edc4e89">m_vaultEntries</link>.size())&#32;<emphasis role="keywordflow">return</emphasis>&#32;QVariantMap();
<anchor xml:id="_vaultbackend_8cpp_source_1l00325"/>00325 &#32;&#32;&#32;&#32;<emphasis role="keywordflow">return</emphasis>&#32;<link linkend="_class_vault_backend_1a37added67282a3f1fc40643b9edc4e89">m_vaultEntries</link>.at(index).toMap();
<anchor xml:id="_vaultbackend_8cpp_source_1l00326"/>00326 }
<anchor xml:id="_vaultbackend_8cpp_source_1l00327"/>00327 
<anchor xml:id="_vaultbackend_8cpp_source_1l00328"/><link linkend="_class_vault_backend_1a13b188d7a0c38a5a6502b88a3969ba40">00328</link> QString&#32;<link linkend="_class_vault_backend_1a13b188d7a0c38a5a6502b88a3969ba40">VaultBackend::getPassword</link>(<emphasis role="keywordtype">int</emphasis>&#32;index,&#32;<emphasis role="keyword">const</emphasis>&#32;QString&#32;&amp;masterKey)&#32;{
<anchor xml:id="_vaultbackend_8cpp_source_1l00329"/>00329 &#32;&#32;&#32;&#32;<emphasis role="keywordflow">if</emphasis>&#32;(<link linkend="_class_vault_backend_1a0b5de841b24fcc761b04ee9f56a51ed3">m_masterKey</link>&#32;!=&#32;masterKey)&#32;<emphasis role="keywordflow">return</emphasis>&#32;<emphasis role="stringliteral">&quot;&quot;</emphasis>;
<anchor xml:id="_vaultbackend_8cpp_source_1l00330"/>00330 &#32;&#32;&#32;&#32;<emphasis role="keywordflow">return</emphasis>&#32;<link linkend="_class_vault_backend_1a37added67282a3f1fc40643b9edc4e89">m_vaultEntries</link>.at(index).toMap()[<emphasis role="stringliteral">&quot;password&quot;</emphasis>].toString();
<anchor xml:id="_vaultbackend_8cpp_source_1l00331"/>00331 }
<anchor xml:id="_vaultbackend_8cpp_source_1l00332"/>00332 
<anchor xml:id="_vaultbackend_8cpp_source_1l00333"/><link linkend="_class_vault_backend_1ad290cc4009e634714b989000b6f0a51c">00333</link> <emphasis role="keywordtype">bool</emphasis>&#32;<link linkend="_class_vault_backend_1ad290cc4009e634714b989000b6f0a51c">VaultBackend::loadDatabase</link>(<emphasis role="keyword">const</emphasis>&#32;QString&#32;&amp;masterKey)&#32;{
<anchor xml:id="_vaultbackend_8cpp_source_1l00334"/>00334 &#32;&#32;&#32;&#32;QFile&#32;file(<link linkend="_vaultbackend_8cpp_1a36e65b8bde72bfc04f6b229e05142c0d">getDatabasePath</link>());
<anchor xml:id="_vaultbackend_8cpp_source_1l00335"/>00335 &#32;&#32;&#32;&#32;<emphasis role="keywordflow">if</emphasis>&#32;(!file.exists())&#32;{
<anchor xml:id="_vaultbackend_8cpp_source_1l00336"/>00336 &#32;&#32;&#32;&#32;&#32;&#32;&#32;&#32;<link linkend="_class_vault_backend_1a0b5de841b24fcc761b04ee9f56a51ed3">m_masterKey</link>&#32;=&#32;masterKey;
<anchor xml:id="_vaultbackend_8cpp_source_1l00337"/>00337 &#32;&#32;&#32;&#32;&#32;&#32;&#32;&#32;<link linkend="_class_vault_backend_1a8af29e122d483436257465d7d9bd48fc">m_salt</link>&#32;=&#32;<link linkend="_vaultbackend_8cpp_1a98c022bb2fbafdfa9caf1a702ae742b6">get8RandomBytes</link>();
<anchor xml:id="_vaultbackend_8cpp_source_1l00338"/>00338 &#32;&#32;&#32;&#32;&#32;&#32;&#32;&#32;<link linkend="_class_vault_backend_1a01edb97754d3e7efb53e8b74e12ba431">m_systemIDHash</link>&#32;=&#32;<link linkend="_class_vault_backend_1a33180482ea5181d81d7e41d73b7cad9b">generateSystemHash</link>();
<anchor xml:id="_vaultbackend_8cpp_source_1l00339"/>00339 &#32;&#32;&#32;&#32;&#32;&#32;&#32;&#32;<emphasis role="keywordflow">return</emphasis>&#32;<emphasis role="keyword">true</emphasis>;
<anchor xml:id="_vaultbackend_8cpp_source_1l00340"/>00340 &#32;&#32;&#32;&#32;}
<anchor xml:id="_vaultbackend_8cpp_source_1l00341"/>00341 
<anchor xml:id="_vaultbackend_8cpp_source_1l00342"/>00342 &#32;&#32;&#32;&#32;<emphasis role="keywordflow">if</emphasis>&#32;(file.open(QIODevice::ReadOnly))&#32;{
<anchor xml:id="_vaultbackend_8cpp_source_1l00343"/>00343 &#32;&#32;&#32;&#32;&#32;&#32;&#32;&#32;QByteArray&#32;encryptedData&#32;=&#32;file.readAll();
<anchor xml:id="_vaultbackend_8cpp_source_1l00344"/>00344 &#32;&#32;&#32;&#32;&#32;&#32;&#32;&#32;file.close();
<anchor xml:id="_vaultbackend_8cpp_source_1l00345"/>00345 
<anchor xml:id="_vaultbackend_8cpp_source_1l00346"/>00346 &#32;&#32;&#32;&#32;&#32;&#32;&#32;&#32;QByteArray&#32;decryptedData&#32;=&#32;<link linkend="_class_vault_backend_1ae65ef07ae665dbd8004d50e3a4de82bb">decryptData</link>(encryptedData,&#32;masterKey);
<anchor xml:id="_vaultbackend_8cpp_source_1l00347"/>00347 
<anchor xml:id="_vaultbackend_8cpp_source_1l00348"/>00348 &#32;&#32;&#32;&#32;&#32;&#32;&#32;&#32;<emphasis role="keywordflow">if</emphasis>&#32;(decryptedData.isEmpty())&#32;<emphasis role="keywordflow">return</emphasis>&#32;<emphasis role="keyword">false</emphasis>;
<anchor xml:id="_vaultbackend_8cpp_source_1l00349"/>00349 
<anchor xml:id="_vaultbackend_8cpp_source_1l00350"/>00350 &#32;&#32;&#32;&#32;&#32;&#32;&#32;&#32;QJsonDocument&#32;doc&#32;=&#32;QJsonDocument::fromJson(decryptedData);
<anchor xml:id="_vaultbackend_8cpp_source_1l00351"/>00351 &#32;&#32;&#32;&#32;&#32;&#32;&#32;&#32;<emphasis role="keywordflow">if</emphasis>&#32;(doc.isNull()&#32;||&#32;!doc.isArray())&#32;<emphasis role="keywordflow">return</emphasis>&#32;<emphasis role="keyword">false</emphasis>;
<anchor xml:id="_vaultbackend_8cpp_source_1l00352"/>00352 
<anchor xml:id="_vaultbackend_8cpp_source_1l00353"/>00353 &#32;&#32;&#32;&#32;&#32;&#32;&#32;&#32;<link linkend="_class_vault_backend_1a37added67282a3f1fc40643b9edc4e89">m_vaultEntries</link>&#32;=&#32;doc.array().toVariantList();
<anchor xml:id="_vaultbackend_8cpp_source_1l00354"/>00354 &#32;&#32;&#32;&#32;&#32;&#32;&#32;&#32;<link linkend="_class_vault_backend_1a0b5de841b24fcc761b04ee9f56a51ed3">m_masterKey</link>&#32;=&#32;masterKey;
<anchor xml:id="_vaultbackend_8cpp_source_1l00355"/>00355 &#32;&#32;&#32;&#32;&#32;&#32;&#32;&#32;<emphasis role="keywordflow">return</emphasis>&#32;<emphasis role="keyword">true</emphasis>;
<anchor xml:id="_vaultbackend_8cpp_source_1l00356"/>00356 &#32;&#32;&#32;&#32;}
<anchor xml:id="_vaultbackend_8cpp_source_1l00357"/>00357 &#32;&#32;&#32;&#32;<emphasis role="keywordflow">return</emphasis>&#32;<emphasis role="keyword">false</emphasis>;
<anchor xml:id="_vaultbackend_8cpp_source_1l00358"/>00358 }
<anchor xml:id="_vaultbackend_8cpp_source_1l00359"/>00359 
<anchor xml:id="_vaultbackend_8cpp_source_1l00360"/><link linkend="_class_vault_backend_1a025b01f0c0aa75b6249feb39661d094d">00360</link> QString&#32;<link linkend="_class_vault_backend_1a025b01f0c0aa75b6249feb39661d094d">VaultBackend::exportDatabase</link>(<emphasis role="keyword">const</emphasis>&#32;QString&#32;&amp;filePath)&#32;{
<anchor xml:id="_vaultbackend_8cpp_source_1l00361"/>00361 &#32;&#32;&#32;&#32;<emphasis role="keywordflow">if</emphasis>&#32;(<link linkend="_class_vault_backend_1a0b5de841b24fcc761b04ee9f56a51ed3">m_masterKey</link>.isEmpty())&#32;<emphasis role="keywordflow">return</emphasis>&#32;<emphasis role="stringliteral">&quot;Сховище&#32;заблоковано.&quot;</emphasis>;
<anchor xml:id="_vaultbackend_8cpp_source_1l00362"/>00362 &#32;&#32;&#32;&#32;QFile&#32;src(<link linkend="_vaultbackend_8cpp_1a36e65b8bde72bfc04f6b229e05142c0d">getDatabasePath</link>());
<anchor xml:id="_vaultbackend_8cpp_source_1l00363"/>00363 &#32;&#32;&#32;&#32;<emphasis role="keywordflow">if</emphasis>&#32;(src.copy(filePath))&#32;<emphasis role="keywordflow">return</emphasis>&#32;<emphasis role="stringliteral">&quot;Базу&#32;успішно&#32;експортовано.&quot;</emphasis>;
<anchor xml:id="_vaultbackend_8cpp_source_1l00364"/>00364 &#32;&#32;&#32;&#32;<emphasis role="keywordflow">return</emphasis>&#32;<emphasis role="stringliteral">&quot;Помилка&#32;експорту:&#32;&quot;</emphasis>&#32;+&#32;src.errorString();
<anchor xml:id="_vaultbackend_8cpp_source_1l00365"/>00365 }
<anchor xml:id="_vaultbackend_8cpp_source_1l00366"/>00366 
<anchor xml:id="_vaultbackend_8cpp_source_1l00367"/><link linkend="_class_vault_backend_1ab84b02c860fd917800f10f1b89a72a0f">00367</link> QString&#32;<link linkend="_class_vault_backend_1ab84b02c860fd917800f10f1b89a72a0f">VaultBackend::importDatabase</link>(<emphasis role="keyword">const</emphasis>&#32;QString&#32;&amp;filePath,&#32;<emphasis role="keyword">const</emphasis>&#32;QString&#32;&amp;masterKey)&#32;{
<anchor xml:id="_vaultbackend_8cpp_source_1l00368"/>00368 &#32;&#32;&#32;&#32;QFile&#32;src(filePath);
<anchor xml:id="_vaultbackend_8cpp_source_1l00369"/>00369 &#32;&#32;&#32;&#32;<emphasis role="keywordflow">if</emphasis>&#32;(!src.open(QIODevice::ReadOnly))&#32;<emphasis role="keywordflow">return</emphasis>&#32;<emphasis role="stringliteral">&quot;Не&#32;вдалося&#32;відкрити&#32;файл&#32;імпорту.&quot;</emphasis>;
<anchor xml:id="_vaultbackend_8cpp_source_1l00370"/>00370 
<anchor xml:id="_vaultbackend_8cpp_source_1l00371"/>00371 &#32;&#32;&#32;&#32;QByteArray&#32;data&#32;=&#32;src.readAll();
<anchor xml:id="_vaultbackend_8cpp_source_1l00372"/>00372 &#32;&#32;&#32;&#32;src.close();
<anchor xml:id="_vaultbackend_8cpp_source_1l00373"/>00373 
<anchor xml:id="_vaultbackend_8cpp_source_1l00374"/>00374 &#32;&#32;&#32;&#32;QByteArray&#32;decrypted&#32;=&#32;<link linkend="_class_vault_backend_1ae65ef07ae665dbd8004d50e3a4de82bb">decryptData</link>(data,&#32;masterKey);
<anchor xml:id="_vaultbackend_8cpp_source_1l00375"/>00375 
<anchor xml:id="_vaultbackend_8cpp_source_1l00376"/>00376 &#32;&#32;&#32;&#32;<emphasis role="keywordflow">if</emphasis>&#32;(decrypted.isEmpty())&#32;<emphasis role="keywordflow">return</emphasis>&#32;<emphasis role="stringliteral">&quot;Помилка:&#32;Невірний&#32;ключ,&#32;цілісність&#32;порушена&#32;або&#32;інша&#32;система.&quot;</emphasis>;
<anchor xml:id="_vaultbackend_8cpp_source_1l00377"/>00377 
<anchor xml:id="_vaultbackend_8cpp_source_1l00378"/>00378 &#32;&#32;&#32;&#32;QJsonDocument&#32;doc&#32;=&#32;QJsonDocument::fromJson(decrypted);
<anchor xml:id="_vaultbackend_8cpp_source_1l00379"/>00379 
<anchor xml:id="_vaultbackend_8cpp_source_1l00380"/>00380 &#32;&#32;&#32;&#32;<emphasis role="keywordflow">if</emphasis>&#32;(doc.isNull()&#32;||&#32;!doc.isArray())&#32;<emphasis role="keywordflow">return</emphasis>&#32;<emphasis role="stringliteral">&quot;Помилка:&#32;Невірний&#32;формат&#32;файлу.&quot;</emphasis>;
<anchor xml:id="_vaultbackend_8cpp_source_1l00381"/>00381 
<anchor xml:id="_vaultbackend_8cpp_source_1l00382"/>00382 &#32;&#32;&#32;&#32;<link linkend="_class_vault_backend_1a37added67282a3f1fc40643b9edc4e89">m_vaultEntries</link>&#32;=&#32;doc.array().toVariantList();
<anchor xml:id="_vaultbackend_8cpp_source_1l00383"/>00383 &#32;&#32;&#32;&#32;<link linkend="_class_vault_backend_1a0b5de841b24fcc761b04ee9f56a51ed3">m_masterKey</link>&#32;=&#32;masterKey;
<anchor xml:id="_vaultbackend_8cpp_source_1l00384"/>00384 &#32;&#32;&#32;&#32;<link linkend="_class_vault_backend_1a573965fa954eed30b770514edabf054e">saveDatabaseToFile</link>();
<anchor xml:id="_vaultbackend_8cpp_source_1l00385"/>00385 &#32;&#32;&#32;&#32;<emphasis role="keywordflow">return</emphasis>&#32;<emphasis role="stringliteral">&quot;Базу&#32;успішно&#32;імпортовано!&quot;</emphasis>;
<anchor xml:id="_vaultbackend_8cpp_source_1l00386"/>00386 }
</programlisting></section>
