<?xml version='1.0' encoding='UTF-8' standalone='no'?>
<doxygen xmlns:xsi="http://www.w3.org/2001/XMLSchema-instance" xsi:noNamespaceSchemaLocation="compound.xsd" version="1.15.0" xml:lang="en-US">
  <compounddef id="class_main_window" kind="class" language="C++" prot="public">
    <compoundname>MainWindow</compoundname>
    <basecompoundref prot="public" virt="non-virtual">QMainWindow</basecompoundref>
    <includes refid="mainwindow_8h" local="yes">mainwindow.h</includes>
    <sectiondef kind="private-attrib">
      <memberdef kind="variable" id="class_main_window_1a35466a70ed47252a0191168126a352a5" prot="private" static="no" mutable="no">
        <type>Ui::MainWindow *</type>
        <definition>Ui::MainWindow* MainWindow::ui</definition>
        <argsstring></argsstring>
        <name>ui</name>
        <qualifiedname>MainWindow::ui</qualifiedname>
        <briefdescription>
        </briefdescription>
        <detaileddescription>
        </detaileddescription>
        <inbodydescription>
        </inbodydescription>
        <location file="mainwindow.h" line="37" column="20" bodyfile="mainwindow.h" bodystart="37" bodyend="-1"/>
        <referencedby refid="class_main_window_1ab614c1dedc695f5096cc0ccf750490ab" compoundref="mainwindow_8cpp" startline="81" endline="87">filterVaultList</referencedby>
        <referencedby refid="class_main_window_1a996c5a2b6f77944776856f08ec30858d" compoundref="mainwindow_8cpp" startline="12" endline="41">MainWindow</referencedby>
        <referencedby refid="class_main_window_1ac70a65e0bdf1b517e947b0bd0161987e" compoundref="mainwindow_8cpp" startline="221" endline="250">on_deleteButton_clicked</referencedby>
        <referencedby refid="class_main_window_1a6f07e911e9368f6643afa0aed2272353" compoundref="mainwindow_8cpp" startline="94" endline="113">on_generateButton_clicked</referencedby>
        <referencedby refid="class_main_window_1a85ea79556ca7515950d5c7931ce9e6c8" compoundref="mainwindow_8cpp" startline="115" endline="134">on_generateNickButton_clicked</referencedby>
        <referencedby refid="class_main_window_1a52e6d2463f17c5cd056817c6f47285dd" compoundref="mainwindow_8cpp" startline="136" endline="147">on_saveButton_clicked</referencedby>
        <referencedby refid="class_main_window_1a9698794daa03f8301231e68af4fa7f87" compoundref="mainwindow_8cpp" startline="185" endline="201">on_viewDetailsButton_clicked</referencedby>
        <referencedby refid="class_main_window_1aeff69bfa20bbae0478792db65fd08837" compoundref="mainwindow_8cpp" startline="149" endline="183">showPasswordDetails</referencedby>
        <referencedby refid="class_main_window_1a7ecbc717f7f59b53ea5b8c56d3e7558c" compoundref="mainwindow_8cpp" startline="73" endline="79">updateVaultList</referencedby>
        <referencedby refid="class_main_window_1ae98d00a93bc118200eeef9f9bba1dba7" compoundref="mainwindow_8cpp" startline="43" endline="47">~MainWindow</referencedby>
      </memberdef>
      <memberdef kind="variable" id="class_main_window_1ab33e4b5da36ef26bb063b3b4803ee98f" prot="private" static="no" mutable="no">
        <type><ref refid="class_vault_backend" kindref="compound">VaultBackend</ref> *</type>
        <definition>VaultBackend* MainWindow::vaultManager</definition>
        <argsstring></argsstring>
        <name>vaultManager</name>
        <qualifiedname>MainWindow::vaultManager</qualifiedname>
        <briefdescription>
        </briefdescription>
        <detaileddescription>
        </detaileddescription>
        <inbodydescription>
        </inbodydescription>
        <location file="mainwindow.h" line="38" column="18" bodyfile="mainwindow.h" bodystart="38" bodyend="-1"/>
        <referencedby refid="class_main_window_1a996c5a2b6f77944776856f08ec30858d" compoundref="mainwindow_8cpp" startline="12" endline="41">MainWindow</referencedby>
        <referencedby refid="class_main_window_1ac70a65e0bdf1b517e947b0bd0161987e" compoundref="mainwindow_8cpp" startline="221" endline="250">on_deleteButton_clicked</referencedby>
        <referencedby refid="class_main_window_1ae22acf0b9981ab783fdee8b0fb1c9c49" compoundref="mainwindow_8cpp" startline="203" endline="208">on_exportButton_clicked</referencedby>
        <referencedby refid="class_main_window_1a6f07e911e9368f6643afa0aed2272353" compoundref="mainwindow_8cpp" startline="94" endline="113">on_generateButton_clicked</referencedby>
        <referencedby refid="class_main_window_1a85ea79556ca7515950d5c7931ce9e6c8" compoundref="mainwindow_8cpp" startline="115" endline="134">on_generateNickButton_clicked</referencedby>
        <referencedby refid="class_main_window_1a5e3b3f4dafca62ecb908f1262837d960" compoundref="mainwindow_8cpp" startline="210" endline="219">on_importButton_clicked</referencedby>
        <referencedby refid="class_main_window_1a52e6d2463f17c5cd056817c6f47285dd" compoundref="mainwindow_8cpp" startline="136" endline="147">on_saveButton_clicked</referencedby>
        <referencedby refid="class_main_window_1a2da49242a5efb9ed05e41b82ae19b6fa" compoundref="mainwindow_8cpp" startline="49" endline="70">promptForMasterKey</referencedby>
        <referencedby refid="class_main_window_1aeff69bfa20bbae0478792db65fd08837" compoundref="mainwindow_8cpp" startline="149" endline="183">showPasswordDetails</referencedby>
        <referencedby refid="class_main_window_1a7ecbc717f7f59b53ea5b8c56d3e7558c" compoundref="mainwindow_8cpp" startline="73" endline="79">updateVaultList</referencedby>
        <referencedby refid="class_main_window_1ae98d00a93bc118200eeef9f9bba1dba7" compoundref="mainwindow_8cpp" startline="43" endline="47">~MainWindow</referencedby>
      </memberdef>
      <memberdef kind="variable" id="class_main_window_1a6479c76503b3e3f57a592d48c244214e" prot="private" static="no" mutable="no">
        <type>QString</type>
        <definition>QString MainWindow::masterKey</definition>
        <argsstring></argsstring>
        <name>masterKey</name>
        <qualifiedname>MainWindow::masterKey</qualifiedname>
        <briefdescription>
        </briefdescription>
        <detaileddescription>
        </detaileddescription>
        <inbodydescription>
        </inbodydescription>
        <location file="mainwindow.h" line="39" column="13" bodyfile="mainwindow.h" bodystart="39" bodyend="-1"/>
        <referencedby refid="class_main_window_1ac70a65e0bdf1b517e947b0bd0161987e" compoundref="mainwindow_8cpp" startline="221" endline="250">on_deleteButton_clicked</referencedby>
        <referencedby refid="class_main_window_1a52e6d2463f17c5cd056817c6f47285dd" compoundref="mainwindow_8cpp" startline="136" endline="147">on_saveButton_clicked</referencedby>
        <referencedby refid="class_main_window_1a9698794daa03f8301231e68af4fa7f87" compoundref="mainwindow_8cpp" startline="185" endline="201">on_viewDetailsButton_clicked</referencedby>
        <referencedby refid="class_main_window_1a2da49242a5efb9ed05e41b82ae19b6fa" compoundref="mainwindow_8cpp" startline="49" endline="70">promptForMasterKey</referencedby>
        <referencedby refid="class_main_window_1aeff69bfa20bbae0478792db65fd08837" compoundref="mainwindow_8cpp" startline="149" endline="183">showPasswordDetails</referencedby>
      </memberdef>
      <memberdef kind="variable" id="class_main_window_1ab9c6492b81f3117ca8fed55c7b97da44" prot="private" static="no" mutable="no">
        <type>QLabel *</type>
        <definition>QLabel* MainWindow::m_statusLabel</definition>
        <argsstring></argsstring>
        <name>m_statusLabel</name>
        <qualifiedname>MainWindow::m_statusLabel</qualifiedname>
        <briefdescription>
        </briefdescription>
        <detaileddescription>
        </detaileddescription>
        <inbodydescription>
        </inbodydescription>
        <location file="mainwindow.h" line="40" column="12" bodyfile="mainwindow.h" bodystart="40" bodyend="-1"/>
        <referencedby refid="class_main_window_1a3f66e05fdfb23da1881bcd366ea709e3" compoundref="mainwindow_8cpp" startline="89" endline="92">clearClipboard</referencedby>
        <referencedby refid="class_main_window_1a996c5a2b6f77944776856f08ec30858d" compoundref="mainwindow_8cpp" startline="12" endline="41">MainWindow</referencedby>
        <referencedby refid="class_main_window_1a6f07e911e9368f6643afa0aed2272353" compoundref="mainwindow_8cpp" startline="94" endline="113">on_generateButton_clicked</referencedby>
        <referencedby refid="class_main_window_1a85ea79556ca7515950d5c7931ce9e6c8" compoundref="mainwindow_8cpp" startline="115" endline="134">on_generateNickButton_clicked</referencedby>
      </memberdef>
    </sectiondef>
    <sectiondef kind="public-func">
      <memberdef kind="function" id="class_main_window_1a996c5a2b6f77944776856f08ec30858d" prot="public" static="no" const="no" explicit="no" inline="no" virt="non-virtual">
        <type></type>
        <definition>MainWindow::MainWindow</definition>
        <argsstring>(QWidget *parent=nullptr)</argsstring>
        <name>MainWindow</name>
        <qualifiedname>MainWindow::MainWindow</qualifiedname>
        <param>
          <type>QWidget *</type>
          <declname>parent</declname>
          <defval>nullptr</defval>
        </param>
        <briefdescription>
        </briefdescription>
        <detaileddescription>
        </detaileddescription>
        <inbodydescription>
        </inbodydescription>
        <location file="mainwindow.h" line="18" column="5" bodyfile="mainwindow.cpp" bodystart="12" bodyend="41"/>
        <references refid="class_main_window_1ab614c1dedc695f5096cc0ccf750490ab" compoundref="mainwindow_8cpp" startline="81" endline="87">filterVaultList</references>
        <references refid="class_main_window_1ab9c6492b81f3117ca8fed55c7b97da44" compoundref="mainwindow_8h" startline="40">m_statusLabel</references>
        <references refid="class_main_window_1a996c5a2b6f77944776856f08ec30858d" compoundref="mainwindow_8cpp" startline="12" endline="41">MainWindow</references>
        <references refid="class_main_window_1ac70a65e0bdf1b517e947b0bd0161987e" compoundref="mainwindow_8cpp" startline="221" endline="250">on_deleteButton_clicked</references>
        <references refid="class_main_window_1a9698794daa03f8301231e68af4fa7f87" compoundref="mainwindow_8cpp" startline="185" endline="201">on_viewDetailsButton_clicked</references>
        <references refid="class_main_window_1a2da49242a5efb9ed05e41b82ae19b6fa" compoundref="mainwindow_8cpp" startline="49" endline="70">promptForMasterKey</references>
        <references refid="class_main_window_1a35466a70ed47252a0191168126a352a5" compoundref="mainwindow_8h" startline="37">ui</references>
        <references refid="class_main_window_1ab33e4b5da36ef26bb063b3b4803ee98f" compoundref="mainwindow_8h" startline="38">vaultManager</references>
        <referencedby refid="class_main_window_1a996c5a2b6f77944776856f08ec30858d" compoundref="mainwindow_8cpp" startline="12" endline="41">MainWindow</referencedby>
      </memberdef>
      <memberdef kind="function" id="class_main_window_1ae98d00a93bc118200eeef9f9bba1dba7" prot="public" static="no" const="no" explicit="no" inline="no" virt="non-virtual">
        <type></type>
        <definition>MainWindow::~MainWindow</definition>
        <argsstring>()</argsstring>
        <name>~MainWindow</name>
        <qualifiedname>MainWindow::~MainWindow</qualifiedname>
        <briefdescription>
        </briefdescription>
        <detaileddescription>
        </detaileddescription>
        <inbodydescription>
        </inbodydescription>
        <location file="mainwindow.h" line="19" column="5" bodyfile="mainwindow.cpp" bodystart="43" bodyend="47"/>
        <references refid="class_main_window_1a35466a70ed47252a0191168126a352a5" compoundref="mainwindow_8h" startline="37">ui</references>
        <references refid="class_main_window_1ab33e4b5da36ef26bb063b3b4803ee98f" compoundref="mainwindow_8h" startline="38">vaultManager</references>
      </memberdef>
    </sectiondef>
    <sectiondef kind="private-slot">
      <memberdef kind="slot" id="class_main_window_1a6f07e911e9368f6643afa0aed2272353" prot="private" static="no" const="no" explicit="no" inline="no" virt="non-virtual">
        <type>void</type>
        <definition>void MainWindow::on_generateButton_clicked</definition>
        <argsstring>()</argsstring>
        <name>on_generateButton_clicked</name>
        <qualifiedname>MainWindow::on_generateButton_clicked</qualifiedname>
        <briefdescription>
        </briefdescription>
        <detaileddescription>
        </detaileddescription>
        <inbodydescription>
        </inbodydescription>
        <location file="mainwindow.h" line="22" column="10" bodyfile="mainwindow.cpp" bodystart="94" bodyend="113"/>
        <references refid="class_main_window_1ab9c6492b81f3117ca8fed55c7b97da44" compoundref="mainwindow_8h" startline="40">m_statusLabel</references>
        <references refid="class_main_window_1a35466a70ed47252a0191168126a352a5" compoundref="mainwindow_8h" startline="37">ui</references>
        <references refid="class_main_window_1ab33e4b5da36ef26bb063b3b4803ee98f" compoundref="mainwindow_8h" startline="38">vaultManager</references>
      </memberdef>
      <memberdef kind="slot" id="class_main_window_1a85ea79556ca7515950d5c7931ce9e6c8" prot="private" static="no" const="no" explicit="no" inline="no" virt="non-virtual">
        <type>void</type>
        <definition>void MainWindow::on_generateNickButton_clicked</definition>
        <argsstring>()</argsstring>
        <name>on_generateNickButton_clicked</name>
        <qualifiedname>MainWindow::on_generateNickButton_clicked</qualifiedname>
        <briefdescription>
        </briefdescription>
        <detaileddescription>
        </detaileddescription>
        <inbodydescription>
        </inbodydescription>
        <location file="mainwindow.h" line="23" column="10" bodyfile="mainwindow.cpp" bodystart="115" bodyend="134"/>
        <references refid="class_main_window_1ab9c6492b81f3117ca8fed55c7b97da44" compoundref="mainwindow_8h" startline="40">m_statusLabel</references>
        <references refid="class_main_window_1a35466a70ed47252a0191168126a352a5" compoundref="mainwindow_8h" startline="37">ui</references>
        <references refid="class_main_window_1ab33e4b5da36ef26bb063b3b4803ee98f" compoundref="mainwindow_8h" startline="38">vaultManager</references>
      </memberdef>
      <memberdef kind="slot" id="class_main_window_1a52e6d2463f17c5cd056817c6f47285dd" prot="private" static="no" const="no" explicit="no" inline="no" virt="non-virtual">
        <type>void</type>
        <definition>void MainWindow::on_saveButton_clicked</definition>
        <argsstring>()</argsstring>
        <name>on_saveButton_clicked</name>
        <qualifiedname>MainWindow::on_saveButton_clicked</qualifiedname>
        <briefdescription>
        </briefdescription>
        <detaileddescription>
        </detaileddescription>
        <inbodydescription>
        </inbodydescription>
        <location file="mainwindow.h" line="24" column="10" bodyfile="mainwindow.cpp" bodystart="136" bodyend="147"/>
        <references refid="class_main_window_1a6479c76503b3e3f57a592d48c244214e" compoundref="mainwindow_8h" startline="39">masterKey</references>
        <references refid="class_main_window_1a2da49242a5efb9ed05e41b82ae19b6fa" compoundref="mainwindow_8cpp" startline="49" endline="70">promptForMasterKey</references>
        <references refid="class_main_window_1a35466a70ed47252a0191168126a352a5" compoundref="mainwindow_8h" startline="37">ui</references>
        <references refid="class_main_window_1a7ecbc717f7f59b53ea5b8c56d3e7558c" compoundref="mainwindow_8cpp" startline="73" endline="79">updateVaultList</references>
        <references refid="class_main_window_1ab33e4b5da36ef26bb063b3b4803ee98f" compoundref="mainwindow_8h" startline="38">vaultManager</references>
      </memberdef>
      <memberdef kind="slot" id="class_main_window_1a9698794daa03f8301231e68af4fa7f87" prot="private" static="no" const="no" explicit="no" inline="no" virt="non-virtual">
        <type>void</type>
        <definition>void MainWindow::on_viewDetailsButton_clicked</definition>
        <argsstring>()</argsstring>
        <name>on_viewDetailsButton_clicked</name>
        <qualifiedname>MainWindow::on_viewDetailsButton_clicked</qualifiedname>
        <briefdescription>
        </briefdescription>
        <detaileddescription>
        </detaileddescription>
        <inbodydescription>
        </inbodydescription>
        <location file="mainwindow.h" line="26" column="10" bodyfile="mainwindow.cpp" bodystart="185" bodyend="201"/>
        <references refid="class_main_window_1a6479c76503b3e3f57a592d48c244214e" compoundref="mainwindow_8h" startline="39">masterKey</references>
        <references refid="class_main_window_1aeff69bfa20bbae0478792db65fd08837" compoundref="mainwindow_8cpp" startline="149" endline="183">showPasswordDetails</references>
        <references refid="class_main_window_1a35466a70ed47252a0191168126a352a5" compoundref="mainwindow_8h" startline="37">ui</references>
        <referencedby refid="class_main_window_1a996c5a2b6f77944776856f08ec30858d" compoundref="mainwindow_8cpp" startline="12" endline="41">MainWindow</referencedby>
      </memberdef>
      <memberdef kind="slot" id="class_main_window_1aeff69bfa20bbae0478792db65fd08837" prot="private" static="no" const="no" explicit="no" inline="no" virt="non-virtual">
        <type>void</type>
        <definition>void MainWindow::showPasswordDetails</definition>
        <argsstring>(int index)</argsstring>
        <name>showPasswordDetails</name>
        <qualifiedname>MainWindow::showPasswordDetails</qualifiedname>
        <param>
          <type>int</type>
          <declname>index</declname>
        </param>
        <briefdescription>
        </briefdescription>
        <detaileddescription>
        </detaileddescription>
        <inbodydescription>
        </inbodydescription>
        <location file="mainwindow.h" line="27" column="10" bodyfile="mainwindow.cpp" bodystart="149" bodyend="183"/>
        <references refid="class_main_window_1a3f66e05fdfb23da1881bcd366ea709e3" compoundref="mainwindow_8cpp" startline="89" endline="92">clearClipboard</references>
        <references refid="class_main_window_1a6479c76503b3e3f57a592d48c244214e" compoundref="mainwindow_8h" startline="39">masterKey</references>
        <references refid="class_main_window_1a35466a70ed47252a0191168126a352a5" compoundref="mainwindow_8h" startline="37">ui</references>
        <references refid="class_main_window_1a7ecbc717f7f59b53ea5b8c56d3e7558c" compoundref="mainwindow_8cpp" startline="73" endline="79">updateVaultList</references>
        <references refid="class_main_window_1ab33e4b5da36ef26bb063b3b4803ee98f" compoundref="mainwindow_8h" startline="38">vaultManager</references>
        <referencedby refid="class_main_window_1a9698794daa03f8301231e68af4fa7f87" compoundref="mainwindow_8cpp" startline="185" endline="201">on_viewDetailsButton_clicked</referencedby>
      </memberdef>
      <memberdef kind="slot" id="class_main_window_1ac70a65e0bdf1b517e947b0bd0161987e" prot="private" static="no" const="no" explicit="no" inline="no" virt="non-virtual">
        <type>void</type>
        <definition>void MainWindow::on_deleteButton_clicked</definition>
        <argsstring>()</argsstring>
        <name>on_deleteButton_clicked</name>
        <qualifiedname>MainWindow::on_deleteButton_clicked</qualifiedname>
        <briefdescription>
        </briefdescription>
        <detaileddescription>
        </detaileddescription>
        <inbodydescription>
        </inbodydescription>
        <location file="mainwindow.h" line="28" column="10" bodyfile="mainwindow.cpp" bodystart="221" bodyend="250"/>
        <references refid="class_main_window_1a6479c76503b3e3f57a592d48c244214e" compoundref="mainwindow_8h" startline="39">masterKey</references>
        <references refid="class_main_window_1a35466a70ed47252a0191168126a352a5" compoundref="mainwindow_8h" startline="37">ui</references>
        <references refid="class_main_window_1a7ecbc717f7f59b53ea5b8c56d3e7558c" compoundref="mainwindow_8cpp" startline="73" endline="79">updateVaultList</references>
        <references refid="class_main_window_1ab33e4b5da36ef26bb063b3b4803ee98f" compoundref="mainwindow_8h" startline="38">vaultManager</references>
        <referencedby refid="class_main_window_1a996c5a2b6f77944776856f08ec30858d" compoundref="mainwindow_8cpp" startline="12" endline="41">MainWindow</referencedby>
      </memberdef>
      <memberdef kind="slot" id="class_main_window_1ae22acf0b9981ab783fdee8b0fb1c9c49" prot="private" static="no" const="no" explicit="no" inline="no" virt="non-virtual">
        <type>void</type>
        <definition>void MainWindow::on_exportButton_clicked</definition>
        <argsstring>()</argsstring>
        <name>on_exportButton_clicked</name>
        <qualifiedname>MainWindow::on_exportButton_clicked</qualifiedname>
        <briefdescription>
        </briefdescription>
        <detaileddescription>
        </detaileddescription>
        <inbodydescription>
        </inbodydescription>
        <location file="mainwindow.h" line="30" column="10" bodyfile="mainwindow.cpp" bodystart="203" bodyend="208"/>
        <references refid="class_main_window_1ab33e4b5da36ef26bb063b3b4803ee98f" compoundref="mainwindow_8h" startline="38">vaultManager</references>
      </memberdef>
      <memberdef kind="slot" id="class_main_window_1a5e3b3f4dafca62ecb908f1262837d960" prot="private" static="no" const="no" explicit="no" inline="no" virt="non-virtual">
        <type>void</type>
        <definition>void MainWindow::on_importButton_clicked</definition>
        <argsstring>()</argsstring>
        <name>on_importButton_clicked</name>
        <qualifiedname>MainWindow::on_importButton_clicked</qualifiedname>
        <briefdescription>
        </briefdescription>
        <detaileddescription>
        </detaileddescription>
        <inbodydescription>
        </inbodydescription>
        <location file="mainwindow.h" line="31" column="10" bodyfile="mainwindow.cpp" bodystart="210" bodyend="219"/>
        <references refid="class_main_window_1a7ecbc717f7f59b53ea5b8c56d3e7558c" compoundref="mainwindow_8cpp" startline="73" endline="79">updateVaultList</references>
        <references refid="class_main_window_1ab33e4b5da36ef26bb063b3b4803ee98f" compoundref="mainwindow_8h" startline="38">vaultManager</references>
      </memberdef>
      <memberdef kind="slot" id="class_main_window_1ab614c1dedc695f5096cc0ccf750490ab" prot="private" static="no" const="no" explicit="no" inline="no" virt="non-virtual">
        <type>void</type>
        <definition>void MainWindow::filterVaultList</definition>
        <argsstring>(const QString &amp;searchText)</argsstring>
        <name>filterVaultList</name>
        <qualifiedname>MainWindow::filterVaultList</qualifiedname>
        <param>
          <type>const QString &amp;</type>
          <declname>searchText</declname>
        </param>
        <briefdescription>
        </briefdescription>
        <detaileddescription>
        </detaileddescription>
        <inbodydescription>
        </inbodydescription>
        <location file="mainwindow.h" line="33" column="10" bodyfile="mainwindow.cpp" bodystart="81" bodyend="87"/>
        <references refid="class_main_window_1a35466a70ed47252a0191168126a352a5" compoundref="mainwindow_8h" startline="37">ui</references>
        <referencedby refid="class_main_window_1a996c5a2b6f77944776856f08ec30858d" compoundref="mainwindow_8cpp" startline="12" endline="41">MainWindow</referencedby>
      </memberdef>
      <memberdef kind="slot" id="class_main_window_1a3f66e05fdfb23da1881bcd366ea709e3" prot="private" static="no" const="no" explicit="no" inline="no" virt="non-virtual">
        <type>void</type>
        <definition>void MainWindow::clearClipboard</definition>
        <argsstring>()</argsstring>
        <name>clearClipboard</name>
        <qualifiedname>MainWindow::clearClipboard</qualifiedname>
        <briefdescription>
        </briefdescription>
        <detaileddescription>
        </detaileddescription>
        <inbodydescription>
        </inbodydescription>
        <location file="mainwindow.h" line="34" column="10" bodyfile="mainwindow.cpp" bodystart="89" bodyend="92"/>
        <references refid="class_main_window_1ab9c6492b81f3117ca8fed55c7b97da44" compoundref="mainwindow_8h" startline="40">m_statusLabel</references>
        <referencedby refid="class_main_window_1aeff69bfa20bbae0478792db65fd08837" compoundref="mainwindow_8cpp" startline="149" endline="183">showPasswordDetails</referencedby>
      </memberdef>
    </sectiondef>
    <sectiondef kind="private-func">
      <memberdef kind="function" id="class_main_window_1a2da49242a5efb9ed05e41b82ae19b6fa" prot="private" static="no" const="no" explicit="no" inline="no" virt="non-virtual">
        <type>void</type>
        <definition>void MainWindow::promptForMasterKey</definition>
        <argsstring>(bool initialSetup)</argsstring>
        <name>promptForMasterKey</name>
        <qualifiedname>MainWindow::promptForMasterKey</qualifiedname>
        <param>
          <type>bool</type>
          <declname>initialSetup</declname>
        </param>
        <briefdescription>
        </briefdescription>
        <detaileddescription>
        </detaileddescription>
        <inbodydescription>
        </inbodydescription>
        <location file="mainwindow.h" line="42" column="10" bodyfile="mainwindow.cpp" bodystart="49" bodyend="70"/>
        <references refid="class_main_window_1a6479c76503b3e3f57a592d48c244214e" compoundref="mainwindow_8h" startline="39">masterKey</references>
        <references refid="class_main_window_1a7ecbc717f7f59b53ea5b8c56d3e7558c" compoundref="mainwindow_8cpp" startline="73" endline="79">updateVaultList</references>
        <references refid="class_main_window_1ab33e4b5da36ef26bb063b3b4803ee98f" compoundref="mainwindow_8h" startline="38">vaultManager</references>
        <referencedby refid="class_main_window_1a996c5a2b6f77944776856f08ec30858d" compoundref="mainwindow_8cpp" startline="12" endline="41">MainWindow</referencedby>
        <referencedby refid="class_main_window_1a52e6d2463f17c5cd056817c6f47285dd" compoundref="mainwindow_8cpp" startline="136" endline="147">on_saveButton_clicked</referencedby>
      </memberdef>
      <memberdef kind="function" id="class_main_window_1a7ecbc717f7f59b53ea5b8c56d3e7558c" prot="private" static="no" const="no" explicit="no" inline="no" virt="non-virtual">
        <type>void</type>
        <definition>void MainWindow::updateVaultList</definition>
        <argsstring>()</argsstring>
        <name>updateVaultList</name>
        <qualifiedname>MainWindow::updateVaultList</qualifiedname>
        <briefdescription>
        </briefdescription>
        <detaileddescription>
        </detaileddescription>
        <inbodydescription>
        </inbodydescription>
        <location file="mainwindow.h" line="43" column="10" bodyfile="mainwindow.cpp" bodystart="73" bodyend="79"/>
        <references refid="class_main_window_1a35466a70ed47252a0191168126a352a5" compoundref="mainwindow_8h" startline="37">ui</references>
        <references refid="class_main_window_1ab33e4b5da36ef26bb063b3b4803ee98f" compoundref="mainwindow_8h" startline="38">vaultManager</references>
        <referencedby refid="class_main_window_1ac70a65e0bdf1b517e947b0bd0161987e" compoundref="mainwindow_8cpp" startline="221" endline="250">on_deleteButton_clicked</referencedby>
        <referencedby refid="class_main_window_1a5e3b3f4dafca62ecb908f1262837d960" compoundref="mainwindow_8cpp" startline="210" endline="219">on_importButton_clicked</referencedby>
        <referencedby refid="class_main_window_1a52e6d2463f17c5cd056817c6f47285dd" compoundref="mainwindow_8cpp" startline="136" endline="147">on_saveButton_clicked</referencedby>
        <referencedby refid="class_main_window_1a2da49242a5efb9ed05e41b82ae19b6fa" compoundref="mainwindow_8cpp" startline="49" endline="70">promptForMasterKey</referencedby>
        <referencedby refid="class_main_window_1aeff69bfa20bbae0478792db65fd08837" compoundref="mainwindow_8cpp" startline="149" endline="183">showPasswordDetails</referencedby>
      </memberdef>
    </sectiondef>
    <briefdescription>
    </briefdescription>
    <detaileddescription>
    </detaileddescription>
    <inheritancegraph>
      <node id="1">
        <label>MainWindow</label>
        <link refid="class_main_window"/>
        <childnode refid="2" relation="public-inheritance">
        </childnode>
      </node>
      <node id="2">
        <label>QMainWindow</label>
      </node>
    </inheritancegraph>
    <collaborationgraph>
      <node id="1">
        <label>MainWindow</label>
        <link refid="class_main_window"/>
        <childnode refid="2" relation="public-inheritance">
        </childnode>
        <childnode refid="3" relation="usage">
          <edgelabel>vaultManager</edgelabel>
        </childnode>
      </node>
      <node id="2">
        <label>QMainWindow</label>
      </node>
      <node id="4">
        <label>QObject</label>
      </node>
      <node id="3">
        <label>VaultBackend</label>
        <link refid="class_vault_backend"/>
        <childnode refid="4" relation="public-inheritance">
        </childnode>
      </node>
    </collaborationgraph>
    <location file="mainwindow.h" line="13" column="1" bodyfile="mainwindow.h" bodystart="14" bodyend="44"/>
    <listofallmembers>
      <member refid="class_main_window_1a3f66e05fdfb23da1881bcd366ea709e3" prot="private" virt="non-virtual"><scope>MainWindow</scope><name>clearClipboard</name></member>
      <member refid="class_main_window_1ab614c1dedc695f5096cc0ccf750490ab" prot="private" virt="non-virtual"><scope>MainWindow</scope><name>filterVaultList</name></member>
      <member refid="class_main_window_1ab9c6492b81f3117ca8fed55c7b97da44" prot="private" virt="non-virtual"><scope>MainWindow</scope><name>m_statusLabel</name></member>
      <member refid="class_main_window_1a996c5a2b6f77944776856f08ec30858d" prot="public" virt="non-virtual"><scope>MainWindow</scope><name>MainWindow</name></member>
      <member refid="class_main_window_1a6479c76503b3e3f57a592d48c244214e" prot="private" virt="non-virtual"><scope>MainWindow</scope><name>masterKey</name></member>
      <member refid="class_main_window_1ac70a65e0bdf1b517e947b0bd0161987e" prot="private" virt="non-virtual"><scope>MainWindow</scope><name>on_deleteButton_clicked</name></member>
      <member refid="class_main_window_1ae22acf0b9981ab783fdee8b0fb1c9c49" prot="private" virt="non-virtual"><scope>MainWindow</scope><name>on_exportButton_clicked</name></member>
      <member refid="class_main_window_1a6f07e911e9368f6643afa0aed2272353" prot="private" virt="non-virtual"><scope>MainWindow</scope><name>on_generateButton_clicked</name></member>
      <member refid="class_main_window_1a85ea79556ca7515950d5c7931ce9e6c8" prot="private" virt="non-virtual"><scope>MainWindow</scope><name>on_generateNickButton_clicked</name></member>
      <member refid="class_main_window_1a5e3b3f4dafca62ecb908f1262837d960" prot="private" virt="non-virtual"><scope>MainWindow</scope><name>on_importButton_clicked</name></member>
      <member refid="class_main_window_1a52e6d2463f17c5cd056817c6f47285dd" prot="private" virt="non-virtual"><scope>MainWindow</scope><name>on_saveButton_clicked</name></member>
      <member refid="class_main_window_1a9698794daa03f8301231e68af4fa7f87" prot="private" virt="non-virtual"><scope>MainWindow</scope><name>on_viewDetailsButton_clicked</name></member>
      <member refid="class_main_window_1a2da49242a5efb9ed05e41b82ae19b6fa" prot="private" virt="non-virtual"><scope>MainWindow</scope><name>promptForMasterKey</name></member>
      <member refid="class_main_window_1aeff69bfa20bbae0478792db65fd08837" prot="private" virt="non-virtual"><scope>MainWindow</scope><name>showPasswordDetails</name></member>
      <member refid="class_main_window_1a35466a70ed47252a0191168126a352a5" prot="private" virt="non-virtual"><scope>MainWindow</scope><name>ui</name></member>
      <member refid="class_main_window_1a7ecbc717f7f59b53ea5b8c56d3e7558c" prot="private" virt="non-virtual"><scope>MainWindow</scope><name>updateVaultList</name></member>
      <member refid="class_main_window_1ab33e4b5da36ef26bb063b3b4803ee98f" prot="private" virt="non-virtual"><scope>MainWindow</scope><name>vaultManager</name></member>
      <member refid="class_main_window_1ae98d00a93bc118200eeef9f9bba1dba7" prot="public" virt="non-virtual"><scope>MainWindow</scope><name>~MainWindow</name></member>
    </listofallmembers>
  </compounddef>
</doxygen>
