<?xml version='1.0' encoding='UTF-8' standalone='no'?>
<doxygen xmlns:xsi="http://www.w3.org/2001/XMLSchema-instance" xsi:noNamespaceSchemaLocation="compound.xsd" version="1.15.0" xml:lang="en-US">
  <compounddef id="mainwindow_8h" kind="file" language="C++">
    <compoundname>mainwindow.h</compoundname>
    <includes local="no">QMainWindow</includes>
    <includes refid="vaultbackend_8h" local="yes">vaultbackend.h</includes>
    <includes local="no">QListWidget</includes>
    <includes local="no">QLabel</includes>
    <includedby refid="main_8cpp" local="yes">main.cpp</includedby>
    <includedby refid="mainwindow_8cpp" local="yes">mainwindow.cpp</includedby>
    <incdepgraph>
      <node id="1">
        <label>mainwindow.h</label>
        <link refid="mainwindow_8h"/>
        <childnode refid="2" relation="include">
        </childnode>
        <childnode refid="3" relation="include">
        </childnode>
        <childnode refid="9" relation="include">
        </childnode>
        <childnode refid="10" relation="include">
        </childnode>
      </node>
      <node id="3">
        <label>vaultbackend.h</label>
        <link refid="vaultbackend_8h"/>
        <childnode refid="4" relation="include">
        </childnode>
        <childnode refid="5" relation="include">
        </childnode>
        <childnode refid="6" relation="include">
        </childnode>
        <childnode refid="7" relation="include">
        </childnode>
        <childnode refid="8" relation="include">
        </childnode>
      </node>
      <node id="10">
        <label>QLabel</label>
      </node>
      <node id="9">
        <label>QListWidget</label>
      </node>
      <node id="2">
        <label>QMainWindow</label>
      </node>
      <node id="7">
        <label>QMap</label>
      </node>
      <node id="4">
        <label>QObject</label>
      </node>
      <node id="8">
        <label>QStandardPaths</label>
      </node>
      <node id="5">
        <label>QVariantList</label>
      </node>
      <node id="6">
        <label>QVariantMap</label>
      </node>
    </incdepgraph>
    <invincdepgraph>
      <node id="2">
        <label>main.cpp</label>
        <link refid="main_8cpp"/>
      </node>
      <node id="3">
        <label>mainwindow.cpp</label>
        <link refid="mainwindow_8cpp"/>
      </node>
      <node id="1">
        <label>mainwindow.h</label>
        <link refid="mainwindow_8h"/>
        <childnode refid="2" relation="include">
        </childnode>
        <childnode refid="3" relation="include">
        </childnode>
      </node>
    </invincdepgraph>
    <innerclass refid="class_main_window" prot="public">MainWindow</innerclass>
    <innernamespace refid="namespace_ui">Ui</innernamespace>
    <briefdescription>
    </briefdescription>
    <detaileddescription>
    </detaileddescription>
    <programlisting>
<codeline lineno="1"><highlight class="preprocessor">#ifndef<sp/>MAINWINDOW_H</highlight><highlight class="normal"></highlight></codeline>
<codeline lineno="2"><highlight class="normal"></highlight><highlight class="preprocessor">#define<sp/>MAINWINDOW_H</highlight><highlight class="normal"></highlight></codeline>
<codeline lineno="3"><highlight class="normal"></highlight></codeline>
<codeline lineno="4"><highlight class="normal"></highlight><highlight class="preprocessor">#include<sp/>&lt;QMainWindow&gt;</highlight><highlight class="normal"></highlight></codeline>
<codeline lineno="5"><highlight class="normal"></highlight><highlight class="preprocessor">#include<sp/>&quot;<ref refid="vaultbackend_8h" kindref="compound">vaultbackend.h</ref>&quot;</highlight><highlight class="normal"></highlight></codeline>
<codeline lineno="6"><highlight class="normal"></highlight><highlight class="preprocessor">#include<sp/>&lt;QListWidget&gt;</highlight><highlight class="normal"></highlight></codeline>
<codeline lineno="7"><highlight class="normal"></highlight><highlight class="preprocessor">#include<sp/>&lt;QLabel&gt;</highlight><highlight class="normal"></highlight></codeline>
<codeline lineno="8"><highlight class="normal"></highlight></codeline>
<codeline lineno="9"><highlight class="normal">QT_BEGIN_NAMESPACE</highlight></codeline>
<codeline lineno="10" refid="namespace_ui" refkind="compound"><highlight class="normal"></highlight><highlight class="keyword">namespace<sp/></highlight><highlight class="normal"><ref refid="namespace_ui" kindref="compound">Ui</ref><sp/>{<sp/></highlight><highlight class="keyword">class<sp/></highlight><highlight class="normal"><ref refid="class_main_window" kindref="compound">MainWindow</ref>;<sp/>}</highlight></codeline>
<codeline lineno="11"><highlight class="normal">QT_END_NAMESPACE</highlight></codeline>
<codeline lineno="12"><highlight class="normal"></highlight></codeline>
<codeline lineno="13" refid="class_main_window" refkind="compound"><highlight class="normal"></highlight><highlight class="keyword">class<sp/></highlight><highlight class="normal"><ref refid="class_main_window_1a996c5a2b6f77944776856f08ec30858d" kindref="member">MainWindow</ref><sp/>:<sp/></highlight><highlight class="keyword">public</highlight><highlight class="normal"><sp/>QMainWindow</highlight></codeline>
<codeline lineno="14"><highlight class="normal">{</highlight></codeline>
<codeline lineno="15"><highlight class="normal"><sp/><sp/><sp/><sp/>Q_OBJECT</highlight></codeline>
<codeline lineno="16"><highlight class="normal"></highlight></codeline>
<codeline lineno="17"><highlight class="normal"></highlight><highlight class="keyword">public</highlight><highlight class="normal">:</highlight></codeline>
<codeline lineno="18"><highlight class="normal"><sp/><sp/><sp/><sp/><ref refid="class_main_window_1a996c5a2b6f77944776856f08ec30858d" kindref="member">MainWindow</ref>(QWidget<sp/>*parent<sp/>=<sp/></highlight><highlight class="keyword">nullptr</highlight><highlight class="normal">);</highlight></codeline>
<codeline lineno="19"><highlight class="normal"><sp/><sp/><sp/><sp/><ref refid="class_main_window_1ae98d00a93bc118200eeef9f9bba1dba7" kindref="member">~MainWindow</ref>();</highlight></codeline>
<codeline lineno="20"><highlight class="normal"></highlight></codeline>
<codeline lineno="21"><highlight class="normal"></highlight><highlight class="keyword">private</highlight><highlight class="normal"><sp/>slots:</highlight></codeline>
<codeline lineno="22"><highlight class="normal"><sp/><sp/><sp/><sp/></highlight><highlight class="keywordtype">void</highlight><highlight class="normal"><sp/><ref refid="class_main_window_1a6f07e911e9368f6643afa0aed2272353" kindref="member">on_generateButton_clicked</ref>();</highlight></codeline>
<codeline lineno="23"><highlight class="normal"><sp/><sp/><sp/><sp/></highlight><highlight class="keywordtype">void</highlight><highlight class="normal"><sp/><ref refid="class_main_window_1a85ea79556ca7515950d5c7931ce9e6c8" kindref="member">on_generateNickButton_clicked</ref>();</highlight></codeline>
<codeline lineno="24"><highlight class="normal"><sp/><sp/><sp/><sp/></highlight><highlight class="keywordtype">void</highlight><highlight class="normal"><sp/><ref refid="class_main_window_1a52e6d2463f17c5cd056817c6f47285dd" kindref="member">on_saveButton_clicked</ref>();</highlight></codeline>
<codeline lineno="25"><highlight class="normal"></highlight></codeline>
<codeline lineno="26"><highlight class="normal"><sp/><sp/><sp/><sp/></highlight><highlight class="keywordtype">void</highlight><highlight class="normal"><sp/><ref refid="class_main_window_1a9698794daa03f8301231e68af4fa7f87" kindref="member">on_viewDetailsButton_clicked</ref>();</highlight></codeline>
<codeline lineno="27"><highlight class="normal"><sp/><sp/><sp/><sp/></highlight><highlight class="keywordtype">void</highlight><highlight class="normal"><sp/><ref refid="class_main_window_1aeff69bfa20bbae0478792db65fd08837" kindref="member">showPasswordDetails</ref>(</highlight><highlight class="keywordtype">int</highlight><highlight class="normal"><sp/>index);</highlight></codeline>
<codeline lineno="28"><highlight class="normal"><sp/><sp/><sp/><sp/></highlight><highlight class="keywordtype">void</highlight><highlight class="normal"><sp/><ref refid="class_main_window_1ac70a65e0bdf1b517e947b0bd0161987e" kindref="member">on_deleteButton_clicked</ref>();</highlight></codeline>
<codeline lineno="29"><highlight class="normal"></highlight></codeline>
<codeline lineno="30"><highlight class="normal"><sp/><sp/><sp/><sp/></highlight><highlight class="keywordtype">void</highlight><highlight class="normal"><sp/><ref refid="class_main_window_1ae22acf0b9981ab783fdee8b0fb1c9c49" kindref="member">on_exportButton_clicked</ref>();</highlight></codeline>
<codeline lineno="31"><highlight class="normal"><sp/><sp/><sp/><sp/></highlight><highlight class="keywordtype">void</highlight><highlight class="normal"><sp/><ref refid="class_main_window_1a5e3b3f4dafca62ecb908f1262837d960" kindref="member">on_importButton_clicked</ref>();</highlight></codeline>
<codeline lineno="32"><highlight class="normal"></highlight></codeline>
<codeline lineno="33"><highlight class="normal"><sp/><sp/><sp/><sp/></highlight><highlight class="keywordtype">void</highlight><highlight class="normal"><sp/><ref refid="class_main_window_1ab614c1dedc695f5096cc0ccf750490ab" kindref="member">filterVaultList</ref>(</highlight><highlight class="keyword">const</highlight><highlight class="normal"><sp/>QString<sp/>&amp;searchText);</highlight></codeline>
<codeline lineno="34"><highlight class="normal"><sp/><sp/><sp/><sp/></highlight><highlight class="keywordtype">void</highlight><highlight class="normal"><sp/><ref refid="class_main_window_1a3f66e05fdfb23da1881bcd366ea709e3" kindref="member">clearClipboard</ref>();</highlight></codeline>
<codeline lineno="35"><highlight class="normal"></highlight></codeline>
<codeline lineno="36"><highlight class="normal"></highlight><highlight class="keyword">private</highlight><highlight class="normal">:</highlight></codeline>
<codeline lineno="37" refid="class_main_window_1a35466a70ed47252a0191168126a352a5" refkind="member"><highlight class="normal"><sp/><sp/><sp/><sp/>Ui::MainWindow<sp/>*<ref refid="class_main_window_1a35466a70ed47252a0191168126a352a5" kindref="member">ui</ref>;</highlight></codeline>
<codeline lineno="38" refid="class_main_window_1ab33e4b5da36ef26bb063b3b4803ee98f" refkind="member"><highlight class="normal"><sp/><sp/><sp/><sp/><ref refid="class_vault_backend" kindref="compound">VaultBackend</ref><sp/>*<ref refid="class_main_window_1ab33e4b5da36ef26bb063b3b4803ee98f" kindref="member">vaultManager</ref>;</highlight></codeline>
<codeline lineno="39" refid="class_main_window_1a6479c76503b3e3f57a592d48c244214e" refkind="member"><highlight class="normal"><sp/><sp/><sp/><sp/>QString<sp/><ref refid="class_main_window_1a6479c76503b3e3f57a592d48c244214e" kindref="member">masterKey</ref>;</highlight></codeline>
<codeline lineno="40" refid="class_main_window_1ab9c6492b81f3117ca8fed55c7b97da44" refkind="member"><highlight class="normal"><sp/><sp/><sp/><sp/>QLabel<sp/>*<ref refid="class_main_window_1ab9c6492b81f3117ca8fed55c7b97da44" kindref="member">m_statusLabel</ref>;</highlight></codeline>
<codeline lineno="41"><highlight class="normal"></highlight></codeline>
<codeline lineno="42"><highlight class="normal"><sp/><sp/><sp/><sp/></highlight><highlight class="keywordtype">void</highlight><highlight class="normal"><sp/><ref refid="class_main_window_1a2da49242a5efb9ed05e41b82ae19b6fa" kindref="member">promptForMasterKey</ref>(</highlight><highlight class="keywordtype">bool</highlight><highlight class="normal"><sp/>initialSetup);</highlight></codeline>
<codeline lineno="43"><highlight class="normal"><sp/><sp/><sp/><sp/></highlight><highlight class="keywordtype">void</highlight><highlight class="normal"><sp/><ref refid="class_main_window_1a7ecbc717f7f59b53ea5b8c56d3e7558c" kindref="member">updateVaultList</ref>();</highlight></codeline>
<codeline lineno="44"><highlight class="normal">};</highlight></codeline>
<codeline lineno="45"><highlight class="normal"></highlight></codeline>
<codeline lineno="46"><highlight class="normal"></highlight><highlight class="preprocessor">#endif</highlight></codeline>
    </programlisting>
    <location file="mainwindow.h"/>
  </compounddef>
</doxygen>
