<?xml version='1.0' encoding='UTF-8' standalone='no'?>
<doxygen xmlns:xsi="http://www.w3.org/2001/XMLSchema-instance" xsi:noNamespaceSchemaLocation="compound.xsd" version="1.15.0" xml:lang="en-US">
  <compounddef id="main_8cpp" kind="file" language="C++">
    <compoundname>main.cpp</compoundname>
    <includes refid="mainwindow_8h" local="yes">mainwindow.h</includes>
    <includes local="no">QApplication</includes>
    <incdepgraph>
      <node id="1">
        <label>main.cpp</label>
        <link refid="main_8cpp"/>
        <childnode refid="2" relation="include">
        </childnode>
        <childnode refid="12" relation="include">
        </childnode>
      </node>
      <node id="2">
        <label>mainwindow.h</label>
        <link refid="mainwindow_8h"/>
        <childnode refid="3" relation="include">
        </childnode>
        <childnode refid="4" relation="include">
        </childnode>
        <childnode refid="10" relation="include">
        </childnode>
        <childnode refid="11" relation="include">
        </childnode>
      </node>
      <node id="4">
        <label>vaultbackend.h</label>
        <link refid="vaultbackend_8h"/>
        <childnode refid="5" relation="include">
        </childnode>
        <childnode refid="6" relation="include">
        </childnode>
        <childnode refid="7" relation="include">
        </childnode>
        <childnode refid="8" relation="include">
        </childnode>
        <childnode refid="9" relation="include">
        </childnode>
      </node>
      <node id="12">
        <label>QApplication</label>
      </node>
      <node id="11">
        <label>QLabel</label>
      </node>
      <node id="10">
        <label>QListWidget</label>
      </node>
      <node id="3">
        <label>QMainWindow</label>
      </node>
      <node id="8">
        <label>QMap</label>
      </node>
      <node id="5">
        <label>QObject</label>
      </node>
      <node id="9">
        <label>QStandardPaths</label>
      </node>
      <node id="6">
        <label>QVariantList</label>
      </node>
      <node id="7">
        <label>QVariantMap</label>
      </node>
    </incdepgraph>
    <sectiondef kind="func">
      <memberdef kind="function" id="main_8cpp_1a0ddf1224851353fc92bfbff6f499fa97" prot="public" static="no" const="no" explicit="no" inline="no" virt="non-virtual">
        <type>int</type>
        <definition>int main</definition>
        <argsstring>(int argc, char *argv[])</argsstring>
        <name>main</name>
        <param>
          <type>int</type>
          <declname>argc</declname>
        </param>
        <param>
          <type>char *</type>
          <declname>argv</declname>
          <array>[]</array>
        </param>
        <briefdescription>
        </briefdescription>
        <detaileddescription>
        </detaileddescription>
        <inbodydescription>
        </inbodydescription>
        <location file="main.cpp" line="5" column="5" bodyfile="main.cpp" bodystart="5" bodyend="11"/>
      </memberdef>
    </sectiondef>
    <briefdescription>
    </briefdescription>
    <detaileddescription>
    </detaileddescription>
    <programlisting>
<codeline lineno="1"><highlight class="preprocessor">#include<sp/>&quot;<ref refid="mainwindow_8h" kindref="compound">mainwindow.h</ref>&quot;</highlight><highlight class="normal"></highlight></codeline>
<codeline lineno="2"><highlight class="normal"></highlight></codeline>
<codeline lineno="3"><highlight class="normal"></highlight><highlight class="preprocessor">#include<sp/>&lt;QApplication&gt;</highlight><highlight class="normal"></highlight></codeline>
<codeline lineno="4"><highlight class="normal"></highlight></codeline>
<codeline lineno="5" refid="main_8cpp_1a0ddf1224851353fc92bfbff6f499fa97" refkind="member"><highlight class="normal"></highlight><highlight class="keywordtype">int</highlight><highlight class="normal"><sp/><ref refid="main_8cpp_1a0ddf1224851353fc92bfbff6f499fa97" kindref="member">main</ref>(</highlight><highlight class="keywordtype">int</highlight><highlight class="normal"><sp/>argc,<sp/></highlight><highlight class="keywordtype">char</highlight><highlight class="normal"><sp/>*argv[])</highlight></codeline>
<codeline lineno="6"><highlight class="normal">{</highlight></codeline>
<codeline lineno="7"><highlight class="normal"><sp/><sp/><sp/><sp/>QApplication<sp/>a(argc,<sp/>argv);</highlight></codeline>
<codeline lineno="8"><highlight class="normal"><sp/><sp/><sp/><sp/><ref refid="class_main_window" kindref="compound">MainWindow</ref><sp/>w;</highlight></codeline>
<codeline lineno="9"><highlight class="normal"><sp/><sp/><sp/><sp/>w.show();</highlight></codeline>
<codeline lineno="10"><highlight class="normal"><sp/><sp/><sp/><sp/></highlight><highlight class="keywordflow">return</highlight><highlight class="normal"><sp/>a.exec();</highlight></codeline>
<codeline lineno="11"><highlight class="normal">}</highlight></codeline>
    </programlisting>
    <location file="main.cpp"/>
  </compounddef>
</doxygen>
