<?xml version='1.0' encoding='UTF-8' standalone='no'?>
<doxygen xmlns:xsi="http://www.w3.org/2001/XMLSchema-instance" xsi:noNamespaceSchemaLocation="compound.xsd" version="1.15.0" xml:lang="en-US">
  <compounddef id="mainwindow_8cpp" kind="file" language="C++">
    <compoundname>mainwindow.cpp</compoundname>
    <includes refid="mainwindow_8h" local="yes">mainwindow.h</includes>
    <includes local="yes">ui_mainwindow.h</includes>
    <includes local="no">QInputDialog</includes>
    <includes local="no">QMessageBox</includes>
    <includes local="no">QListWidgetItem</includes>
    <includes local="no">QClipboard</includes>
    <includes local="no">QTimer</includes>
    <includes local="no">QFileDialog</includes>
    <includes local="no">QStatusBar</includes>
    <includes local="no">QRandomGenerator</includes>
    <incdepgraph>
      <node id="1">
        <label>mainwindow.cpp</label>
        <link refid="mainwindow_8cpp"/>
        <childnode refid="2" relation="include">
        </childnode>
        <childnode refid="12" relation="include">
        </childnode>
        <childnode refid="13" relation="include">
        </childnode>
        <childnode refid="14" relation="include">
        </childnode>
        <childnode refid="15" relation="include">
        </childnode>
        <childnode refid="16" relation="include">
        </childnode>
        <childnode refid="17" relation="include">
        </childnode>
        <childnode refid="18" relation="include">
        </childnode>
        <childnode refid="19" relation="include">
        </childnode>
        <childnode refid="20" relation="include">
        </childnode>
      </node>
      <node id="2">
        <label>mainwindow.h</label>
        <link refid="mainwindow_8h"/>
        <childnode refid="3" relation="include">
        </childnode>
        <childnode refid="4" relation="include">
        </childnode>
        <childnode refid="10" relation="include">
        </childnode>
        <childnode refid="11" relation="include">
        </childnode>
      </node>
      <node id="4">
        <label>vaultbackend.h</label>
        <link refid="vaultbackend_8h"/>
        <childnode refid="5" relation="include">
        </childnode>
        <childnode refid="6" relation="include">
        </childnode>
        <childnode refid="7" relation="include">
        </childnode>
        <childnode refid="8" relation="include">
        </childnode>
        <childnode refid="9" relation="include">
        </childnode>
      </node>
      <node id="16">
        <label>QClipboard</label>
      </node>
      <node id="18">
        <label>QFileDialog</label>
      </node>
      <node id="13">
        <label>QInputDialog</label>
      </node>
      <node id="11">
        <label>QLabel</label>
      </node>
      <node id="10">
        <label>QListWidget</label>
      </node>
      <node id="15">
        <label>QListWidgetItem</label>
      </node>
      <node id="3">
        <label>QMainWindow</label>
      </node>
      <node id="8">
        <label>QMap</label>
      </node>
      <node id="14">
        <label>QMessageBox</label>
      </node>
      <node id="5">
        <label>QObject</label>
      </node>
      <node id="20">
        <label>QRandomGenerator</label>
      </node>
      <node id="9">
        <label>QStandardPaths</label>
      </node>
      <node id="19">
        <label>QStatusBar</label>
      </node>
      <node id="17">
        <label>QTimer</label>
      </node>
      <node id="6">
        <label>QVariantList</label>
      </node>
      <node id="7">
        <label>QVariantMap</label>
      </node>
      <node id="12">
        <label>ui_mainwindow.h</label>
      </node>
    </incdepgraph>
    <briefdescription>
    </briefdescription>
    <detaileddescription>
    </detaileddescription>
    <programlisting>
<codeline lineno="1"><highlight class="preprocessor">#include<sp/>&quot;<ref refid="mainwindow_8h" kindref="compound">mainwindow.h</ref>&quot;</highlight><highlight class="normal"></highlight></codeline>
<codeline lineno="2"><highlight class="normal"></highlight><highlight class="preprocessor">#include<sp/>&quot;ui_mainwindow.h&quot;</highlight><highlight class="normal"></highlight></codeline>
<codeline lineno="3"><highlight class="normal"></highlight><highlight class="preprocessor">#include<sp/>&lt;QInputDialog&gt;</highlight><highlight class="normal"></highlight></codeline>
<codeline lineno="4"><highlight class="normal"></highlight><highlight class="preprocessor">#include<sp/>&lt;QMessageBox&gt;</highlight><highlight class="normal"></highlight></codeline>
<codeline lineno="5"><highlight class="normal"></highlight><highlight class="preprocessor">#include<sp/>&lt;QListWidgetItem&gt;</highlight><highlight class="normal"></highlight></codeline>
<codeline lineno="6"><highlight class="normal"></highlight><highlight class="preprocessor">#include<sp/>&lt;QClipboard&gt;</highlight><highlight class="normal"></highlight></codeline>
<codeline lineno="7"><highlight class="normal"></highlight><highlight class="preprocessor">#include<sp/>&lt;QTimer&gt;</highlight><highlight class="normal"></highlight></codeline>
<codeline lineno="8"><highlight class="normal"></highlight><highlight class="preprocessor">#include<sp/>&lt;QFileDialog&gt;</highlight><highlight class="normal"></highlight></codeline>
<codeline lineno="9"><highlight class="normal"></highlight><highlight class="preprocessor">#include<sp/>&lt;QStatusBar&gt;</highlight><highlight class="normal"></highlight></codeline>
<codeline lineno="10"><highlight class="normal"></highlight><highlight class="preprocessor">#include<sp/>&lt;QRandomGenerator&gt;</highlight><highlight class="normal"></highlight></codeline>
<codeline lineno="11"><highlight class="normal"></highlight></codeline>
<codeline lineno="12" refid="class_main_window_1a996c5a2b6f77944776856f08ec30858d" refkind="member"><highlight class="normal"><ref refid="class_main_window_1a996c5a2b6f77944776856f08ec30858d" kindref="member">MainWindow::MainWindow</ref>(QWidget<sp/>*parent)</highlight></codeline>
<codeline lineno="13"><highlight class="normal"><sp/><sp/><sp/><sp/>:<sp/>QMainWindow(parent)</highlight></codeline>
<codeline lineno="14"><highlight class="normal"><sp/><sp/><sp/><sp/>,<sp/><ref refid="class_main_window_1a35466a70ed47252a0191168126a352a5" kindref="member">ui</ref>(new<sp/><ref refid="namespace_ui" kindref="compound">Ui</ref>::<ref refid="class_main_window_1a996c5a2b6f77944776856f08ec30858d" kindref="member">MainWindow</ref>)</highlight></codeline>
<codeline lineno="15"><highlight class="normal">{</highlight></codeline>
<codeline lineno="16"><highlight class="normal"><sp/><sp/><sp/><sp/><ref refid="class_main_window_1a35466a70ed47252a0191168126a352a5" kindref="member">ui</ref>-&gt;setupUi(</highlight><highlight class="keyword">this</highlight><highlight class="normal">);</highlight></codeline>
<codeline lineno="17"><highlight class="normal"><sp/><sp/><sp/><sp/><ref refid="class_main_window_1ab33e4b5da36ef26bb063b3b4803ee98f" kindref="member">vaultManager</ref><sp/>=<sp/></highlight><highlight class="keyword">new</highlight><highlight class="normal"><sp/><ref refid="class_vault_backend" kindref="compound">VaultBackend</ref>(</highlight><highlight class="keyword">this</highlight><highlight class="normal">);</highlight></codeline>
<codeline lineno="18"><highlight class="normal"></highlight></codeline>
<codeline lineno="19"><highlight class="normal"><sp/><sp/><sp/><sp/>setWindowTitle(</highlight><highlight class="stringliteral">&quot;Secure<sp/>VaultPass<sp/>(SVP)&quot;</highlight><highlight class="normal">);</highlight></codeline>
<codeline lineno="20"><highlight class="normal"></highlight></codeline>
<codeline lineno="21"><highlight class="normal"><sp/><sp/><sp/><sp/></highlight><highlight class="keywordflow">if</highlight><highlight class="normal"><sp/>(<ref refid="class_main_window_1ab33e4b5da36ef26bb063b3b4803ee98f" kindref="member">vaultManager</ref>-&gt;isSystemBoundDatabase()<sp/>&amp;&amp;<sp/>!<ref refid="class_main_window_1ab33e4b5da36ef26bb063b3b4803ee98f" kindref="member">vaultManager</ref>-&gt;checkSystemBound())<sp/>{</highlight></codeline>
<codeline lineno="22"><highlight class="normal"><sp/><sp/><sp/><sp/><sp/><sp/><sp/><sp/>QMessageBox::critical(</highlight><highlight class="keyword">this</highlight><highlight class="normal">,<sp/></highlight><highlight class="stringliteral">&quot;Помилка<sp/>безпеки&quot;</highlight><highlight class="normal">,<sp/></highlight><highlight class="stringliteral">&quot;База<sp/>даних<sp/>прив&apos;язана<sp/>до<sp/>іншої<sp/>системи,<sp/>або<sp/>порушена<sp/>її<sp/>цілісність.<sp/>Доступ<sp/>заборонено!&quot;</highlight><highlight class="normal">);</highlight></codeline>
<codeline lineno="23"><highlight class="normal"><sp/><sp/><sp/><sp/><sp/><sp/><sp/><sp/>this-&gt;close();</highlight></codeline>
<codeline lineno="24"><highlight class="normal"><sp/><sp/><sp/><sp/><sp/><sp/><sp/><sp/></highlight><highlight class="keywordflow">return</highlight><highlight class="normal">;</highlight></codeline>
<codeline lineno="25"><highlight class="normal"><sp/><sp/><sp/><sp/>}</highlight></codeline>
<codeline lineno="26"><highlight class="normal"></highlight></codeline>
<codeline lineno="27"><highlight class="normal"><sp/><sp/><sp/><sp/><ref refid="class_main_window_1a2da49242a5efb9ed05e41b82ae19b6fa" kindref="member">promptForMasterKey</ref>(</highlight><highlight class="keyword">true</highlight><highlight class="normal">);</highlight></codeline>
<codeline lineno="28"><highlight class="normal"></highlight></codeline>
<codeline lineno="29"><highlight class="normal"><sp/><sp/><sp/><sp/><ref refid="class_main_window_1a35466a70ed47252a0191168126a352a5" kindref="member">ui</ref>-&gt;siteInput-&gt;setPlaceholderText(</highlight><highlight class="stringliteral">&quot;Website<sp/>/<sp/>Service&quot;</highlight><highlight class="normal">);</highlight></codeline>
<codeline lineno="30"><highlight class="normal"></highlight></codeline>
<codeline lineno="31"><highlight class="normal"><sp/><sp/><sp/><sp/><ref refid="class_main_window_1a35466a70ed47252a0191168126a352a5" kindref="member">ui</ref>-&gt;loginInput-&gt;setPlaceholderText(</highlight><highlight class="stringliteral">&quot;Username<sp/>/<sp/>Nickname&quot;</highlight><highlight class="normal">);</highlight></codeline>
<codeline lineno="32"><highlight class="normal"><sp/><sp/><sp/><sp/><ref refid="class_main_window_1a35466a70ed47252a0191168126a352a5" kindref="member">ui</ref>-&gt;passwordOutput-&gt;setPlaceholderText(</highlight><highlight class="stringliteral">&quot;Password<sp/>/<sp/>Key&quot;</highlight><highlight class="normal">);</highlight></codeline>
<codeline lineno="33"><highlight class="normal"><sp/><sp/><sp/><sp/><ref refid="class_main_window_1a35466a70ed47252a0191168126a352a5" kindref="member">ui</ref>-&gt;searchInput-&gt;setPlaceholderText(</highlight><highlight class="stringliteral">&quot;Search<sp/>Records...&quot;</highlight><highlight class="normal">);</highlight></codeline>
<codeline lineno="34"><highlight class="normal"></highlight></codeline>
<codeline lineno="35"><highlight class="normal"><sp/><sp/><sp/><sp/>connect(<ref refid="class_main_window_1a35466a70ed47252a0191168126a352a5" kindref="member">ui</ref>-&gt;vaultList,<sp/>&amp;QListWidget::itemDoubleClicked,<sp/></highlight><highlight class="keyword">this</highlight><highlight class="normal">,<sp/>&amp;<ref refid="class_main_window_1a9698794daa03f8301231e68af4fa7f87" kindref="member">MainWindow::on_viewDetailsButton_clicked</ref>);</highlight></codeline>
<codeline lineno="36"><highlight class="normal"><sp/><sp/><sp/><sp/>connect(<ref refid="class_main_window_1a35466a70ed47252a0191168126a352a5" kindref="member">ui</ref>-&gt;searchInput,<sp/>&amp;QLineEdit::textChanged,<sp/></highlight><highlight class="keyword">this</highlight><highlight class="normal">,<sp/>&amp;<ref refid="class_main_window_1ab614c1dedc695f5096cc0ccf750490ab" kindref="member">MainWindow::filterVaultList</ref>);</highlight></codeline>
<codeline lineno="37"><highlight class="normal"><sp/><sp/><sp/><sp/>connect(<ref refid="class_main_window_1a35466a70ed47252a0191168126a352a5" kindref="member">ui</ref>-&gt;deleteButton,<sp/>&amp;QPushButton::clicked,<sp/></highlight><highlight class="keyword">this</highlight><highlight class="normal">,<sp/>&amp;<ref refid="class_main_window_1ac70a65e0bdf1b517e947b0bd0161987e" kindref="member">MainWindow::on_deleteButton_clicked</ref>);</highlight></codeline>
<codeline lineno="38"><highlight class="normal"><sp/><sp/><sp/><sp/><ref refid="class_main_window_1ab9c6492b81f3117ca8fed55c7b97da44" kindref="member">m_statusLabel</ref><sp/>=<sp/></highlight><highlight class="keyword">new</highlight><highlight class="normal"><sp/>QLabel(</highlight><highlight class="keyword">this</highlight><highlight class="normal">);</highlight></codeline>
<codeline lineno="39"><highlight class="normal"><sp/><sp/><sp/><sp/>statusBar()-&gt;addWidget(<ref refid="class_main_window_1ab9c6492b81f3117ca8fed55c7b97da44" kindref="member">m_statusLabel</ref>);</highlight></codeline>
<codeline lineno="40"><highlight class="normal"><sp/><sp/><sp/><sp/><ref refid="class_main_window_1ab9c6492b81f3117ca8fed55c7b97da44" kindref="member">m_statusLabel</ref>-&gt;setText(</highlight><highlight class="stringliteral">&quot;Готовий.<sp/>Налаштуйте<sp/>генерацію.&quot;</highlight><highlight class="normal">);</highlight></codeline>
<codeline lineno="41"><highlight class="normal">}</highlight></codeline>
<codeline lineno="42"><highlight class="normal"></highlight></codeline>
<codeline lineno="43" refid="class_main_window_1ae98d00a93bc118200eeef9f9bba1dba7" refkind="member"><highlight class="normal"><ref refid="class_main_window_1ae98d00a93bc118200eeef9f9bba1dba7" kindref="member">MainWindow::~MainWindow</ref>()</highlight></codeline>
<codeline lineno="44"><highlight class="normal">{</highlight></codeline>
<codeline lineno="45"><highlight class="normal"><sp/><sp/><sp/><sp/></highlight><highlight class="keyword">delete</highlight><highlight class="normal"><sp/><ref refid="class_main_window_1a35466a70ed47252a0191168126a352a5" kindref="member">ui</ref>;</highlight></codeline>
<codeline lineno="46"><highlight class="normal"><sp/><sp/><sp/><sp/></highlight><highlight class="keyword">delete</highlight><highlight class="normal"><sp/><ref refid="class_main_window_1ab33e4b5da36ef26bb063b3b4803ee98f" kindref="member">vaultManager</ref>;</highlight></codeline>
<codeline lineno="47"><highlight class="normal">}</highlight></codeline>
<codeline lineno="48"><highlight class="normal"></highlight></codeline>
<codeline lineno="49" refid="class_main_window_1a2da49242a5efb9ed05e41b82ae19b6fa" refkind="member"><highlight class="normal"></highlight><highlight class="keywordtype">void</highlight><highlight class="normal"><sp/><ref refid="class_main_window_1a2da49242a5efb9ed05e41b82ae19b6fa" kindref="member">MainWindow::promptForMasterKey</ref>(</highlight><highlight class="keywordtype">bool</highlight><highlight class="normal"><sp/>initialSetup)<sp/>{</highlight></codeline>
<codeline lineno="50"><highlight class="normal"><sp/><sp/><sp/><sp/></highlight><highlight class="keywordflow">if</highlight><highlight class="normal"><sp/>(<ref refid="class_main_window_1a6479c76503b3e3f57a592d48c244214e" kindref="member">masterKey</ref>.isEmpty()<sp/>&amp;&amp;<sp/>initialSetup<sp/>||<sp/>!initialSetup)<sp/>{</highlight></codeline>
<codeline lineno="51"><highlight class="normal"><sp/><sp/><sp/><sp/><sp/><sp/><sp/><sp/>QString<sp/>title<sp/>=<sp/>initialSetup<sp/>?<sp/></highlight><highlight class="stringliteral">&quot;Налаштування<sp/>/<sp/>Розблокування&quot;</highlight><highlight class="normal"><sp/>:<sp/></highlight><highlight class="stringliteral">&quot;Розблокування<sp/>Сховища&quot;</highlight><highlight class="normal">;</highlight></codeline>
<codeline lineno="52"><highlight class="normal"><sp/><sp/><sp/><sp/><sp/><sp/><sp/><sp/></highlight><highlight class="keywordtype">bool</highlight><highlight class="normal"><sp/>ok;</highlight></codeline>
<codeline lineno="53"><highlight class="normal"><sp/><sp/><sp/><sp/><sp/><sp/><sp/><sp/>QString<sp/>text<sp/>=<sp/>QInputDialog::getText(</highlight><highlight class="keyword">this</highlight><highlight class="normal">,<sp/>title,</highlight></codeline>
<codeline lineno="54"><highlight class="normal"><sp/><sp/><sp/><sp/><sp/><sp/><sp/><sp/><sp/><sp/><sp/><sp/><sp/><sp/><sp/><sp/><sp/><sp/><sp/><sp/><sp/><sp/><sp/><sp/><sp/><sp/><sp/><sp/><sp/><sp/><sp/><sp/><sp/><sp/><sp/><sp/><sp/><sp/><sp/><sp/><sp/><sp/><sp/><sp/><sp/></highlight><highlight class="stringliteral">&quot;Введіть<sp/>або<sp/>створіть<sp/>Майстер-код:&quot;</highlight><highlight class="normal">,</highlight></codeline>
<codeline lineno="55"><highlight class="normal"><sp/><sp/><sp/><sp/><sp/><sp/><sp/><sp/><sp/><sp/><sp/><sp/><sp/><sp/><sp/><sp/><sp/><sp/><sp/><sp/><sp/><sp/><sp/><sp/><sp/><sp/><sp/><sp/><sp/><sp/><sp/><sp/><sp/><sp/><sp/><sp/><sp/><sp/><sp/><sp/><sp/><sp/><sp/><sp/><sp/>QLineEdit::Password,<sp/></highlight><highlight class="stringliteral">&quot;&quot;</highlight><highlight class="normal">,<sp/>&amp;ok);</highlight></codeline>
<codeline lineno="56"><highlight class="normal"></highlight></codeline>
<codeline lineno="57"><highlight class="normal"><sp/><sp/><sp/><sp/><sp/><sp/><sp/><sp/></highlight><highlight class="keywordflow">if</highlight><highlight class="normal"><sp/>(ok<sp/>&amp;&amp;<sp/>!text.isEmpty())<sp/>{</highlight></codeline>
<codeline lineno="58"><highlight class="normal"><sp/><sp/><sp/><sp/><sp/><sp/><sp/><sp/><sp/><sp/><sp/><sp/></highlight><highlight class="keywordflow">if</highlight><highlight class="normal"><sp/>(<ref refid="class_main_window_1ab33e4b5da36ef26bb063b3b4803ee98f" kindref="member">vaultManager</ref>-&gt;loadDatabase(text))<sp/>{</highlight></codeline>
<codeline lineno="59"><highlight class="normal"><sp/><sp/><sp/><sp/><sp/><sp/><sp/><sp/><sp/><sp/><sp/><sp/><sp/><sp/><sp/><sp/><ref refid="class_main_window_1a6479c76503b3e3f57a592d48c244214e" kindref="member">masterKey</ref><sp/>=<sp/>text;</highlight></codeline>
<codeline lineno="60"><highlight class="normal"><sp/><sp/><sp/><sp/><sp/><sp/><sp/><sp/><sp/><sp/><sp/><sp/><sp/><sp/><sp/><sp/></highlight><highlight class="keywordflow">if</highlight><highlight class="normal">(initialSetup)<sp/>{</highlight></codeline>
<codeline lineno="61"><highlight class="normal"><sp/><sp/><sp/><sp/><sp/><sp/><sp/><sp/><sp/><sp/><sp/><sp/><sp/><sp/><sp/><sp/><sp/><sp/><sp/><sp/>QMessageBox::information(</highlight><highlight class="keyword">this</highlight><highlight class="normal">,<sp/></highlight><highlight class="stringliteral">&quot;Успіх&quot;</highlight><highlight class="normal">,<sp/></highlight><highlight class="stringliteral">&quot;Сховище<sp/>розблоковано.<sp/>База<sp/>прив&apos;язана<sp/>до<sp/>цієї<sp/>системи.&quot;</highlight><highlight class="normal">);</highlight></codeline>
<codeline lineno="62"><highlight class="normal"><sp/><sp/><sp/><sp/><sp/><sp/><sp/><sp/><sp/><sp/><sp/><sp/><sp/><sp/><sp/><sp/>}</highlight></codeline>
<codeline lineno="63"><highlight class="normal"><sp/><sp/><sp/><sp/><sp/><sp/><sp/><sp/><sp/><sp/><sp/><sp/><sp/><sp/><sp/><sp/><ref refid="class_main_window_1a7ecbc717f7f59b53ea5b8c56d3e7558c" kindref="member">updateVaultList</ref>();</highlight></codeline>
<codeline lineno="64"><highlight class="normal"><sp/><sp/><sp/><sp/><sp/><sp/><sp/><sp/><sp/><sp/><sp/><sp/>}<sp/></highlight><highlight class="keywordflow">else</highlight><highlight class="normal"><sp/>{</highlight></codeline>
<codeline lineno="65"><highlight class="normal"><sp/><sp/><sp/><sp/><sp/><sp/><sp/><sp/><sp/><sp/><sp/><sp/><sp/><sp/><sp/><sp/>QMessageBox::critical(</highlight><highlight class="keyword">this</highlight><highlight class="normal">,<sp/></highlight><highlight class="stringliteral">&quot;Помилка&quot;</highlight><highlight class="normal">,<sp/></highlight><highlight class="stringliteral">&quot;Невірний<sp/>код,<sp/>порушення<sp/>цілісності<sp/>або<sp/>прив&apos;язка<sp/>до<sp/>іншої<sp/>системи.&quot;</highlight><highlight class="normal">);</highlight></codeline>
<codeline lineno="66"><highlight class="normal"><sp/><sp/><sp/><sp/><sp/><sp/><sp/><sp/><sp/><sp/><sp/><sp/><sp/><sp/><sp/><sp/><ref refid="class_main_window_1a6479c76503b3e3f57a592d48c244214e" kindref="member">masterKey</ref>.clear();</highlight></codeline>
<codeline lineno="67"><highlight class="normal"><sp/><sp/><sp/><sp/><sp/><sp/><sp/><sp/><sp/><sp/><sp/><sp/>}</highlight></codeline>
<codeline lineno="68"><highlight class="normal"><sp/><sp/><sp/><sp/><sp/><sp/><sp/><sp/>}</highlight></codeline>
<codeline lineno="69"><highlight class="normal"><sp/><sp/><sp/><sp/>}</highlight></codeline>
<codeline lineno="70"><highlight class="normal">}</highlight></codeline>
<codeline lineno="71"><highlight class="normal"></highlight></codeline>
<codeline lineno="72"><highlight class="normal"></highlight></codeline>
<codeline lineno="73" refid="class_main_window_1a7ecbc717f7f59b53ea5b8c56d3e7558c" refkind="member"><highlight class="normal"></highlight><highlight class="keywordtype">void</highlight><highlight class="normal"><sp/><ref refid="class_main_window_1a7ecbc717f7f59b53ea5b8c56d3e7558c" kindref="member">MainWindow::updateVaultList</ref>()<sp/>{</highlight></codeline>
<codeline lineno="74"><highlight class="normal"><sp/><sp/><sp/><sp/><ref refid="class_main_window_1a35466a70ed47252a0191168126a352a5" kindref="member">ui</ref>-&gt;vaultList-&gt;clear();</highlight></codeline>
<codeline lineno="75"><highlight class="normal"><sp/><sp/><sp/><sp/>QVariantList<sp/>entries<sp/>=<sp/><ref refid="class_main_window_1ab33e4b5da36ef26bb063b3b4803ee98f" kindref="member">vaultManager</ref>-&gt;vaultEntries();</highlight></codeline>
<codeline lineno="76"><highlight class="normal"><sp/><sp/><sp/><sp/></highlight><highlight class="keywordflow">for</highlight><highlight class="normal"><sp/>(</highlight><highlight class="keyword">const</highlight><highlight class="normal"><sp/>QVariant<sp/>&amp;entry<sp/>:<sp/>entries)<sp/>{</highlight></codeline>
<codeline lineno="77"><highlight class="normal"><sp/><sp/><sp/><sp/><sp/><sp/><sp/><sp/><ref refid="class_main_window_1a35466a70ed47252a0191168126a352a5" kindref="member">ui</ref>-&gt;vaultList-&gt;addItem(entry.toMap()[</highlight><highlight class="stringliteral">&quot;site&quot;</highlight><highlight class="normal">].toString());</highlight></codeline>
<codeline lineno="78"><highlight class="normal"><sp/><sp/><sp/><sp/>}</highlight></codeline>
<codeline lineno="79"><highlight class="normal">}</highlight></codeline>
<codeline lineno="80"><highlight class="normal"></highlight></codeline>
<codeline lineno="81" refid="class_main_window_1ab614c1dedc695f5096cc0ccf750490ab" refkind="member"><highlight class="normal"></highlight><highlight class="keywordtype">void</highlight><highlight class="normal"><sp/><ref refid="class_main_window_1ab614c1dedc695f5096cc0ccf750490ab" kindref="member">MainWindow::filterVaultList</ref>(</highlight><highlight class="keyword">const</highlight><highlight class="normal"><sp/>QString<sp/>&amp;searchText)<sp/>{</highlight></codeline>
<codeline lineno="82"><highlight class="normal"><sp/><sp/><sp/><sp/></highlight><highlight class="keywordflow">for</highlight><highlight class="normal"><sp/>(</highlight><highlight class="keywordtype">int</highlight><highlight class="normal"><sp/>i<sp/>=<sp/>0;<sp/>i<sp/>&lt;<sp/><ref refid="class_main_window_1a35466a70ed47252a0191168126a352a5" kindref="member">ui</ref>-&gt;vaultList-&gt;count();<sp/>++i)<sp/>{</highlight></codeline>
<codeline lineno="83"><highlight class="normal"><sp/><sp/><sp/><sp/><sp/><sp/><sp/><sp/>QListWidgetItem<sp/>*item<sp/>=<sp/><ref refid="class_main_window_1a35466a70ed47252a0191168126a352a5" kindref="member">ui</ref>-&gt;vaultList-&gt;item(i);</highlight></codeline>
<codeline lineno="84"><highlight class="normal"><sp/><sp/><sp/><sp/><sp/><sp/><sp/><sp/></highlight><highlight class="keywordtype">bool</highlight><highlight class="normal"><sp/>match<sp/>=<sp/>item-&gt;text().contains(searchText,<sp/>Qt::CaseInsensitive);</highlight></codeline>
<codeline lineno="85"><highlight class="normal"><sp/><sp/><sp/><sp/><sp/><sp/><sp/><sp/>item-&gt;setHidden(!match);</highlight></codeline>
<codeline lineno="86"><highlight class="normal"><sp/><sp/><sp/><sp/>}</highlight></codeline>
<codeline lineno="87"><highlight class="normal">}</highlight></codeline>
<codeline lineno="88"><highlight class="normal"></highlight></codeline>
<codeline lineno="89" refid="class_main_window_1a3f66e05fdfb23da1881bcd366ea709e3" refkind="member"><highlight class="normal"></highlight><highlight class="keywordtype">void</highlight><highlight class="normal"><sp/><ref refid="class_main_window_1a3f66e05fdfb23da1881bcd366ea709e3" kindref="member">MainWindow::clearClipboard</ref>()<sp/>{</highlight></codeline>
<codeline lineno="90"><highlight class="normal"><sp/><sp/><sp/><sp/>QApplication::clipboard()-&gt;clear();</highlight></codeline>
<codeline lineno="91"><highlight class="normal"><sp/><sp/><sp/><sp/><ref refid="class_main_window_1ab9c6492b81f3117ca8fed55c7b97da44" kindref="member">m_statusLabel</ref>-&gt;setText(</highlight><highlight class="stringliteral">&quot;Буфер<sp/>обміну<sp/>очищено<sp/>заради<sp/>безпеки.&quot;</highlight><highlight class="normal">);</highlight></codeline>
<codeline lineno="92"><highlight class="normal">}</highlight></codeline>
<codeline lineno="93"><highlight class="normal"></highlight></codeline>
<codeline lineno="94" refid="class_main_window_1a6f07e911e9368f6643afa0aed2272353" refkind="member"><highlight class="normal"></highlight><highlight class="keywordtype">void</highlight><highlight class="normal"><sp/><ref refid="class_main_window_1a6f07e911e9368f6643afa0aed2272353" kindref="member">MainWindow::on_generateButton_clicked</ref>()<sp/>{</highlight></codeline>
<codeline lineno="95"><highlight class="normal"><sp/><sp/><sp/><sp/>QString<sp/>pwd<sp/>=<sp/><ref refid="class_main_window_1ab33e4b5da36ef26bb063b3b4803ee98f" kindref="member">vaultManager</ref>-&gt;generateSecureString(</highlight></codeline>
<codeline lineno="96"><highlight class="normal"><sp/><sp/><sp/><sp/><sp/><sp/><sp/><sp/><ref refid="class_main_window_1a35466a70ed47252a0191168126a352a5" kindref="member">ui</ref>-&gt;lengthSpin-&gt;value(),<sp/><ref refid="class_main_window_1a35466a70ed47252a0191168126a352a5" kindref="member">ui</ref>-&gt;cbUpper-&gt;isChecked(),<sp/><ref refid="class_main_window_1a35466a70ed47252a0191168126a352a5" kindref="member">ui</ref>-&gt;cbLower-&gt;isChecked(),</highlight></codeline>
<codeline lineno="97"><highlight class="normal"><sp/><sp/><sp/><sp/><sp/><sp/><sp/><sp/><ref refid="class_main_window_1a35466a70ed47252a0191168126a352a5" kindref="member">ui</ref>-&gt;cbDigits-&gt;isChecked(),<sp/><ref refid="class_main_window_1a35466a70ed47252a0191168126a352a5" kindref="member">ui</ref>-&gt;cbSymbols-&gt;isChecked()</highlight></codeline>
<codeline lineno="98"><highlight class="normal"><sp/><sp/><sp/><sp/><sp/><sp/><sp/><sp/>);</highlight></codeline>
<codeline lineno="99"><highlight class="normal"><sp/><sp/><sp/><sp/><ref refid="class_main_window_1a35466a70ed47252a0191168126a352a5" kindref="member">ui</ref>-&gt;passwordOutput-&gt;setText(pwd);</highlight></codeline>
<codeline lineno="100"><highlight class="normal"></highlight></codeline>
<codeline lineno="101"><highlight class="normal"><sp/><sp/><sp/><sp/></highlight><highlight class="keywordtype">int</highlight><highlight class="normal"><sp/>strength<sp/>=<sp/><ref refid="class_main_window_1ab33e4b5da36ef26bb063b3b4803ee98f" kindref="member">vaultManager</ref>-&gt;calculatePasswordStrength(pwd);</highlight></codeline>
<codeline lineno="102"><highlight class="normal"><sp/><sp/><sp/><sp/>QString<sp/>statusColor<sp/>=<sp/>(strength<sp/>&gt;<sp/>75)<sp/>?<sp/></highlight><highlight class="stringliteral">&quot;green&quot;</highlight><highlight class="normal"><sp/>:<sp/>(strength<sp/>&gt;<sp/>40)<sp/>?<sp/></highlight><highlight class="stringliteral">&quot;orange&quot;</highlight><highlight class="normal"><sp/>:<sp/></highlight><highlight class="stringliteral">&quot;red&quot;</highlight><highlight class="normal">;</highlight></codeline>
<codeline lineno="103"><highlight class="normal"><sp/><sp/><sp/><sp/>QString<sp/>statusIcon<sp/>=<sp/>(statusColor<sp/>==<sp/></highlight><highlight class="stringliteral">&quot;green&quot;</highlight><highlight class="normal">)<sp/>?<sp/></highlight><highlight class="stringliteral">&quot;✅&quot;</highlight><highlight class="normal"><sp/>:<sp/>(statusColor<sp/>==<sp/></highlight><highlight class="stringliteral">&quot;orange&quot;</highlight><highlight class="normal">)<sp/>?<sp/></highlight><highlight class="stringliteral">&quot;⚠️&quot;</highlight><highlight class="normal"><sp/>:<sp/></highlight><highlight class="stringliteral">&quot;❌&quot;</highlight><highlight class="normal">;</highlight></codeline>
<codeline lineno="104"><highlight class="normal"></highlight></codeline>
<codeline lineno="105"><highlight class="normal"><sp/><sp/><sp/><sp/>QString<sp/>htmlMessage<sp/>=<sp/>QString(</highlight></codeline>
<codeline lineno="106"><highlight class="normal"><sp/><sp/><sp/><sp/><sp/><sp/><sp/><sp/><sp/><sp/><sp/><sp/><sp/><sp/><sp/><sp/><sp/><sp/><sp/><sp/><sp/><sp/><sp/><sp/><sp/><sp/><sp/><sp/><sp/><sp/></highlight><highlight class="stringliteral">&quot;&lt;span<sp/>style=&apos;color:<sp/>%1;<sp/>font-weight:<sp/>bold;&apos;&gt;%2<sp/>Стійкість<sp/>Паролю:<sp/>&lt;/span&gt;&quot;</highlight><highlight class="normal"></highlight></codeline>
<codeline lineno="107"><highlight class="normal"><sp/><sp/><sp/><sp/><sp/><sp/><sp/><sp/><sp/><sp/><sp/><sp/><sp/><sp/><sp/><sp/><sp/><sp/><sp/><sp/><sp/><sp/><sp/><sp/><sp/><sp/><sp/><sp/><sp/><sp/></highlight><highlight class="stringliteral">&quot;&lt;span<sp/>style=&apos;color:<sp/>#DDDDDD;&apos;&gt;%3/100&lt;/span&gt;&quot;</highlight><highlight class="normal">)</highlight></codeline>
<codeline lineno="108"><highlight class="normal"><sp/><sp/><sp/><sp/><sp/><sp/><sp/><sp/><sp/><sp/><sp/><sp/><sp/><sp/><sp/><sp/><sp/><sp/><sp/><sp/><sp/><sp/><sp/><sp/><sp/><sp/><sp/><sp/><sp/><sp/>.arg(statusColor)</highlight></codeline>
<codeline lineno="109"><highlight class="normal"><sp/><sp/><sp/><sp/><sp/><sp/><sp/><sp/><sp/><sp/><sp/><sp/><sp/><sp/><sp/><sp/><sp/><sp/><sp/><sp/><sp/><sp/><sp/><sp/><sp/><sp/><sp/><sp/><sp/><sp/>.arg(statusIcon)</highlight></codeline>
<codeline lineno="110"><highlight class="normal"><sp/><sp/><sp/><sp/><sp/><sp/><sp/><sp/><sp/><sp/><sp/><sp/><sp/><sp/><sp/><sp/><sp/><sp/><sp/><sp/><sp/><sp/><sp/><sp/><sp/><sp/><sp/><sp/><sp/><sp/>.arg(strength);</highlight></codeline>
<codeline lineno="111"><highlight class="normal"></highlight></codeline>
<codeline lineno="112"><highlight class="normal"><sp/><sp/><sp/><sp/><ref refid="class_main_window_1ab9c6492b81f3117ca8fed55c7b97da44" kindref="member">m_statusLabel</ref>-&gt;setText(htmlMessage);</highlight></codeline>
<codeline lineno="113"><highlight class="normal">}</highlight></codeline>
<codeline lineno="114"><highlight class="normal"></highlight></codeline>
<codeline lineno="115" refid="class_main_window_1a85ea79556ca7515950d5c7931ce9e6c8" refkind="member"><highlight class="normal"></highlight><highlight class="keywordtype">void</highlight><highlight class="normal"><sp/><ref refid="class_main_window_1a85ea79556ca7515950d5c7931ce9e6c8" kindref="member">MainWindow::on_generateNickButton_clicked</ref>()<sp/>{</highlight></codeline>
<codeline lineno="116"><highlight class="normal"><sp/><sp/><sp/><sp/></highlight><highlight class="keywordtype">bool</highlight><highlight class="normal"><sp/>useMushup<sp/>=<sp/><ref refid="class_main_window_1a35466a70ed47252a0191168126a352a5" kindref="member">ui</ref>-&gt;cb_useMushup-&gt;isChecked();</highlight></codeline>
<codeline lineno="117"><highlight class="normal"><sp/><sp/><sp/><sp/></highlight><highlight class="keywordtype">bool</highlight><highlight class="normal"><sp/>useInjection<sp/>=<sp/><ref refid="class_main_window_1a35466a70ed47252a0191168126a352a5" kindref="member">ui</ref>-&gt;cb_useInjection-&gt;isChecked();</highlight></codeline>
<codeline lineno="118"><highlight class="normal"></highlight></codeline>
<codeline lineno="119"><highlight class="normal"><sp/><sp/><sp/><sp/></highlight><highlight class="keywordflow">if</highlight><highlight class="normal"><sp/>(!useMushup<sp/>&amp;&amp;<sp/>!useInjection)<sp/>{</highlight></codeline>
<codeline lineno="120"><highlight class="normal"><sp/><sp/><sp/><sp/><sp/><sp/><sp/><sp/><ref refid="class_main_window_1ab9c6492b81f3117ca8fed55c7b97da44" kindref="member">m_statusLabel</ref>-&gt;setText(</highlight><highlight class="stringliteral">&quot;Будь<sp/>ласка,<sp/>оберіть<sp/>хоча<sp/>б<sp/>одну<sp/>стратегію<sp/>(Mushup<sp/>або<sp/>Injection).&quot;</highlight><highlight class="normal">);</highlight></codeline>
<codeline lineno="121"><highlight class="normal"><sp/><sp/><sp/><sp/><sp/><sp/><sp/><sp/></highlight><highlight class="keywordflow">return</highlight><highlight class="normal">;</highlight></codeline>
<codeline lineno="122"><highlight class="normal"><sp/><sp/><sp/><sp/>}</highlight></codeline>
<codeline lineno="123"><highlight class="normal"></highlight></codeline>
<codeline lineno="124"><highlight class="normal"><sp/><sp/><sp/><sp/>QString<sp/>nick<sp/>=<sp/><ref refid="class_main_window_1ab33e4b5da36ef26bb063b3b4803ee98f" kindref="member">vaultManager</ref>-&gt;generateNickname(30,<sp/>useMushup,<sp/>useInjection);</highlight></codeline>
<codeline lineno="125"><highlight class="normal"></highlight></codeline>
<codeline lineno="126"><highlight class="normal"><sp/><sp/><sp/><sp/><ref refid="class_main_window_1a35466a70ed47252a0191168126a352a5" kindref="member">ui</ref>-&gt;loginInput-&gt;setText(nick);</highlight></codeline>
<codeline lineno="127"><highlight class="normal"></highlight></codeline>
<codeline lineno="128"><highlight class="normal"><sp/><sp/><sp/><sp/>QString<sp/>statusMsg<sp/>=<sp/></highlight><highlight class="stringliteral">&quot;Нік<sp/>згенеровано.<sp/>Cтратегії:<sp/>&quot;</highlight><highlight class="normal">;</highlight></codeline>
<codeline lineno="129"><highlight class="normal"><sp/><sp/><sp/><sp/></highlight><highlight class="keywordflow">if</highlight><highlight class="normal"><sp/>(useMushup)<sp/>statusMsg<sp/>+=<sp/></highlight><highlight class="stringliteral">&quot;Mushup<sp/>(Комбінація<sp/>слів)&quot;</highlight><highlight class="normal">;</highlight></codeline>
<codeline lineno="130"><highlight class="normal"><sp/><sp/><sp/><sp/></highlight><highlight class="keywordflow">if</highlight><highlight class="normal"><sp/>(useMushup<sp/>&amp;&amp;<sp/>useInjection)<sp/>statusMsg<sp/>+=<sp/></highlight><highlight class="stringliteral">&quot;<sp/>та<sp/>&quot;</highlight><highlight class="normal">;</highlight></codeline>
<codeline lineno="131"><highlight class="normal"><sp/><sp/><sp/><sp/></highlight><highlight class="keywordflow">if</highlight><highlight class="normal"><sp/>(useInjection)<sp/>statusMsg<sp/>+=<sp/></highlight><highlight class="stringliteral">&quot;Injection<sp/>(Символи<sp/>та<sp/>числа)&quot;</highlight><highlight class="normal">;</highlight></codeline>
<codeline lineno="132"><highlight class="normal"></highlight></codeline>
<codeline lineno="133"><highlight class="normal"><sp/><sp/><sp/><sp/><ref refid="class_main_window_1ab9c6492b81f3117ca8fed55c7b97da44" kindref="member">m_statusLabel</ref>-&gt;setText(statusMsg);</highlight></codeline>
<codeline lineno="134"><highlight class="normal">}</highlight></codeline>
<codeline lineno="135"><highlight class="normal"></highlight></codeline>
<codeline lineno="136" refid="class_main_window_1a52e6d2463f17c5cd056817c6f47285dd" refkind="member"><highlight class="normal"></highlight><highlight class="keywordtype">void</highlight><highlight class="normal"><sp/><ref refid="class_main_window_1a52e6d2463f17c5cd056817c6f47285dd" kindref="member">MainWindow::on_saveButton_clicked</ref>()<sp/>{</highlight></codeline>
<codeline lineno="137"><highlight class="normal"><sp/><sp/><sp/><sp/></highlight><highlight class="keywordflow">if</highlight><highlight class="normal"><sp/>(<ref refid="class_main_window_1a6479c76503b3e3f57a592d48c244214e" kindref="member">masterKey</ref>.isEmpty())<sp/><ref refid="class_main_window_1a2da49242a5efb9ed05e41b82ae19b6fa" kindref="member">promptForMasterKey</ref>(</highlight><highlight class="keyword">false</highlight><highlight class="normal">);</highlight></codeline>
<codeline lineno="138"><highlight class="normal"><sp/><sp/><sp/><sp/></highlight><highlight class="keywordflow">if</highlight><highlight class="normal"><sp/>(<ref refid="class_main_window_1a6479c76503b3e3f57a592d48c244214e" kindref="member">masterKey</ref>.isEmpty())<sp/></highlight><highlight class="keywordflow">return</highlight><highlight class="normal">;</highlight></codeline>
<codeline lineno="139"><highlight class="normal"></highlight></codeline>
<codeline lineno="140"><highlight class="normal"><sp/><sp/><sp/><sp/>QString<sp/>res<sp/>=<sp/><ref refid="class_main_window_1ab33e4b5da36ef26bb063b3b4803ee98f" kindref="member">vaultManager</ref>-&gt;saveEntry(<ref refid="class_main_window_1a35466a70ed47252a0191168126a352a5" kindref="member">ui</ref>-&gt;siteInput-&gt;text(),<sp/><ref refid="class_main_window_1a35466a70ed47252a0191168126a352a5" kindref="member">ui</ref>-&gt;loginInput-&gt;text(),<sp/><ref refid="class_main_window_1a35466a70ed47252a0191168126a352a5" kindref="member">ui</ref>-&gt;passwordOutput-&gt;text(),<sp/><ref refid="class_main_window_1a6479c76503b3e3f57a592d48c244214e" kindref="member">masterKey</ref>);</highlight></codeline>
<codeline lineno="141"><highlight class="normal"><sp/><sp/><sp/><sp/>QMessageBox::information(</highlight><highlight class="keyword">this</highlight><highlight class="normal">,<sp/></highlight><highlight class="stringliteral">&quot;Збереження&quot;</highlight><highlight class="normal">,<sp/>res);</highlight></codeline>
<codeline lineno="142"><highlight class="normal"><sp/><sp/><sp/><sp/><ref refid="class_main_window_1a7ecbc717f7f59b53ea5b8c56d3e7558c" kindref="member">updateVaultList</ref>();</highlight></codeline>
<codeline lineno="143"><highlight class="normal"></highlight></codeline>
<codeline lineno="144"><highlight class="normal"><sp/><sp/><sp/><sp/><ref refid="class_main_window_1a35466a70ed47252a0191168126a352a5" kindref="member">ui</ref>-&gt;siteInput-&gt;clear();</highlight></codeline>
<codeline lineno="145"><highlight class="normal"><sp/><sp/><sp/><sp/><ref refid="class_main_window_1a35466a70ed47252a0191168126a352a5" kindref="member">ui</ref>-&gt;loginInput-&gt;clear();</highlight></codeline>
<codeline lineno="146"><highlight class="normal"><sp/><sp/><sp/><sp/><ref refid="class_main_window_1a35466a70ed47252a0191168126a352a5" kindref="member">ui</ref>-&gt;passwordOutput-&gt;clear();</highlight></codeline>
<codeline lineno="147"><highlight class="normal">}</highlight></codeline>
<codeline lineno="148"><highlight class="normal"></highlight></codeline>
<codeline lineno="149" refid="class_main_window_1aeff69bfa20bbae0478792db65fd08837" refkind="member"><highlight class="normal"></highlight><highlight class="keywordtype">void</highlight><highlight class="normal"><sp/><ref refid="class_main_window_1aeff69bfa20bbae0478792db65fd08837" kindref="member">MainWindow::showPasswordDetails</ref>(</highlight><highlight class="keywordtype">int</highlight><highlight class="normal"><sp/>index)<sp/>{</highlight></codeline>
<codeline lineno="150"><highlight class="normal"><sp/><sp/><sp/><sp/>QVariantMap<sp/>entry<sp/>=<sp/><ref refid="class_main_window_1ab33e4b5da36ef26bb063b3b4803ee98f" kindref="member">vaultManager</ref>-&gt;getEntryDetails(index);</highlight></codeline>
<codeline lineno="151"><highlight class="normal"></highlight></codeline>
<codeline lineno="152"><highlight class="normal"><sp/><sp/><sp/><sp/>QMessageBox<sp/>msgBox;</highlight></codeline>
<codeline lineno="153"><highlight class="normal"><sp/><sp/><sp/><sp/>msgBox.setWindowTitle(</highlight><highlight class="stringliteral">&quot;Деталі<sp/>запису&quot;</highlight><highlight class="normal">);</highlight></codeline>
<codeline lineno="154"><highlight class="normal"></highlight></codeline>
<codeline lineno="155"><highlight class="normal"><sp/><sp/><sp/><sp/>QString<sp/>detailsText<sp/>=<sp/>QString(</highlight><highlight class="stringliteral">&quot;Сайт:<sp/>%1\nЛогін:<sp/>%2\nПароль:<sp/>%3\nСтійкість:<sp/>%4/100\nДата:<sp/>%5&quot;</highlight><highlight class="normal">)</highlight></codeline>
<codeline lineno="156"><highlight class="normal"><sp/><sp/><sp/><sp/><sp/><sp/><sp/><sp/><sp/><sp/><sp/><sp/><sp/><sp/><sp/><sp/><sp/><sp/><sp/><sp/><sp/><sp/><sp/><sp/><sp/><sp/><sp/><sp/><sp/><sp/>.arg(entry[</highlight><highlight class="stringliteral">&quot;site&quot;</highlight><highlight class="normal">].toString())</highlight></codeline>
<codeline lineno="157"><highlight class="normal"><sp/><sp/><sp/><sp/><sp/><sp/><sp/><sp/><sp/><sp/><sp/><sp/><sp/><sp/><sp/><sp/><sp/><sp/><sp/><sp/><sp/><sp/><sp/><sp/><sp/><sp/><sp/><sp/><sp/><sp/>.arg(entry[</highlight><highlight class="stringliteral">&quot;login&quot;</highlight><highlight class="normal">].toString())</highlight></codeline>
<codeline lineno="158"><highlight class="normal"><sp/><sp/><sp/><sp/><sp/><sp/><sp/><sp/><sp/><sp/><sp/><sp/><sp/><sp/><sp/><sp/><sp/><sp/><sp/><sp/><sp/><sp/><sp/><sp/><sp/><sp/><sp/><sp/><sp/><sp/>.arg(entry[</highlight><highlight class="stringliteral">&quot;password&quot;</highlight><highlight class="normal">].toString())</highlight></codeline>
<codeline lineno="159"><highlight class="normal"><sp/><sp/><sp/><sp/><sp/><sp/><sp/><sp/><sp/><sp/><sp/><sp/><sp/><sp/><sp/><sp/><sp/><sp/><sp/><sp/><sp/><sp/><sp/><sp/><sp/><sp/><sp/><sp/><sp/><sp/>.arg(entry[</highlight><highlight class="stringliteral">&quot;strength&quot;</highlight><highlight class="normal">].toInt())</highlight></codeline>
<codeline lineno="160"><highlight class="normal"><sp/><sp/><sp/><sp/><sp/><sp/><sp/><sp/><sp/><sp/><sp/><sp/><sp/><sp/><sp/><sp/><sp/><sp/><sp/><sp/><sp/><sp/><sp/><sp/><sp/><sp/><sp/><sp/><sp/><sp/>.arg(entry[</highlight><highlight class="stringliteral">&quot;date&quot;</highlight><highlight class="normal">].toString());</highlight></codeline>
<codeline lineno="161"><highlight class="normal"></highlight></codeline>
<codeline lineno="162"><highlight class="normal"><sp/><sp/><sp/><sp/>msgBox.setText(detailsText);</highlight></codeline>
<codeline lineno="163"><highlight class="normal"></highlight></codeline>
<codeline lineno="164"><highlight class="normal"><sp/><sp/><sp/><sp/>QPushButton<sp/>*copyBtn<sp/>=<sp/>msgBox.addButton(</highlight><highlight class="stringliteral">&quot;Копіювати<sp/>Пароль&quot;</highlight><highlight class="normal">,<sp/>QMessageBox::ActionRole);</highlight></codeline>
<codeline lineno="165"><highlight class="normal"><sp/><sp/><sp/><sp/>QPushButton<sp/>*updateBtn<sp/>=<sp/>msgBox.addButton(</highlight><highlight class="stringliteral">&quot;Перегенерувати&quot;</highlight><highlight class="normal">,<sp/>QMessageBox::ActionRole);</highlight></codeline>
<codeline lineno="166"><highlight class="normal"><sp/><sp/><sp/><sp/>msgBox.addButton(QMessageBox::Close);</highlight></codeline>
<codeline lineno="167"><highlight class="normal"></highlight></codeline>
<codeline lineno="168"><highlight class="normal"><sp/><sp/><sp/><sp/>msgBox.exec();</highlight></codeline>
<codeline lineno="169"><highlight class="normal"></highlight></codeline>
<codeline lineno="170"><highlight class="normal"><sp/><sp/><sp/><sp/></highlight><highlight class="keywordflow">if</highlight><highlight class="normal"><sp/>(msgBox.clickedButton()<sp/>==<sp/>copyBtn)<sp/>{</highlight></codeline>
<codeline lineno="171"><highlight class="normal"><sp/><sp/><sp/><sp/><sp/><sp/><sp/><sp/>QString<sp/>pwd<sp/>=<sp/><ref refid="class_main_window_1ab33e4b5da36ef26bb063b3b4803ee98f" kindref="member">vaultManager</ref>-&gt;getPassword(index,<sp/><ref refid="class_main_window_1a6479c76503b3e3f57a592d48c244214e" kindref="member">masterKey</ref>);</highlight></codeline>
<codeline lineno="172"><highlight class="normal"><sp/><sp/><sp/><sp/><sp/><sp/><sp/><sp/>QApplication::clipboard()-&gt;setText(pwd);</highlight></codeline>
<codeline lineno="173"><highlight class="normal"><sp/><sp/><sp/><sp/><sp/><sp/><sp/><sp/>QMessageBox::information(</highlight><highlight class="keyword">this</highlight><highlight class="normal">,<sp/></highlight><highlight class="stringliteral">&quot;Буфер&quot;</highlight><highlight class="normal">,<sp/></highlight><highlight class="stringliteral">&quot;Пароль<sp/>скопійовано!<sp/>Буфер<sp/>буде<sp/>очищено<sp/>через<sp/>20<sp/>с.&quot;</highlight><highlight class="normal">);</highlight></codeline>
<codeline lineno="174"><highlight class="normal"></highlight></codeline>
<codeline lineno="175"><highlight class="normal"><sp/><sp/><sp/><sp/><sp/><sp/><sp/><sp/>QTimer::singleShot(20000,<sp/></highlight><highlight class="keyword">this</highlight><highlight class="normal">,<sp/>&amp;<ref refid="class_main_window_1a3f66e05fdfb23da1881bcd366ea709e3" kindref="member">MainWindow::clearClipboard</ref>);</highlight></codeline>
<codeline lineno="176"><highlight class="normal"><sp/><sp/><sp/><sp/>}</highlight></codeline>
<codeline lineno="177"><highlight class="normal"><sp/><sp/><sp/><sp/></highlight><highlight class="keywordflow">else</highlight><highlight class="normal"><sp/></highlight><highlight class="keywordflow">if</highlight><highlight class="normal"><sp/>(msgBox.clickedButton()<sp/>==<sp/>updateBtn)<sp/>{</highlight></codeline>
<codeline lineno="178"><highlight class="normal"><sp/><sp/><sp/><sp/><sp/><sp/><sp/><sp/>QString<sp/>newPwd<sp/>=<sp/><ref refid="class_main_window_1ab33e4b5da36ef26bb063b3b4803ee98f" kindref="member">vaultManager</ref>-&gt;generateSecureString(<ref refid="class_main_window_1a35466a70ed47252a0191168126a352a5" kindref="member">ui</ref>-&gt;lengthSpin-&gt;value(),<sp/></highlight><highlight class="keyword">true</highlight><highlight class="normal">,<sp/></highlight><highlight class="keyword">true</highlight><highlight class="normal">,<sp/></highlight><highlight class="keyword">true</highlight><highlight class="normal">,<sp/></highlight><highlight class="keyword">true</highlight><highlight class="normal">);</highlight></codeline>
<codeline lineno="179"><highlight class="normal"><sp/><sp/><sp/><sp/><sp/><sp/><sp/><sp/>QString<sp/>res<sp/>=<sp/><ref refid="class_main_window_1ab33e4b5da36ef26bb063b3b4803ee98f" kindref="member">vaultManager</ref>-&gt;updateEntry(index,<sp/>entry[</highlight><highlight class="stringliteral">&quot;site&quot;</highlight><highlight class="normal">].toString(),<sp/>entry[</highlight><highlight class="stringliteral">&quot;login&quot;</highlight><highlight class="normal">].toString(),<sp/>newPwd,<sp/><ref refid="class_main_window_1a6479c76503b3e3f57a592d48c244214e" kindref="member">masterKey</ref>);</highlight></codeline>
<codeline lineno="180"><highlight class="normal"><sp/><sp/><sp/><sp/><sp/><sp/><sp/><sp/>QMessageBox::information(</highlight><highlight class="keyword">this</highlight><highlight class="normal">,<sp/></highlight><highlight class="stringliteral">&quot;Оновлення&quot;</highlight><highlight class="normal">,<sp/></highlight><highlight class="stringliteral">&quot;Новий<sp/>пароль:<sp/>&quot;</highlight><highlight class="normal"><sp/>+<sp/>newPwd<sp/>+<sp/></highlight><highlight class="stringliteral">&quot;\n&quot;</highlight><highlight class="normal"><sp/>+<sp/>res);</highlight></codeline>
<codeline lineno="181"><highlight class="normal"><sp/><sp/><sp/><sp/><sp/><sp/><sp/><sp/><ref refid="class_main_window_1a7ecbc717f7f59b53ea5b8c56d3e7558c" kindref="member">updateVaultList</ref>();</highlight></codeline>
<codeline lineno="182"><highlight class="normal"><sp/><sp/><sp/><sp/>}</highlight></codeline>
<codeline lineno="183"><highlight class="normal">}</highlight></codeline>
<codeline lineno="184"><highlight class="normal"></highlight></codeline>
<codeline lineno="185" refid="class_main_window_1a9698794daa03f8301231e68af4fa7f87" refkind="member"><highlight class="normal"></highlight><highlight class="keywordtype">void</highlight><highlight class="normal"><sp/><ref refid="class_main_window_1a9698794daa03f8301231e68af4fa7f87" kindref="member">MainWindow::on_viewDetailsButton_clicked</ref>()<sp/>{</highlight></codeline>
<codeline lineno="186"><highlight class="normal"><sp/><sp/><sp/><sp/>QListWidgetItem<sp/>*item<sp/>=<sp/><ref refid="class_main_window_1a35466a70ed47252a0191168126a352a5" kindref="member">ui</ref>-&gt;vaultList-&gt;currentItem();</highlight></codeline>
<codeline lineno="187"><highlight class="normal"><sp/><sp/><sp/><sp/></highlight><highlight class="keywordflow">if</highlight><highlight class="normal"><sp/>(!item)<sp/></highlight><highlight class="keywordflow">return</highlight><highlight class="normal">;</highlight></codeline>
<codeline lineno="188"><highlight class="normal"></highlight></codeline>
<codeline lineno="189"><highlight class="normal"><sp/><sp/><sp/><sp/></highlight><highlight class="keywordtype">bool</highlight><highlight class="normal"><sp/>ok;</highlight></codeline>
<codeline lineno="190"><highlight class="normal"><sp/><sp/><sp/><sp/>QString<sp/>currentKey<sp/>=<sp/>QInputDialog::getText(</highlight><highlight class="keyword">this</highlight><highlight class="normal">,<sp/></highlight><highlight class="stringliteral">&quot;Повторна<sp/>Автентифікація&quot;</highlight><highlight class="normal">,</highlight></codeline>
<codeline lineno="191"><highlight class="normal"><sp/><sp/><sp/><sp/><sp/><sp/><sp/><sp/><sp/><sp/><sp/><sp/><sp/><sp/><sp/><sp/><sp/><sp/><sp/><sp/><sp/><sp/><sp/><sp/><sp/><sp/><sp/><sp/><sp/><sp/><sp/><sp/><sp/><sp/><sp/><sp/><sp/><sp/><sp/><sp/><sp/><sp/><sp/><sp/><sp/><sp/><sp/></highlight><highlight class="stringliteral">&quot;Введіть<sp/>Майстер-код<sp/>для<sp/>перегляду:&quot;</highlight><highlight class="normal">,</highlight></codeline>
<codeline lineno="192"><highlight class="normal"><sp/><sp/><sp/><sp/><sp/><sp/><sp/><sp/><sp/><sp/><sp/><sp/><sp/><sp/><sp/><sp/><sp/><sp/><sp/><sp/><sp/><sp/><sp/><sp/><sp/><sp/><sp/><sp/><sp/><sp/><sp/><sp/><sp/><sp/><sp/><sp/><sp/><sp/><sp/><sp/><sp/><sp/><sp/><sp/><sp/><sp/><sp/>QLineEdit::Password,<sp/></highlight><highlight class="stringliteral">&quot;&quot;</highlight><highlight class="normal">,<sp/>&amp;ok);</highlight></codeline>
<codeline lineno="193"><highlight class="normal"></highlight></codeline>
<codeline lineno="194"><highlight class="normal"><sp/><sp/><sp/><sp/></highlight><highlight class="keywordflow">if</highlight><highlight class="normal"><sp/>(!ok<sp/>||<sp/>currentKey.isEmpty()<sp/>||<sp/>currentKey<sp/>!=<sp/><ref refid="class_main_window_1a6479c76503b3e3f57a592d48c244214e" kindref="member">masterKey</ref>)<sp/>{</highlight></codeline>
<codeline lineno="195"><highlight class="normal"><sp/><sp/><sp/><sp/><sp/><sp/><sp/><sp/>QMessageBox::warning(</highlight><highlight class="keyword">this</highlight><highlight class="normal">,<sp/></highlight><highlight class="stringliteral">&quot;Доступ&quot;</highlight><highlight class="normal">,<sp/></highlight><highlight class="stringliteral">&quot;Невірний<sp/>Майстер-код.&quot;</highlight><highlight class="normal">);</highlight></codeline>
<codeline lineno="196"><highlight class="normal"><sp/><sp/><sp/><sp/><sp/><sp/><sp/><sp/></highlight><highlight class="keywordflow">return</highlight><highlight class="normal">;</highlight></codeline>
<codeline lineno="197"><highlight class="normal"><sp/><sp/><sp/><sp/>}</highlight></codeline>
<codeline lineno="198"><highlight class="normal"></highlight></codeline>
<codeline lineno="199"><highlight class="normal"><sp/><sp/><sp/><sp/></highlight><highlight class="keywordtype">int</highlight><highlight class="normal"><sp/>idx<sp/>=<sp/><ref refid="class_main_window_1a35466a70ed47252a0191168126a352a5" kindref="member">ui</ref>-&gt;vaultList-&gt;row(item);</highlight></codeline>
<codeline lineno="200"><highlight class="normal"><sp/><sp/><sp/><sp/><ref refid="class_main_window_1aeff69bfa20bbae0478792db65fd08837" kindref="member">showPasswordDetails</ref>(idx);</highlight></codeline>
<codeline lineno="201"><highlight class="normal">}</highlight></codeline>
<codeline lineno="202"><highlight class="normal"></highlight></codeline>
<codeline lineno="203" refid="class_main_window_1ae22acf0b9981ab783fdee8b0fb1c9c49" refkind="member"><highlight class="normal"></highlight><highlight class="keywordtype">void</highlight><highlight class="normal"><sp/><ref refid="class_main_window_1ae22acf0b9981ab783fdee8b0fb1c9c49" kindref="member">MainWindow::on_exportButton_clicked</ref>()<sp/>{</highlight></codeline>
<codeline lineno="204"><highlight class="normal"><sp/><sp/><sp/><sp/>QString<sp/>path<sp/>=<sp/>QFileDialog::getSaveFileName(</highlight><highlight class="keyword">this</highlight><highlight class="normal">,<sp/></highlight><highlight class="stringliteral">&quot;Експорт<sp/>бази&quot;</highlight><highlight class="normal">,<sp/></highlight><highlight class="stringliteral">&quot;&quot;</highlight><highlight class="normal">,<sp/></highlight><highlight class="stringliteral">&quot;Vault<sp/>Files<sp/>(*.dat)&quot;</highlight><highlight class="normal">);</highlight></codeline>
<codeline lineno="205"><highlight class="normal"><sp/><sp/><sp/><sp/></highlight><highlight class="keywordflow">if</highlight><highlight class="normal"><sp/>(!path.isEmpty())<sp/>{</highlight></codeline>
<codeline lineno="206"><highlight class="normal"><sp/><sp/><sp/><sp/><sp/><sp/><sp/><sp/>QMessageBox::information(</highlight><highlight class="keyword">this</highlight><highlight class="normal">,<sp/></highlight><highlight class="stringliteral">&quot;Експорт&quot;</highlight><highlight class="normal">,<sp/><ref refid="class_main_window_1ab33e4b5da36ef26bb063b3b4803ee98f" kindref="member">vaultManager</ref>-&gt;exportDatabase(path));</highlight></codeline>
<codeline lineno="207"><highlight class="normal"><sp/><sp/><sp/><sp/>}</highlight></codeline>
<codeline lineno="208"><highlight class="normal">}</highlight></codeline>
<codeline lineno="209"><highlight class="normal"></highlight></codeline>
<codeline lineno="210" refid="class_main_window_1a5e3b3f4dafca62ecb908f1262837d960" refkind="member"><highlight class="normal"></highlight><highlight class="keywordtype">void</highlight><highlight class="normal"><sp/><ref refid="class_main_window_1a5e3b3f4dafca62ecb908f1262837d960" kindref="member">MainWindow::on_importButton_clicked</ref>()<sp/>{</highlight></codeline>
<codeline lineno="211"><highlight class="normal"><sp/><sp/><sp/><sp/>QString<sp/>path<sp/>=<sp/>QFileDialog::getOpenFileName(</highlight><highlight class="keyword">this</highlight><highlight class="normal">,<sp/></highlight><highlight class="stringliteral">&quot;Імпорт<sp/>бази&quot;</highlight><highlight class="normal">,<sp/></highlight><highlight class="stringliteral">&quot;&quot;</highlight><highlight class="normal">,<sp/></highlight><highlight class="stringliteral">&quot;Vault<sp/>Files<sp/>(*.dat)&quot;</highlight><highlight class="normal">);</highlight></codeline>
<codeline lineno="212"><highlight class="normal"><sp/><sp/><sp/><sp/></highlight><highlight class="keywordflow">if</highlight><highlight class="normal"><sp/>(!path.isEmpty())<sp/>{</highlight></codeline>
<codeline lineno="213"><highlight class="normal"><sp/><sp/><sp/><sp/><sp/><sp/><sp/><sp/>QString<sp/>key<sp/>=<sp/>QInputDialog::getText(</highlight><highlight class="keyword">this</highlight><highlight class="normal">,<sp/></highlight><highlight class="stringliteral">&quot;Імпорт&quot;</highlight><highlight class="normal">,<sp/></highlight><highlight class="stringliteral">&quot;Введіть<sp/>Майстер-код<sp/>для<sp/>файлу:&quot;</highlight><highlight class="normal">,<sp/>QLineEdit::Password);</highlight></codeline>
<codeline lineno="214"><highlight class="normal"><sp/><sp/><sp/><sp/><sp/><sp/><sp/><sp/></highlight><highlight class="keywordflow">if</highlight><highlight class="normal"><sp/>(!key.isEmpty())<sp/>{</highlight></codeline>
<codeline lineno="215"><highlight class="normal"><sp/><sp/><sp/><sp/><sp/><sp/><sp/><sp/><sp/><sp/><sp/><sp/>QMessageBox::information(</highlight><highlight class="keyword">this</highlight><highlight class="normal">,<sp/></highlight><highlight class="stringliteral">&quot;Імпорт&quot;</highlight><highlight class="normal">,<sp/><ref refid="class_main_window_1ab33e4b5da36ef26bb063b3b4803ee98f" kindref="member">vaultManager</ref>-&gt;importDatabase(path,<sp/>key));</highlight></codeline>
<codeline lineno="216"><highlight class="normal"><sp/><sp/><sp/><sp/><sp/><sp/><sp/><sp/><sp/><sp/><sp/><sp/><ref refid="class_main_window_1a7ecbc717f7f59b53ea5b8c56d3e7558c" kindref="member">updateVaultList</ref>();</highlight></codeline>
<codeline lineno="217"><highlight class="normal"><sp/><sp/><sp/><sp/><sp/><sp/><sp/><sp/>}</highlight></codeline>
<codeline lineno="218"><highlight class="normal"><sp/><sp/><sp/><sp/>}</highlight></codeline>
<codeline lineno="219"><highlight class="normal">}</highlight></codeline>
<codeline lineno="220"><highlight class="normal"></highlight></codeline>
<codeline lineno="221" refid="class_main_window_1ac70a65e0bdf1b517e947b0bd0161987e" refkind="member"><highlight class="normal"></highlight><highlight class="keywordtype">void</highlight><highlight class="normal"><sp/><ref refid="class_main_window_1ac70a65e0bdf1b517e947b0bd0161987e" kindref="member">MainWindow::on_deleteButton_clicked</ref>()<sp/>{</highlight></codeline>
<codeline lineno="222"><highlight class="normal"><sp/><sp/><sp/><sp/>QListWidgetItem<sp/>*item<sp/>=<sp/><ref refid="class_main_window_1a35466a70ed47252a0191168126a352a5" kindref="member">ui</ref>-&gt;vaultList-&gt;currentItem();</highlight></codeline>
<codeline lineno="223"><highlight class="normal"><sp/><sp/><sp/><sp/></highlight><highlight class="keywordflow">if</highlight><highlight class="normal"><sp/>(!item)<sp/>{</highlight></codeline>
<codeline lineno="224"><highlight class="normal"><sp/><sp/><sp/><sp/><sp/><sp/><sp/><sp/>QMessageBox::warning(</highlight><highlight class="keyword">this</highlight><highlight class="normal">,<sp/></highlight><highlight class="stringliteral">&quot;Помилка&quot;</highlight><highlight class="normal">,<sp/></highlight><highlight class="stringliteral">&quot;Будь<sp/>ласка,<sp/>оберіть<sp/>запис<sp/>для<sp/>видалення.&quot;</highlight><highlight class="normal">);</highlight></codeline>
<codeline lineno="225"><highlight class="normal"><sp/><sp/><sp/><sp/><sp/><sp/><sp/><sp/></highlight><highlight class="keywordflow">return</highlight><highlight class="normal">;</highlight></codeline>
<codeline lineno="226"><highlight class="normal"><sp/><sp/><sp/><sp/>}</highlight></codeline>
<codeline lineno="227"><highlight class="normal"></highlight></codeline>
<codeline lineno="228"><highlight class="normal"><sp/><sp/><sp/><sp/></highlight><highlight class="keywordtype">bool</highlight><highlight class="normal"><sp/>ok;</highlight></codeline>
<codeline lineno="229"><highlight class="normal"><sp/><sp/><sp/><sp/>QString<sp/>currentKey<sp/>=<sp/>QInputDialog::getText(</highlight><highlight class="keyword">this</highlight><highlight class="normal">,<sp/></highlight><highlight class="stringliteral">&quot;Повторна<sp/>Автентифікація&quot;</highlight><highlight class="normal">,</highlight></codeline>
<codeline lineno="230"><highlight class="normal"><sp/><sp/><sp/><sp/><sp/><sp/><sp/><sp/><sp/><sp/><sp/><sp/><sp/><sp/><sp/><sp/><sp/><sp/><sp/><sp/><sp/><sp/><sp/><sp/><sp/><sp/><sp/><sp/><sp/><sp/><sp/><sp/><sp/><sp/><sp/><sp/><sp/><sp/><sp/><sp/><sp/><sp/><sp/><sp/><sp/><sp/><sp/></highlight><highlight class="stringliteral">&quot;Введіть<sp/>Майстер-код<sp/>для<sp/>підтвердження<sp/>видалення:&quot;</highlight><highlight class="normal">,</highlight></codeline>
<codeline lineno="231"><highlight class="normal"><sp/><sp/><sp/><sp/><sp/><sp/><sp/><sp/><sp/><sp/><sp/><sp/><sp/><sp/><sp/><sp/><sp/><sp/><sp/><sp/><sp/><sp/><sp/><sp/><sp/><sp/><sp/><sp/><sp/><sp/><sp/><sp/><sp/><sp/><sp/><sp/><sp/><sp/><sp/><sp/><sp/><sp/><sp/><sp/><sp/><sp/><sp/>QLineEdit::Password,<sp/></highlight><highlight class="stringliteral">&quot;&quot;</highlight><highlight class="normal">,<sp/>&amp;ok);</highlight></codeline>
<codeline lineno="232"><highlight class="normal"></highlight></codeline>
<codeline lineno="233"><highlight class="normal"><sp/><sp/><sp/><sp/></highlight><highlight class="keywordflow">if</highlight><highlight class="normal"><sp/>(!ok<sp/>||<sp/>currentKey.isEmpty()<sp/>||<sp/>currentKey<sp/>!=<sp/><ref refid="class_main_window_1a6479c76503b3e3f57a592d48c244214e" kindref="member">masterKey</ref>)<sp/>{</highlight></codeline>
<codeline lineno="234"><highlight class="normal"><sp/><sp/><sp/><sp/><sp/><sp/><sp/><sp/>QMessageBox::warning(</highlight><highlight class="keyword">this</highlight><highlight class="normal">,<sp/></highlight><highlight class="stringliteral">&quot;Доступ<sp/>Заборонено&quot;</highlight><highlight class="normal">,<sp/></highlight><highlight class="stringliteral">&quot;Невірний<sp/>Майстер-код.<sp/>Видалення<sp/>скасовано.&quot;</highlight><highlight class="normal">);</highlight></codeline>
<codeline lineno="235"><highlight class="normal"><sp/><sp/><sp/><sp/><sp/><sp/><sp/><sp/></highlight><highlight class="keywordflow">return</highlight><highlight class="normal">;</highlight></codeline>
<codeline lineno="236"><highlight class="normal"><sp/><sp/><sp/><sp/>}</highlight></codeline>
<codeline lineno="237"><highlight class="normal"></highlight></codeline>
<codeline lineno="238"><highlight class="normal"><sp/><sp/><sp/><sp/>QMessageBox::StandardButton<sp/>reply;</highlight></codeline>
<codeline lineno="239"><highlight class="normal"><sp/><sp/><sp/><sp/>reply<sp/>=<sp/>QMessageBox::question(</highlight><highlight class="keyword">this</highlight><highlight class="normal">,<sp/></highlight><highlight class="stringliteral">&quot;Підтвердження<sp/>Видалення&quot;</highlight><highlight class="normal">,</highlight></codeline>
<codeline lineno="240"><highlight class="normal"><sp/><sp/><sp/><sp/><sp/><sp/><sp/><sp/><sp/><sp/><sp/><sp/><sp/><sp/><sp/><sp/><sp/><sp/><sp/><sp/><sp/><sp/><sp/><sp/><sp/><sp/><sp/><sp/><sp/><sp/><sp/><sp/><sp/><sp/></highlight><highlight class="stringliteral">&quot;Ви<sp/>впевнені,<sp/>що<sp/>хочете<sp/>видалити<sp/>запис:<sp/>&quot;</highlight><highlight class="normal"><sp/>+<sp/>item-&gt;text()<sp/>+<sp/></highlight><highlight class="stringliteral">&quot;?\nЦю<sp/>дію<sp/>не<sp/>можна<sp/>скасувати!&quot;</highlight><highlight class="normal">,</highlight></codeline>
<codeline lineno="241"><highlight class="normal"><sp/><sp/><sp/><sp/><sp/><sp/><sp/><sp/><sp/><sp/><sp/><sp/><sp/><sp/><sp/><sp/><sp/><sp/><sp/><sp/><sp/><sp/><sp/><sp/><sp/><sp/><sp/><sp/><sp/><sp/><sp/><sp/><sp/><sp/>QMessageBox::Yes|QMessageBox::No);</highlight></codeline>
<codeline lineno="242"><highlight class="normal"></highlight></codeline>
<codeline lineno="243"><highlight class="normal"><sp/><sp/><sp/><sp/></highlight><highlight class="keywordflow">if</highlight><highlight class="normal"><sp/>(reply<sp/>==<sp/>QMessageBox::Yes)<sp/>{</highlight></codeline>
<codeline lineno="244"><highlight class="normal"><sp/><sp/><sp/><sp/><sp/><sp/><sp/><sp/></highlight><highlight class="keywordtype">int</highlight><highlight class="normal"><sp/>idx<sp/>=<sp/><ref refid="class_main_window_1a35466a70ed47252a0191168126a352a5" kindref="member">ui</ref>-&gt;vaultList-&gt;row(item);</highlight></codeline>
<codeline lineno="245"><highlight class="normal"></highlight></codeline>
<codeline lineno="246"><highlight class="normal"><sp/><sp/><sp/><sp/><sp/><sp/><sp/><sp/>QString<sp/>result<sp/>=<sp/><ref refid="class_main_window_1ab33e4b5da36ef26bb063b3b4803ee98f" kindref="member">vaultManager</ref>-&gt;deleteEntry(idx);</highlight></codeline>
<codeline lineno="247"><highlight class="normal"><sp/><sp/><sp/><sp/><sp/><sp/><sp/><sp/>QMessageBox::information(</highlight><highlight class="keyword">this</highlight><highlight class="normal">,<sp/></highlight><highlight class="stringliteral">&quot;Видалення&quot;</highlight><highlight class="normal">,<sp/>result);</highlight></codeline>
<codeline lineno="248"><highlight class="normal"><sp/><sp/><sp/><sp/><sp/><sp/><sp/><sp/><ref refid="class_main_window_1a7ecbc717f7f59b53ea5b8c56d3e7558c" kindref="member">updateVaultList</ref>();</highlight></codeline>
<codeline lineno="249"><highlight class="normal"><sp/><sp/><sp/><sp/>}</highlight></codeline>
<codeline lineno="250"><highlight class="normal">}</highlight></codeline>
    </programlisting>
    <location file="mainwindow.cpp"/>
  </compounddef>
</doxygen>
