<?xml version='1.0' encoding='UTF-8' standalone='no'?>
<doxygen xmlns:xsi="http://www.w3.org/2001/XMLSchema-instance" xsi:noNamespaceSchemaLocation="compound.xsd" version="1.15.0" xml:lang="en-US">
  <compounddef id="vaultbackend_8cpp" kind="file" language="C++">
    <compoundname>vaultbackend.cpp</compoundname>
    <includes refid="vaultbackend_8h" local="yes">vaultbackend.h</includes>
    <includes local="no">QDir</includes>
    <includes local="no">QFile</includes>
    <includes local="no">QStandardPaths</includes>
    <includes local="no">QJsonDocument</includes>
    <includes local="no">QJsonObject</includes>
    <includes local="no">QJsonArray</includes>
    <includes local="no">QDateTime</includes>
    <includes local="no">QDebug</includes>
    <includes local="no">QCryptographicHash</includes>
    <includes local="no">QRandomGenerator</includes>
    <includes local="no">cmath</includes>
    <includes local="no">cstring</includes>
    <includes local="no">QtGlobal</includes>
    <includes local="no">QSysInfo</includes>
    <includes local="no">QTextStream</includes>
    <incdepgraph>
      <node id="1">
        <label>vaultbackend.cpp</label>
        <link refid="vaultbackend_8cpp"/>
        <childnode refid="2" relation="include">
        </childnode>
        <childnode refid="8" relation="include">
        </childnode>
        <childnode refid="9" relation="include">
        </childnode>
        <childnode refid="7" relation="include">
        </childnode>
        <childnode refid="10" relation="include">
        </childnode>
        <childnode refid="11" relation="include">
        </childnode>
        <childnode refid="12" relation="include">
        </childnode>
        <childnode refid="13" relation="include">
        </childnode>
        <childnode refid="14" relation="include">
        </childnode>
        <childnode refid="15" relation="include">
        </childnode>
        <childnode refid="16" relation="include">
        </childnode>
        <childnode refid="17" relation="include">
        </childnode>
        <childnode refid="18" relation="include">
        </childnode>
        <childnode refid="19" relation="include">
        </childnode>
        <childnode refid="20" relation="include">
        </childnode>
        <childnode refid="21" relation="include">
        </childnode>
      </node>
      <node id="2">
        <label>vaultbackend.h</label>
        <link refid="vaultbackend_8h"/>
        <childnode refid="3" relation="include">
        </childnode>
        <childnode refid="4" relation="include">
        </childnode>
        <childnode refid="5" relation="include">
        </childnode>
        <childnode refid="6" relation="include">
        </childnode>
        <childnode refid="7" relation="include">
        </childnode>
      </node>
      <node id="15">
        <label>QCryptographicHash</label>
      </node>
      <node id="13">
        <label>QDateTime</label>
      </node>
      <node id="14">
        <label>QDebug</label>
      </node>
      <node id="8">
        <label>QDir</label>
      </node>
      <node id="9">
        <label>QFile</label>
      </node>
      <node id="12">
        <label>QJsonArray</label>
      </node>
      <node id="10">
        <label>QJsonDocument</label>
      </node>
      <node id="11">
        <label>QJsonObject</label>
      </node>
      <node id="6">
        <label>QMap</label>
      </node>
      <node id="3">
        <label>QObject</label>
      </node>
      <node id="16">
        <label>QRandomGenerator</label>
      </node>
      <node id="7">
        <label>QStandardPaths</label>
      </node>
      <node id="20">
        <label>QSysInfo</label>
      </node>
      <node id="21">
        <label>QTextStream</label>
      </node>
      <node id="4">
        <label>QVariantList</label>
      </node>
      <node id="5">
        <label>QVariantMap</label>
      </node>
      <node id="19">
        <label>QtGlobal</label>
      </node>
      <node id="17">
        <label>cmath</label>
      </node>
      <node id="18">
        <label>cstring</label>
      </node>
    </incdepgraph>
    <sectiondef kind="func">
      <memberdef kind="function" id="vaultbackend_8cpp_1a36e65b8bde72bfc04f6b229e05142c0d" prot="public" static="no" const="no" explicit="no" inline="no" virt="non-virtual">
        <type>QString</type>
        <definition>QString getDatabasePath</definition>
        <argsstring>()</argsstring>
        <name>getDatabasePath</name>
        <briefdescription>
        </briefdescription>
        <detaileddescription>
        </detaileddescription>
        <inbodydescription>
        </inbodydescription>
        <location file="vaultbackend.cpp" line="18" column="9" bodyfile="vaultbackend.cpp" bodystart="18" bodyend="28"/>
        <referencedby refid="class_vault_backend_1a025b01f0c0aa75b6249feb39661d094d" compoundref="vaultbackend_8cpp" startline="360" endline="365">VaultBackend::exportDatabase</referencedby>
        <referencedby refid="class_vault_backend_1ad290cc4009e634714b989000b6f0a51c" compoundref="vaultbackend_8cpp" startline="333" endline="358">VaultBackend::loadDatabase</referencedby>
        <referencedby refid="class_vault_backend_1a573965fa954eed30b770514edabf054e" compoundref="vaultbackend_8cpp" startline="260" endline="281">VaultBackend::saveDatabaseToFile</referencedby>
      </memberdef>
      <memberdef kind="function" id="vaultbackend_8cpp_1a98c022bb2fbafdfa9caf1a702ae742b6" prot="public" static="no" const="no" explicit="no" inline="no" virt="non-virtual">
        <type>QByteArray</type>
        <definition>QByteArray get8RandomBytes</definition>
        <argsstring>()</argsstring>
        <name>get8RandomBytes</name>
        <briefdescription>
        </briefdescription>
        <detaileddescription>
        </detaileddescription>
        <inbodydescription>
        </inbodydescription>
        <location file="vaultbackend.cpp" line="30" column="12" bodyfile="vaultbackend.cpp" bodystart="30" bodyend="35"/>
        <referencedby refid="class_vault_backend_1aa067cfeedf196fe45d29c157c292e2c1" compoundref="vaultbackend_8cpp" startline="70" endline="94">VaultBackend::encryptData</referencedby>
        <referencedby refid="class_vault_backend_1ad290cc4009e634714b989000b6f0a51c" compoundref="vaultbackend_8cpp" startline="333" endline="358">VaultBackend::loadDatabase</referencedby>
      </memberdef>
    </sectiondef>
    <briefdescription>
    </briefdescription>
    <detaileddescription>
    </detaileddescription>
    <programlisting>
<codeline lineno="1"><highlight class="preprocessor">#include<sp/>&quot;<ref refid="vaultbackend_8h" kindref="compound">vaultbackend.h</ref>&quot;</highlight><highlight class="normal"></highlight></codeline>
<codeline lineno="2"><highlight class="normal"></highlight><highlight class="preprocessor">#include<sp/>&lt;QDir&gt;</highlight><highlight class="normal"></highlight></codeline>
<codeline lineno="3"><highlight class="normal"></highlight><highlight class="preprocessor">#include<sp/>&lt;QFile&gt;</highlight><highlight class="normal"></highlight></codeline>
<codeline lineno="4"><highlight class="normal"></highlight><highlight class="preprocessor">#include<sp/>&lt;QStandardPaths&gt;</highlight><highlight class="normal"></highlight></codeline>
<codeline lineno="5"><highlight class="normal"></highlight><highlight class="preprocessor">#include<sp/>&lt;QJsonDocument&gt;</highlight><highlight class="normal"></highlight></codeline>
<codeline lineno="6"><highlight class="normal"></highlight><highlight class="preprocessor">#include<sp/>&lt;QJsonObject&gt;</highlight><highlight class="normal"></highlight></codeline>
<codeline lineno="7"><highlight class="normal"></highlight><highlight class="preprocessor">#include<sp/>&lt;QJsonArray&gt;</highlight><highlight class="normal"></highlight></codeline>
<codeline lineno="8"><highlight class="normal"></highlight><highlight class="preprocessor">#include<sp/>&lt;QDateTime&gt;</highlight><highlight class="normal"></highlight></codeline>
<codeline lineno="9"><highlight class="normal"></highlight><highlight class="preprocessor">#include<sp/>&lt;QDebug&gt;</highlight><highlight class="normal"></highlight></codeline>
<codeline lineno="10"><highlight class="normal"></highlight><highlight class="preprocessor">#include<sp/>&lt;QCryptographicHash&gt;</highlight><highlight class="normal"></highlight></codeline>
<codeline lineno="11"><highlight class="normal"></highlight><highlight class="preprocessor">#include<sp/>&lt;QRandomGenerator&gt;</highlight><highlight class="normal"></highlight></codeline>
<codeline lineno="12"><highlight class="normal"></highlight><highlight class="preprocessor">#include<sp/>&lt;cmath&gt;</highlight><highlight class="normal"></highlight></codeline>
<codeline lineno="13"><highlight class="normal"></highlight><highlight class="preprocessor">#include<sp/>&lt;cstring&gt;</highlight><highlight class="normal"></highlight></codeline>
<codeline lineno="14"><highlight class="normal"></highlight><highlight class="preprocessor">#include<sp/>&lt;QtGlobal&gt;</highlight><highlight class="normal"></highlight></codeline>
<codeline lineno="15"><highlight class="normal"></highlight><highlight class="preprocessor">#include<sp/>&lt;QSysInfo&gt;</highlight><highlight class="normal"></highlight></codeline>
<codeline lineno="16"><highlight class="normal"></highlight><highlight class="preprocessor">#include<sp/>&lt;QTextStream&gt;</highlight><highlight class="normal"></highlight></codeline>
<codeline lineno="17"><highlight class="normal"></highlight></codeline>
<codeline lineno="18" refid="vaultbackend_8cpp_1a36e65b8bde72bfc04f6b229e05142c0d" refkind="member"><highlight class="normal">QString<sp/><ref refid="vaultbackend_8cpp_1a36e65b8bde72bfc04f6b229e05142c0d" kindref="member">getDatabasePath</ref>()<sp/>{</highlight></codeline>
<codeline lineno="19"><highlight class="normal"><sp/><sp/><sp/><sp/>QString<sp/>path<sp/>=<sp/>QStandardPaths::writableLocation(QStandardPaths::AppDataLocation);</highlight></codeline>
<codeline lineno="20"><highlight class="normal"></highlight></codeline>
<codeline lineno="21"><highlight class="normal"><sp/><sp/><sp/><sp/>QDir<sp/>dir;</highlight></codeline>
<codeline lineno="22"><highlight class="normal"><sp/><sp/><sp/><sp/></highlight><highlight class="keywordflow">if</highlight><highlight class="normal"><sp/>(!dir.mkpath(path))<sp/>{</highlight></codeline>
<codeline lineno="23"><highlight class="normal"><sp/><sp/><sp/><sp/><sp/><sp/><sp/><sp/>qCritical()<sp/>&lt;&lt;<sp/></highlight><highlight class="stringliteral">&quot;CRITICAL:<sp/>Cannot<sp/>create<sp/>application<sp/>data<sp/>path:&quot;</highlight><highlight class="normal"><sp/>&lt;&lt;<sp/>path;</highlight></codeline>
<codeline lineno="24"><highlight class="normal"><sp/><sp/><sp/><sp/><sp/><sp/><sp/><sp/></highlight><highlight class="keywordflow">return</highlight><highlight class="normal"><sp/></highlight><highlight class="stringliteral">&quot;vault.dat&quot;</highlight><highlight class="normal">;</highlight></codeline>
<codeline lineno="25"><highlight class="normal"><sp/><sp/><sp/><sp/>}</highlight></codeline>
<codeline lineno="26"><highlight class="normal"></highlight></codeline>
<codeline lineno="27"><highlight class="normal"><sp/><sp/><sp/><sp/></highlight><highlight class="keywordflow">return</highlight><highlight class="normal"><sp/>path<sp/>+<sp/>QDir::separator()<sp/>+<sp/></highlight><highlight class="stringliteral">&quot;vault.dat&quot;</highlight><highlight class="normal">;</highlight></codeline>
<codeline lineno="28"><highlight class="normal">}</highlight></codeline>
<codeline lineno="29"><highlight class="normal"></highlight></codeline>
<codeline lineno="30" refid="vaultbackend_8cpp_1a98c022bb2fbafdfa9caf1a702ae742b6" refkind="member"><highlight class="normal">QByteArray<sp/><ref refid="vaultbackend_8cpp_1a98c022bb2fbafdfa9caf1a702ae742b6" kindref="member">get8RandomBytes</ref>()<sp/>{</highlight></codeline>
<codeline lineno="31"><highlight class="normal"><sp/><sp/><sp/><sp/>quint64<sp/>randomValue<sp/>=<sp/>QRandomGenerator::system()-&gt;generate64();</highlight></codeline>
<codeline lineno="32"><highlight class="normal"><sp/><sp/><sp/><sp/>QByteArray<sp/>array(8,<sp/>Qt::Uninitialized);</highlight></codeline>
<codeline lineno="33"><highlight class="normal"><sp/><sp/><sp/><sp/>memcpy(array.data(),<sp/>&amp;randomValue,<sp/>8);</highlight></codeline>
<codeline lineno="34"><highlight class="normal"><sp/><sp/><sp/><sp/></highlight><highlight class="keywordflow">return</highlight><highlight class="normal"><sp/>array;</highlight></codeline>
<codeline lineno="35"><highlight class="normal">}</highlight></codeline>
<codeline lineno="36"><highlight class="normal"></highlight></codeline>
<codeline lineno="37" refid="class_vault_backend_1a33180482ea5181d81d7e41d73b7cad9b" refkind="member"><highlight class="normal">QByteArray<sp/><ref refid="class_vault_backend_1a33180482ea5181d81d7e41d73b7cad9b" kindref="member">VaultBackend::generateSystemHash</ref>()</highlight><highlight class="keyword"><sp/>const<sp/></highlight><highlight class="normal">{</highlight></codeline>
<codeline lineno="38"><highlight class="normal"><sp/><sp/><sp/><sp/>QString<sp/>systemInfo<sp/>=<sp/>qEnvironmentVariable(</highlight><highlight class="stringliteral">&quot;USER&quot;</highlight><highlight class="normal">)<sp/>+<sp/>QSysInfo::machineHostName()<sp/>+<sp/>QSysInfo::kernelType();</highlight></codeline>
<codeline lineno="39"><highlight class="normal"><sp/><sp/><sp/><sp/></highlight><highlight class="keywordflow">return</highlight><highlight class="normal"><sp/>QCryptographicHash::hash(systemInfo.toUtf8(),<sp/>QCryptographicHash::Sha256);</highlight></codeline>
<codeline lineno="40"><highlight class="normal">}</highlight></codeline>
<codeline lineno="41"><highlight class="normal"></highlight></codeline>
<codeline lineno="42" refid="class_vault_backend_1af21b376d4c2e2fdcb048515430b32bcc" refkind="member"><highlight class="normal"></highlight><highlight class="keywordtype">bool</highlight><highlight class="normal"><sp/><ref refid="class_vault_backend_1af21b376d4c2e2fdcb048515430b32bcc" kindref="member">VaultBackend::checkIntegrity</ref>(</highlight><highlight class="keyword">const</highlight><highlight class="normal"><sp/>QByteArray<sp/>&amp;fileData,<sp/></highlight><highlight class="keyword">const</highlight><highlight class="normal"><sp/>QByteArray<sp/>&amp;key)</highlight><highlight class="keyword"><sp/>const<sp/></highlight><highlight class="normal">{</highlight></codeline>
<codeline lineno="43"><highlight class="normal"><sp/><sp/><sp/><sp/></highlight><highlight class="keywordflow">if</highlight><highlight class="normal"><sp/>(fileData.size()<sp/>&lt;<sp/>72)<sp/></highlight><highlight class="keywordflow">return</highlight><highlight class="normal"><sp/></highlight><highlight class="keyword">false</highlight><highlight class="normal">;</highlight></codeline>
<codeline lineno="44"><highlight class="normal"></highlight></codeline>
<codeline lineno="45"><highlight class="normal"><sp/><sp/><sp/><sp/>QByteArray<sp/>receivedHMAC<sp/>=<sp/>fileData.right(32);</highlight></codeline>
<codeline lineno="46"><highlight class="normal"><sp/><sp/><sp/><sp/>QByteArray<sp/>dataToCheck<sp/>=<sp/>fileData.left(fileData.size()<sp/>-<sp/>32);</highlight></codeline>
<codeline lineno="47"><highlight class="normal"><sp/><sp/><sp/><sp/>QByteArray<sp/>expectedHMAC<sp/>=<sp/>QCryptographicHash::hash(key<sp/>+<sp/>dataToCheck,<sp/>QCryptographicHash::Sha256);</highlight></codeline>
<codeline lineno="48"><highlight class="normal"></highlight></codeline>
<codeline lineno="49"><highlight class="normal"><sp/><sp/><sp/><sp/></highlight><highlight class="keywordflow">return</highlight><highlight class="normal"><sp/>expectedHMAC<sp/>==<sp/>receivedHMAC;</highlight></codeline>
<codeline lineno="50"><highlight class="normal">}</highlight></codeline>
<codeline lineno="51"><highlight class="normal"></highlight></codeline>
<codeline lineno="52" refid="class_vault_backend_1a7c813497ce377ce2a1f885a6a5bf5c71" refkind="member"><highlight class="normal"></highlight><highlight class="keywordtype">bool</highlight><highlight class="normal"><sp/><ref refid="class_vault_backend_1a7c813497ce377ce2a1f885a6a5bf5c71" kindref="member">VaultBackend::checkSystemBound</ref>()</highlight><highlight class="keyword"><sp/>const<sp/></highlight><highlight class="normal">{</highlight></codeline>
<codeline lineno="53"><highlight class="normal"><sp/><sp/><sp/><sp/></highlight><highlight class="keywordflow">return</highlight><highlight class="normal"><sp/><ref refid="class_vault_backend_1a01edb97754d3e7efb53e8b74e12ba431" kindref="member">m_systemIDHash</ref><sp/>==<sp/><ref refid="class_vault_backend_1a33180482ea5181d81d7e41d73b7cad9b" kindref="member">generateSystemHash</ref>();</highlight></codeline>
<codeline lineno="54"><highlight class="normal">}</highlight></codeline>
<codeline lineno="55"><highlight class="normal"></highlight></codeline>
<codeline lineno="56" refid="class_vault_backend_1a2ccb75599e0b7beaa86fba275d1a8494" refkind="member"><highlight class="normal"><ref refid="class_vault_backend_1a2ccb75599e0b7beaa86fba275d1a8494" kindref="member">VaultBackend::VaultBackend</ref>(QObject<sp/>*parent)<sp/>:<sp/>QObject(parent)<sp/>{</highlight></codeline>
<codeline lineno="57"><highlight class="normal"><sp/><sp/><sp/><sp/><ref refid="class_vault_backend_1a155a503fd34e7b36b506d38a5eab1719" kindref="member">loadNicknameWords</ref>();</highlight></codeline>
<codeline lineno="58"><highlight class="normal">}</highlight></codeline>
<codeline lineno="59"><highlight class="normal"></highlight></codeline>
<codeline lineno="60"><highlight class="normal"></highlight></codeline>
<codeline lineno="61" refid="class_vault_backend_1a61608f6a6d3e42d6d6cb1eb82a6e6a1a" refkind="member"><highlight class="normal">QByteArray<sp/><ref refid="class_vault_backend_1a61608f6a6d3e42d6d6cb1eb82a6e6a1a" kindref="member">VaultBackend::deriveKey</ref>(</highlight><highlight class="keyword">const</highlight><highlight class="normal"><sp/>QString<sp/>&amp;password,<sp/></highlight><highlight class="keyword">const</highlight><highlight class="normal"><sp/>QByteArray<sp/>&amp;salt)<sp/>{</highlight></codeline>
<codeline lineno="62"><highlight class="normal"><sp/><sp/><sp/><sp/>QByteArray<sp/>key<sp/>=<sp/>password.toUtf8();</highlight></codeline>
<codeline lineno="63"><highlight class="normal"><sp/><sp/><sp/><sp/></highlight><highlight class="keywordflow">for</highlight><highlight class="normal">(</highlight><highlight class="keywordtype">int</highlight><highlight class="normal"><sp/>i<sp/>=<sp/>0;<sp/>i<sp/>&lt;<sp/>10000;<sp/>++i)<sp/>{</highlight></codeline>
<codeline lineno="64"><highlight class="normal"><sp/><sp/><sp/><sp/><sp/><sp/><sp/><sp/>QByteArray<sp/>dataToHash<sp/>=<sp/>salt<sp/>+<sp/>key;</highlight></codeline>
<codeline lineno="65"><highlight class="normal"><sp/><sp/><sp/><sp/><sp/><sp/><sp/><sp/>key<sp/>=<sp/>QCryptographicHash::hash(dataToHash,<sp/>QCryptographicHash::Sha256);</highlight></codeline>
<codeline lineno="66"><highlight class="normal"><sp/><sp/><sp/><sp/>}</highlight></codeline>
<codeline lineno="67"><highlight class="normal"><sp/><sp/><sp/><sp/></highlight><highlight class="keywordflow">return</highlight><highlight class="normal"><sp/>key;</highlight></codeline>
<codeline lineno="68"><highlight class="normal">}</highlight></codeline>
<codeline lineno="69"><highlight class="normal"></highlight></codeline>
<codeline lineno="70" refid="class_vault_backend_1aa067cfeedf196fe45d29c157c292e2c1" refkind="member"><highlight class="normal">QByteArray<sp/><ref refid="class_vault_backend_1aa067cfeedf196fe45d29c157c292e2c1" kindref="member">VaultBackend::encryptData</ref>(</highlight><highlight class="keyword">const</highlight><highlight class="normal"><sp/>QByteArray<sp/>&amp;data,<sp/></highlight><highlight class="keyword">const</highlight><highlight class="normal"><sp/>QString<sp/>&amp;masterKey)<sp/>{</highlight></codeline>
<codeline lineno="71"><highlight class="normal"><sp/><sp/><sp/><sp/></highlight><highlight class="keywordflow">if</highlight><highlight class="normal"><sp/>(<ref refid="class_vault_backend_1a8af29e122d483436257465d7d9bd48fc" kindref="member">m_salt</ref>.isEmpty())<sp/><ref refid="class_vault_backend_1a8af29e122d483436257465d7d9bd48fc" kindref="member">m_salt</ref><sp/>=<sp/><ref refid="vaultbackend_8cpp_1a98c022bb2fbafdfa9caf1a702ae742b6" kindref="member">get8RandomBytes</ref>();</highlight></codeline>
<codeline lineno="72"><highlight class="normal"><sp/><sp/><sp/><sp/>QByteArray<sp/>iv<sp/>=<sp/><ref refid="vaultbackend_8cpp_1a98c022bb2fbafdfa9caf1a702ae742b6" kindref="member">get8RandomBytes</ref>();</highlight></codeline>
<codeline lineno="73"><highlight class="normal"><sp/><sp/><sp/><sp/>QByteArray<sp/>key<sp/>=<sp/><ref refid="class_vault_backend_1a61608f6a6d3e42d6d6cb1eb82a6e6a1a" kindref="member">deriveKey</ref>(masterKey,<sp/><ref refid="class_vault_backend_1a8af29e122d483436257465d7d9bd48fc" kindref="member">m_salt</ref>);</highlight></codeline>
<codeline lineno="74"><highlight class="normal"></highlight></codeline>
<codeline lineno="75"><highlight class="normal"><sp/><sp/><sp/><sp/>QByteArray<sp/>result;</highlight></codeline>
<codeline lineno="76"><highlight class="normal"><sp/><sp/><sp/><sp/>QByteArray<sp/>blockKey<sp/>=<sp/>key;</highlight></codeline>
<codeline lineno="77"><highlight class="normal"><sp/><sp/><sp/><sp/></highlight><highlight class="keywordflow">for</highlight><highlight class="normal"><sp/>(</highlight><highlight class="keywordtype">int</highlight><highlight class="normal"><sp/>i<sp/>=<sp/>0;<sp/>i<sp/>&lt;<sp/>data.size();<sp/>++i)<sp/>{</highlight></codeline>
<codeline lineno="78"><highlight class="normal"><sp/><sp/><sp/><sp/><sp/><sp/><sp/><sp/></highlight><highlight class="keywordflow">if</highlight><highlight class="normal"><sp/>(i<sp/>&gt;<sp/>0<sp/>&amp;&amp;<sp/>i<sp/>%<sp/>32<sp/>==<sp/>0)<sp/>blockKey<sp/>=<sp/>QCryptographicHash::hash(blockKey<sp/>+<sp/>iv,<sp/>QCryptographicHash::Sha256);</highlight></codeline>
<codeline lineno="79"><highlight class="normal"><sp/><sp/><sp/><sp/><sp/><sp/><sp/><sp/>result.append(data[i]<sp/>^<sp/>blockKey[i<sp/>%<sp/>32]);</highlight></codeline>
<codeline lineno="80"><highlight class="normal"><sp/><sp/><sp/><sp/>}</highlight></codeline>
<codeline lineno="81"><highlight class="normal"></highlight></codeline>
<codeline lineno="82"><highlight class="normal"><sp/><sp/><sp/><sp/>QByteArray<sp/>systemBoundHash<sp/>=<sp/><ref refid="class_vault_backend_1a33180482ea5181d81d7e41d73b7cad9b" kindref="member">generateSystemHash</ref>();</highlight></codeline>
<codeline lineno="83"><highlight class="normal"></highlight></codeline>
<codeline lineno="84"><highlight class="normal"><sp/><sp/><sp/><sp/>QByteArray<sp/>output;</highlight></codeline>
<codeline lineno="85"><highlight class="normal"><sp/><sp/><sp/><sp/>output.append(systemBoundHash);</highlight></codeline>
<codeline lineno="86"><highlight class="normal"><sp/><sp/><sp/><sp/>output.append(<ref refid="class_vault_backend_1a8af29e122d483436257465d7d9bd48fc" kindref="member">m_salt</ref>);</highlight></codeline>
<codeline lineno="87"><highlight class="normal"><sp/><sp/><sp/><sp/>output.append(iv);</highlight></codeline>
<codeline lineno="88"><highlight class="normal"><sp/><sp/><sp/><sp/>output.append(result);</highlight></codeline>
<codeline lineno="89"><highlight class="normal"></highlight></codeline>
<codeline lineno="90"><highlight class="normal"><sp/><sp/><sp/><sp/>QByteArray<sp/>hmac<sp/>=<sp/>QCryptographicHash::hash(key<sp/>+<sp/>output,<sp/>QCryptographicHash::Sha256);</highlight></codeline>
<codeline lineno="91"><highlight class="normal"><sp/><sp/><sp/><sp/>output.append(hmac);</highlight></codeline>
<codeline lineno="92"><highlight class="normal"></highlight></codeline>
<codeline lineno="93"><highlight class="normal"><sp/><sp/><sp/><sp/></highlight><highlight class="keywordflow">return</highlight><highlight class="normal"><sp/>output;</highlight></codeline>
<codeline lineno="94"><highlight class="normal">}</highlight></codeline>
<codeline lineno="95"><highlight class="normal"></highlight></codeline>
<codeline lineno="96" refid="class_vault_backend_1ae65ef07ae665dbd8004d50e3a4de82bb" refkind="member"><highlight class="normal">QByteArray<sp/><ref refid="class_vault_backend_1ae65ef07ae665dbd8004d50e3a4de82bb" kindref="member">VaultBackend::decryptData</ref>(</highlight><highlight class="keyword">const</highlight><highlight class="normal"><sp/>QByteArray<sp/>&amp;fileData,<sp/></highlight><highlight class="keyword">const</highlight><highlight class="normal"><sp/>QString<sp/>&amp;masterKey)<sp/>{</highlight></codeline>
<codeline lineno="97"><highlight class="normal"><sp/><sp/><sp/><sp/></highlight><highlight class="keywordflow">if</highlight><highlight class="normal"><sp/>(fileData.size()<sp/>&lt;<sp/>72)<sp/></highlight><highlight class="keywordflow">return</highlight><highlight class="normal"><sp/>QByteArray();</highlight></codeline>
<codeline lineno="98"><highlight class="normal"></highlight></codeline>
<codeline lineno="99"><highlight class="normal"><sp/><sp/><sp/><sp/>QByteArray<sp/>integrityKey<sp/>=<sp/><ref refid="class_vault_backend_1a61608f6a6d3e42d6d6cb1eb82a6e6a1a" kindref="member">deriveKey</ref>(masterKey,<sp/>fileData.mid(32,<sp/>8));</highlight></codeline>
<codeline lineno="100"><highlight class="normal"><sp/><sp/><sp/><sp/></highlight><highlight class="keywordflow">if</highlight><highlight class="normal"><sp/>(!<ref refid="class_vault_backend_1af21b376d4c2e2fdcb048515430b32bcc" kindref="member">checkIntegrity</ref>(fileData,<sp/>integrityKey))<sp/></highlight><highlight class="keywordflow">return</highlight><highlight class="normal"><sp/>QByteArray();</highlight></codeline>
<codeline lineno="101"><highlight class="normal"></highlight></codeline>
<codeline lineno="102"><highlight class="normal"><sp/><sp/><sp/><sp/>QByteArray<sp/>systemID<sp/>=<sp/>fileData.mid(0,<sp/>32);</highlight></codeline>
<codeline lineno="103"><highlight class="normal"><sp/><sp/><sp/><sp/></highlight><highlight class="keywordflow">if</highlight><highlight class="normal"><sp/>(systemID<sp/>!=<sp/><ref refid="class_vault_backend_1a33180482ea5181d81d7e41d73b7cad9b" kindref="member">generateSystemHash</ref>())<sp/></highlight><highlight class="keywordflow">return</highlight><highlight class="normal"><sp/>QByteArray();</highlight></codeline>
<codeline lineno="104"><highlight class="normal"></highlight></codeline>
<codeline lineno="105"><highlight class="normal"><sp/><sp/><sp/><sp/>QByteArray<sp/>salt<sp/>=<sp/>fileData.mid(32,<sp/>8);</highlight></codeline>
<codeline lineno="106"><highlight class="normal"><sp/><sp/><sp/><sp/>QByteArray<sp/>iv<sp/>=<sp/>fileData.mid(40,<sp/>8);</highlight></codeline>
<codeline lineno="107"><highlight class="normal"><sp/><sp/><sp/><sp/>QByteArray<sp/>encryptedContent<sp/>=<sp/>fileData.mid(48,<sp/>fileData.size()<sp/>-<sp/>48<sp/>-<sp/>32);</highlight></codeline>
<codeline lineno="108"><highlight class="normal"></highlight></codeline>
<codeline lineno="109"><highlight class="normal"><sp/><sp/><sp/><sp/>QByteArray<sp/>key<sp/>=<sp/><ref refid="class_vault_backend_1a61608f6a6d3e42d6d6cb1eb82a6e6a1a" kindref="member">deriveKey</ref>(masterKey,<sp/>salt);</highlight></codeline>
<codeline lineno="110"><highlight class="normal"><sp/><sp/><sp/><sp/>QByteArray<sp/>result;</highlight></codeline>
<codeline lineno="111"><highlight class="normal"><sp/><sp/><sp/><sp/>QByteArray<sp/>blockKey<sp/>=<sp/>key;</highlight></codeline>
<codeline lineno="112"><highlight class="normal"></highlight></codeline>
<codeline lineno="113"><highlight class="normal"><sp/><sp/><sp/><sp/></highlight><highlight class="keywordflow">for</highlight><highlight class="normal"><sp/>(</highlight><highlight class="keywordtype">int</highlight><highlight class="normal"><sp/>i<sp/>=<sp/>0;<sp/>i<sp/>&lt;<sp/>encryptedContent.size();<sp/>++i)<sp/>{</highlight></codeline>
<codeline lineno="114"><highlight class="normal"><sp/><sp/><sp/><sp/><sp/><sp/><sp/><sp/></highlight><highlight class="keywordflow">if</highlight><highlight class="normal"><sp/>(i<sp/>&gt;<sp/>0<sp/>&amp;&amp;<sp/>i<sp/>%<sp/>32<sp/>==<sp/>0)<sp/>blockKey<sp/>=<sp/>QCryptographicHash::hash(blockKey<sp/>+<sp/>iv,<sp/>QCryptographicHash::Sha256);</highlight></codeline>
<codeline lineno="115"><highlight class="normal"><sp/><sp/><sp/><sp/><sp/><sp/><sp/><sp/>result.append(encryptedContent[i]<sp/>^<sp/>blockKey[i<sp/>%<sp/>32]);</highlight></codeline>
<codeline lineno="116"><highlight class="normal"><sp/><sp/><sp/><sp/>}</highlight></codeline>
<codeline lineno="117"><highlight class="normal"></highlight></codeline>
<codeline lineno="118"><highlight class="normal"><sp/><sp/><sp/><sp/><ref refid="class_vault_backend_1a8af29e122d483436257465d7d9bd48fc" kindref="member">m_salt</ref><sp/>=<sp/>salt;</highlight></codeline>
<codeline lineno="119"><highlight class="normal"><sp/><sp/><sp/><sp/><ref refid="class_vault_backend_1a01edb97754d3e7efb53e8b74e12ba431" kindref="member">m_systemIDHash</ref><sp/>=<sp/>systemID;</highlight></codeline>
<codeline lineno="120"><highlight class="normal"><sp/><sp/><sp/><sp/></highlight><highlight class="keywordflow">return</highlight><highlight class="normal"><sp/>result;</highlight></codeline>
<codeline lineno="121"><highlight class="normal">}</highlight></codeline>
<codeline lineno="122"><highlight class="normal"></highlight></codeline>
<codeline lineno="123" refid="class_vault_backend_1a155a503fd34e7b36b506d38a5eab1719" refkind="member"><highlight class="normal"></highlight><highlight class="keywordtype">void</highlight><highlight class="normal"><sp/><ref refid="class_vault_backend_1a155a503fd34e7b36b506d38a5eab1719" kindref="member">VaultBackend::loadNicknameWords</ref>(</highlight><highlight class="keyword">const</highlight><highlight class="normal"><sp/>QString<sp/>&amp;filePath)<sp/>{</highlight></codeline>
<codeline lineno="124"><highlight class="normal"><sp/><sp/><sp/><sp/>QFile<sp/>file(</highlight><highlight class="stringliteral">&quot;:/data/theme_data.txt&quot;</highlight><highlight class="normal">);</highlight></codeline>
<codeline lineno="125"><highlight class="normal"></highlight></codeline>
<codeline lineno="126"><highlight class="normal"><sp/><sp/><sp/><sp/></highlight><highlight class="keywordflow">if</highlight><highlight class="normal"><sp/>(!file.open(QIODevice::ReadOnly<sp/>|<sp/>QIODevice::Text))<sp/>{</highlight></codeline>
<codeline lineno="127"><highlight class="normal"><sp/><sp/><sp/><sp/><sp/><sp/><sp/><sp/><ref refid="class_vault_backend_1a55eae9caf2f7a1f343ead88467c5762a" kindref="member">m_themeWords</ref>.insert(</highlight><highlight class="stringliteral">&quot;default&quot;</highlight><highlight class="normal">,<sp/>QStringList()<sp/>&lt;&lt;<sp/></highlight><highlight class="stringliteral">&quot;Crypto&quot;</highlight><highlight class="normal"><sp/>&lt;&lt;<sp/></highlight><highlight class="stringliteral">&quot;Wizard&quot;</highlight><highlight class="normal"><sp/>&lt;&lt;<sp/></highlight><highlight class="stringliteral">&quot;Cyber&quot;</highlight><highlight class="normal"><sp/>&lt;&lt;<sp/></highlight><highlight class="stringliteral">&quot;Root&quot;</highlight><highlight class="normal"><sp/>&lt;&lt;<sp/></highlight><highlight class="stringliteral">&quot;Matrix&quot;</highlight><highlight class="normal">);</highlight></codeline>
<codeline lineno="128"><highlight class="normal"><sp/><sp/><sp/><sp/><sp/><sp/><sp/><sp/>qWarning()<sp/>&lt;&lt;<sp/></highlight><highlight class="stringliteral">&quot;Theme<sp/>data<sp/>resource<sp/>not<sp/>found<sp/>(:/data/theme_data.txt).<sp/>Using<sp/>default<sp/>list.&quot;</highlight><highlight class="normal">;</highlight></codeline>
<codeline lineno="129"><highlight class="normal"><sp/><sp/><sp/><sp/><sp/><sp/><sp/><sp/></highlight><highlight class="keywordflow">return</highlight><highlight class="normal">;</highlight></codeline>
<codeline lineno="130"><highlight class="normal"><sp/><sp/><sp/><sp/>}</highlight></codeline>
<codeline lineno="131"><highlight class="normal"></highlight></codeline>
<codeline lineno="132"><highlight class="normal"><sp/><sp/><sp/><sp/>QTextStream<sp/>in(&amp;file);</highlight></codeline>
<codeline lineno="133"><highlight class="normal"><sp/><sp/><sp/><sp/>QString<sp/>currentTheme<sp/>=<sp/></highlight><highlight class="stringliteral">&quot;default&quot;</highlight><highlight class="normal">;</highlight></codeline>
<codeline lineno="134"><highlight class="normal"><sp/><sp/><sp/><sp/><ref refid="class_vault_backend_1a55eae9caf2f7a1f343ead88467c5762a" kindref="member">m_themeWords</ref>.insert(currentTheme,<sp/>QStringList());</highlight></codeline>
<codeline lineno="135"><highlight class="normal"></highlight></codeline>
<codeline lineno="136"><highlight class="normal"><sp/><sp/><sp/><sp/></highlight><highlight class="keywordflow">while</highlight><highlight class="normal"><sp/>(!in.atEnd())<sp/>{</highlight></codeline>
<codeline lineno="137"><highlight class="normal"><sp/><sp/><sp/><sp/><sp/><sp/><sp/><sp/>QString<sp/>line<sp/>=<sp/>in.readLine().trimmed();</highlight></codeline>
<codeline lineno="138"><highlight class="normal"><sp/><sp/><sp/><sp/><sp/><sp/><sp/><sp/></highlight><highlight class="keywordflow">if</highlight><highlight class="normal"><sp/>(line.isEmpty())<sp/></highlight><highlight class="keywordflow">continue</highlight><highlight class="normal">;</highlight></codeline>
<codeline lineno="139"><highlight class="normal"></highlight></codeline>
<codeline lineno="140"><highlight class="normal"><sp/><sp/><sp/><sp/><sp/><sp/><sp/><sp/></highlight><highlight class="keywordflow">if</highlight><highlight class="normal"><sp/>(line.startsWith(</highlight><highlight class="stringliteral">&quot;[Theme:&quot;</highlight><highlight class="normal">)<sp/>&amp;&amp;<sp/>line.endsWith(</highlight><highlight class="stringliteral">&quot;]&quot;</highlight><highlight class="normal">))<sp/>{</highlight></codeline>
<codeline lineno="141"><highlight class="normal"><sp/><sp/><sp/><sp/><sp/><sp/><sp/><sp/><sp/><sp/><sp/><sp/>currentTheme<sp/>=<sp/>line.mid(7,<sp/>line.length()<sp/>-<sp/>8).trimmed();</highlight></codeline>
<codeline lineno="142"><highlight class="normal"><sp/><sp/><sp/><sp/><sp/><sp/><sp/><sp/><sp/><sp/><sp/><sp/><ref refid="class_vault_backend_1a55eae9caf2f7a1f343ead88467c5762a" kindref="member">m_themeWords</ref>.insert(currentTheme,<sp/>QStringList());</highlight></codeline>
<codeline lineno="143"><highlight class="normal"><sp/><sp/><sp/><sp/><sp/><sp/><sp/><sp/>}<sp/></highlight><highlight class="keywordflow">else</highlight><highlight class="normal"><sp/>{</highlight></codeline>
<codeline lineno="144"><highlight class="normal"><sp/><sp/><sp/><sp/><sp/><sp/><sp/><sp/><sp/><sp/><sp/><sp/><ref refid="class_vault_backend_1a55eae9caf2f7a1f343ead88467c5762a" kindref="member">m_themeWords</ref>[currentTheme].append(line);</highlight></codeline>
<codeline lineno="145"><highlight class="normal"><sp/><sp/><sp/><sp/><sp/><sp/><sp/><sp/>}</highlight></codeline>
<codeline lineno="146"><highlight class="normal"><sp/><sp/><sp/><sp/>}</highlight></codeline>
<codeline lineno="147"><highlight class="normal"><sp/><sp/><sp/><sp/>file.close();</highlight></codeline>
<codeline lineno="148"><highlight class="normal"><sp/><sp/><sp/><sp/>qDebug()<sp/>&lt;&lt;<sp/></highlight><highlight class="stringliteral">&quot;Loaded&quot;</highlight><highlight class="normal"><sp/>&lt;&lt;<sp/><ref refid="class_vault_backend_1a55eae9caf2f7a1f343ead88467c5762a" kindref="member">m_themeWords</ref>.keys().size()<sp/>&lt;&lt;<sp/></highlight><highlight class="stringliteral">&quot;themes.&quot;</highlight><highlight class="normal">;</highlight></codeline>
<codeline lineno="149"><highlight class="normal">}</highlight></codeline>
<codeline lineno="150"><highlight class="normal"></highlight></codeline>
<codeline lineno="151" refid="class_vault_backend_1ad222fc32424594b516b7b3c160626fea" refkind="member"><highlight class="normal">QStringList<sp/><ref refid="class_vault_backend_1ad222fc32424594b516b7b3c160626fea" kindref="member">VaultBackend::getAvailableThemes</ref>()</highlight><highlight class="keyword"><sp/>const<sp/></highlight><highlight class="normal">{</highlight></codeline>
<codeline lineno="152"><highlight class="normal"><sp/><sp/><sp/><sp/></highlight><highlight class="keywordflow">return</highlight><highlight class="normal"><sp/><ref refid="class_vault_backend_1a55eae9caf2f7a1f343ead88467c5762a" kindref="member">m_themeWords</ref>.keys();</highlight></codeline>
<codeline lineno="153"><highlight class="normal">}</highlight></codeline>
<codeline lineno="154"><highlight class="normal"></highlight></codeline>
<codeline lineno="155" refid="class_vault_backend_1a616756f8346a4287afbacd79bcfd4ff6" refkind="member"><highlight class="normal">QString<sp/><ref refid="class_vault_backend_1a616756f8346a4287afbacd79bcfd4ff6" kindref="member">VaultBackend::generateNickname</ref>(</highlight><highlight class="keywordtype">int</highlight><highlight class="normal"><sp/>maxLength,<sp/></highlight><highlight class="keywordtype">bool</highlight><highlight class="normal"><sp/>useMushup,<sp/></highlight><highlight class="keywordtype">bool</highlight><highlight class="normal"><sp/>useInjection)<sp/>{</highlight></codeline>
<codeline lineno="156"><highlight class="normal"><sp/><sp/><sp/><sp/></highlight><highlight class="keywordflow">if</highlight><highlight class="normal"><sp/>(<ref refid="class_vault_backend_1a55eae9caf2f7a1f343ead88467c5762a" kindref="member">m_themeWords</ref>.isEmpty()<sp/>||<sp/><ref refid="class_vault_backend_1a55eae9caf2f7a1f343ead88467c5762a" kindref="member">m_themeWords</ref>.keys().isEmpty())<sp/>{</highlight></codeline>
<codeline lineno="157"><highlight class="normal"><sp/><sp/><sp/><sp/><sp/><sp/><sp/><sp/></highlight><highlight class="keywordflow">return</highlight><highlight class="normal"><sp/></highlight><highlight class="stringliteral">&quot;ERROR_NO_THEMES&quot;</highlight><highlight class="normal">;</highlight></codeline>
<codeline lineno="158"><highlight class="normal"><sp/><sp/><sp/><sp/>}</highlight></codeline>
<codeline lineno="159"><highlight class="normal"></highlight></codeline>
<codeline lineno="160"><highlight class="normal"><sp/><sp/><sp/><sp/>QStringList<sp/>allThemes<sp/>=<sp/><ref refid="class_vault_backend_1a55eae9caf2f7a1f343ead88467c5762a" kindref="member">m_themeWords</ref>.keys();</highlight></codeline>
<codeline lineno="161"><highlight class="normal"><sp/><sp/><sp/><sp/>QString<sp/>theme1<sp/>=<sp/>allThemes.at(QRandomGenerator::system()-&gt;bounded(allThemes.size()));</highlight></codeline>
<codeline lineno="162"><highlight class="normal"><sp/><sp/><sp/><sp/>QString<sp/>theme2<sp/>=<sp/>allThemes.at(QRandomGenerator::system()-&gt;bounded(allThemes.size()));</highlight></codeline>
<codeline lineno="163"><highlight class="normal"></highlight></codeline>
<codeline lineno="164"><highlight class="normal"><sp/><sp/><sp/><sp/>QStringList<sp/>words1<sp/>=<sp/><ref refid="class_vault_backend_1a55eae9caf2f7a1f343ead88467c5762a" kindref="member">m_themeWords</ref>.value(theme1);</highlight></codeline>
<codeline lineno="165"><highlight class="normal"><sp/><sp/><sp/><sp/>QStringList<sp/>words2<sp/>=<sp/><ref refid="class_vault_backend_1a55eae9caf2f7a1f343ead88467c5762a" kindref="member">m_themeWords</ref>.value(theme2);</highlight></codeline>
<codeline lineno="166"><highlight class="normal"></highlight></codeline>
<codeline lineno="167"><highlight class="normal"><sp/><sp/><sp/><sp/>QString<sp/>baseNickname<sp/>=<sp/></highlight><highlight class="stringliteral">&quot;&quot;</highlight><highlight class="normal">;</highlight></codeline>
<codeline lineno="168"><highlight class="normal"></highlight></codeline>
<codeline lineno="169"><highlight class="normal"><sp/><sp/><sp/><sp/></highlight><highlight class="keywordflow">if</highlight><highlight class="normal"><sp/>(useMushup<sp/>&amp;&amp;<sp/>words1.size()<sp/>&gt;<sp/>0<sp/>&amp;&amp;<sp/>words2.size()<sp/>&gt;<sp/>0)<sp/>{</highlight></codeline>
<codeline lineno="170"><highlight class="normal"><sp/><sp/><sp/><sp/><sp/><sp/><sp/><sp/>QString<sp/>word1<sp/>=<sp/>words1.at(QRandomGenerator::system()-&gt;bounded(words1.size()));</highlight></codeline>
<codeline lineno="171"><highlight class="normal"><sp/><sp/><sp/><sp/><sp/><sp/><sp/><sp/>QString<sp/>word2<sp/>=<sp/>words2.at(QRandomGenerator::system()-&gt;bounded(words2.size()));</highlight></codeline>
<codeline lineno="172"><highlight class="normal"></highlight></codeline>
<codeline lineno="173"><highlight class="normal"><sp/><sp/><sp/><sp/><sp/><sp/><sp/><sp/></highlight><highlight class="keywordtype">int</highlight><highlight class="normal"><sp/>split1<sp/>=<sp/>QRandomGenerator::system()-&gt;bounded(word1.length()<sp/>&gt;<sp/>1<sp/>?<sp/>word1.length()<sp/>:<sp/>1);</highlight></codeline>
<codeline lineno="174"><highlight class="normal"></highlight></codeline>
<codeline lineno="175"><highlight class="normal"><sp/><sp/><sp/><sp/><sp/><sp/><sp/><sp/>baseNickname<sp/>=<sp/>word1.left(split1)<sp/>+<sp/>word2.right(word2.length()<sp/>-<sp/>split1);</highlight></codeline>
<codeline lineno="176"><highlight class="normal"><sp/><sp/><sp/><sp/><sp/><sp/><sp/><sp/>baseNickname<sp/>=<sp/>baseNickname.toLower();</highlight></codeline>
<codeline lineno="177"><highlight class="normal"></highlight></codeline>
<codeline lineno="178"><highlight class="normal"><sp/><sp/><sp/><sp/>}<sp/></highlight><highlight class="keywordflow">else</highlight><highlight class="normal"><sp/></highlight><highlight class="keywordflow">if</highlight><highlight class="normal"><sp/>(words1.size()<sp/>&gt;<sp/>0)<sp/>{</highlight></codeline>
<codeline lineno="179"><highlight class="normal"><sp/><sp/><sp/><sp/><sp/><sp/><sp/><sp/>baseNickname<sp/>=<sp/>words1.at(QRandomGenerator::system()-&gt;bounded(words1.size()));</highlight></codeline>
<codeline lineno="180"><highlight class="normal"><sp/><sp/><sp/><sp/><sp/><sp/><sp/><sp/>baseNickname<sp/>=<sp/>baseNickname.toLower();</highlight></codeline>
<codeline lineno="181"><highlight class="normal"><sp/><sp/><sp/><sp/>}<sp/></highlight><highlight class="keywordflow">else</highlight><highlight class="normal"><sp/>{</highlight></codeline>
<codeline lineno="182"><highlight class="normal"><sp/><sp/><sp/><sp/><sp/><sp/><sp/><sp/></highlight><highlight class="keywordflow">return</highlight><highlight class="normal"><sp/></highlight><highlight class="stringliteral">&quot;nick_error&quot;</highlight><highlight class="normal">;</highlight></codeline>
<codeline lineno="183"><highlight class="normal"><sp/><sp/><sp/><sp/>}</highlight></codeline>
<codeline lineno="184"><highlight class="normal"></highlight></codeline>
<codeline lineno="185"><highlight class="normal"><sp/><sp/><sp/><sp/>QString<sp/>finalNickname<sp/>=<sp/>baseNickname;</highlight></codeline>
<codeline lineno="186"><highlight class="normal"></highlight></codeline>
<codeline lineno="187"><highlight class="normal"><sp/><sp/><sp/><sp/></highlight><highlight class="keywordflow">if</highlight><highlight class="normal"><sp/>(useInjection)<sp/>{</highlight></codeline>
<codeline lineno="188"><highlight class="normal"><sp/><sp/><sp/><sp/><sp/><sp/><sp/><sp/></highlight><highlight class="keyword">const</highlight><highlight class="normal"><sp/>QString<sp/>symbols<sp/>=<sp/></highlight><highlight class="stringliteral">&quot;!@#$%^&amp;&quot;</highlight><highlight class="normal">;</highlight></codeline>
<codeline lineno="189"><highlight class="normal"><sp/><sp/><sp/><sp/><sp/><sp/><sp/><sp/></highlight><highlight class="keywordtype">int</highlight><highlight class="normal"><sp/>numSymbols<sp/>=<sp/>QRandomGenerator::system()-&gt;bounded(1,<sp/>4);</highlight></codeline>
<codeline lineno="190"><highlight class="normal"></highlight></codeline>
<codeline lineno="191"><highlight class="normal"><sp/><sp/><sp/><sp/><sp/><sp/><sp/><sp/></highlight><highlight class="keywordflow">for</highlight><highlight class="normal"><sp/>(</highlight><highlight class="keywordtype">int</highlight><highlight class="normal"><sp/>i<sp/>=<sp/>0;<sp/>i<sp/>&lt;<sp/>numSymbols;<sp/>++i)<sp/>{</highlight></codeline>
<codeline lineno="192"><highlight class="normal"><sp/><sp/><sp/><sp/><sp/><sp/><sp/><sp/><sp/><sp/><sp/><sp/></highlight><highlight class="keywordtype">int</highlight><highlight class="normal"><sp/>pos<sp/>=<sp/>QRandomGenerator::system()-&gt;bounded(finalNickname.length()<sp/>+<sp/>1);</highlight></codeline>
<codeline lineno="193"><highlight class="normal"><sp/><sp/><sp/><sp/><sp/><sp/><sp/><sp/><sp/><sp/><sp/><sp/>finalNickname.insert(pos,<sp/>symbols.at(QRandomGenerator::system()-&gt;bounded(symbols.length())));</highlight></codeline>
<codeline lineno="194"><highlight class="normal"><sp/><sp/><sp/><sp/><sp/><sp/><sp/><sp/>}</highlight></codeline>
<codeline lineno="195"><highlight class="normal"></highlight></codeline>
<codeline lineno="196"><highlight class="normal"><sp/><sp/><sp/><sp/><sp/><sp/><sp/><sp/>finalNickname<sp/>+=<sp/>QString::number(QRandomGenerator::system()-&gt;bounded(100,<sp/>999));</highlight></codeline>
<codeline lineno="197"><highlight class="normal"><sp/><sp/><sp/><sp/>}</highlight></codeline>
<codeline lineno="198"><highlight class="normal"></highlight></codeline>
<codeline lineno="199"><highlight class="normal"><sp/><sp/><sp/><sp/>finalNickname.replace(</highlight><highlight class="charliteral">&apos;<sp/>&apos;</highlight><highlight class="normal">,<sp/></highlight><highlight class="charliteral">&apos;_&apos;</highlight><highlight class="normal">);</highlight></codeline>
<codeline lineno="200"><highlight class="normal"></highlight></codeline>
<codeline lineno="201"><highlight class="normal"><sp/><sp/><sp/><sp/></highlight><highlight class="keywordflow">if</highlight><highlight class="normal"><sp/>(finalNickname.length()<sp/>&gt;<sp/>maxLength)<sp/>{</highlight></codeline>
<codeline lineno="202"><highlight class="normal"><sp/><sp/><sp/><sp/><sp/><sp/><sp/><sp/>finalNickname<sp/>=<sp/>finalNickname.left(maxLength);</highlight></codeline>
<codeline lineno="203"><highlight class="normal"><sp/><sp/><sp/><sp/>}</highlight></codeline>
<codeline lineno="204"><highlight class="normal"></highlight></codeline>
<codeline lineno="205"><highlight class="normal"><sp/><sp/><sp/><sp/></highlight><highlight class="keywordflow">return</highlight><highlight class="normal"><sp/>finalNickname;</highlight></codeline>
<codeline lineno="206"><highlight class="normal">}</highlight></codeline>
<codeline lineno="207"><highlight class="normal"></highlight></codeline>
<codeline lineno="208"><highlight class="normal"></highlight></codeline>
<codeline lineno="209" refid="class_vault_backend_1ae7dc19633bc16ec2dbe7561b26af31db" refkind="member"><highlight class="normal"></highlight><highlight class="keywordtype">int</highlight><highlight class="normal"><sp/><ref refid="class_vault_backend_1ae7dc19633bc16ec2dbe7561b26af31db" kindref="member">VaultBackend::calculatePasswordStrength</ref>(</highlight><highlight class="keyword">const</highlight><highlight class="normal"><sp/>QString<sp/>&amp;password)<sp/>{</highlight></codeline>
<codeline lineno="210"><highlight class="normal"><sp/><sp/><sp/><sp/></highlight><highlight class="keywordflow">if</highlight><highlight class="normal"><sp/>(password.isEmpty())<sp/></highlight><highlight class="keywordflow">return</highlight><highlight class="normal"><sp/>0;</highlight></codeline>
<codeline lineno="211"><highlight class="normal"></highlight></codeline>
<codeline lineno="212"><highlight class="normal"><sp/><sp/><sp/><sp/></highlight><highlight class="keywordtype">bool</highlight><highlight class="normal"><sp/>hasUpper<sp/>=<sp/></highlight><highlight class="keyword">false</highlight><highlight class="normal">,<sp/>hasLower<sp/>=<sp/></highlight><highlight class="keyword">false</highlight><highlight class="normal">,<sp/>hasDigit<sp/>=<sp/></highlight><highlight class="keyword">false</highlight><highlight class="normal">,<sp/>hasSymbol<sp/>=<sp/></highlight><highlight class="keyword">false</highlight><highlight class="normal">;</highlight></codeline>
<codeline lineno="213"><highlight class="normal"><sp/><sp/><sp/><sp/></highlight><highlight class="keywordflow">for</highlight><highlight class="normal"><sp/>(QChar<sp/>c<sp/>:<sp/>password)<sp/>{</highlight></codeline>
<codeline lineno="214"><highlight class="normal"><sp/><sp/><sp/><sp/><sp/><sp/><sp/><sp/></highlight><highlight class="keywordflow">if</highlight><highlight class="normal"><sp/>(c.isUpper())<sp/>hasUpper<sp/>=<sp/></highlight><highlight class="keyword">true</highlight><highlight class="normal">;</highlight></codeline>
<codeline lineno="215"><highlight class="normal"><sp/><sp/><sp/><sp/><sp/><sp/><sp/><sp/></highlight><highlight class="keywordflow">else</highlight><highlight class="normal"><sp/></highlight><highlight class="keywordflow">if</highlight><highlight class="normal"><sp/>(c.isLower())<sp/>hasLower<sp/>=<sp/></highlight><highlight class="keyword">true</highlight><highlight class="normal">;</highlight></codeline>
<codeline lineno="216"><highlight class="normal"><sp/><sp/><sp/><sp/><sp/><sp/><sp/><sp/></highlight><highlight class="keywordflow">else</highlight><highlight class="normal"><sp/></highlight><highlight class="keywordflow">if</highlight><highlight class="normal"><sp/>(c.isDigit())<sp/>hasDigit<sp/>=<sp/></highlight><highlight class="keyword">true</highlight><highlight class="normal">;</highlight></codeline>
<codeline lineno="217"><highlight class="normal"><sp/><sp/><sp/><sp/><sp/><sp/><sp/><sp/></highlight><highlight class="keywordflow">else</highlight><highlight class="normal"><sp/>hasSymbol<sp/>=<sp/></highlight><highlight class="keyword">true</highlight><highlight class="normal">;</highlight></codeline>
<codeline lineno="218"><highlight class="normal"><sp/><sp/><sp/><sp/>}</highlight></codeline>
<codeline lineno="219"><highlight class="normal"></highlight></codeline>
<codeline lineno="220"><highlight class="normal"><sp/><sp/><sp/><sp/></highlight><highlight class="keywordtype">int</highlight><highlight class="normal"><sp/>poolSize<sp/>=<sp/>0;</highlight></codeline>
<codeline lineno="221"><highlight class="normal"><sp/><sp/><sp/><sp/></highlight><highlight class="keywordflow">if</highlight><highlight class="normal"><sp/>(hasLower)<sp/>poolSize<sp/>+=<sp/>26;</highlight></codeline>
<codeline lineno="222"><highlight class="normal"><sp/><sp/><sp/><sp/></highlight><highlight class="keywordflow">if</highlight><highlight class="normal"><sp/>(hasUpper)<sp/>poolSize<sp/>+=<sp/>26;</highlight></codeline>
<codeline lineno="223"><highlight class="normal"><sp/><sp/><sp/><sp/></highlight><highlight class="keywordflow">if</highlight><highlight class="normal"><sp/>(hasDigit)<sp/>poolSize<sp/>+=<sp/>10;</highlight></codeline>
<codeline lineno="224"><highlight class="normal"><sp/><sp/><sp/><sp/></highlight><highlight class="keywordflow">if</highlight><highlight class="normal"><sp/>(hasSymbol)<sp/>poolSize<sp/>+=<sp/>32;</highlight></codeline>
<codeline lineno="225"><highlight class="normal"></highlight></codeline>
<codeline lineno="226"><highlight class="normal"><sp/><sp/><sp/><sp/></highlight><highlight class="comment">//<sp/>Ентропія<sp/>E<sp/>=<sp/>L<sp/>*<sp/>log2(R)</highlight><highlight class="normal"></highlight></codeline>
<codeline lineno="227"><highlight class="normal"><sp/><sp/><sp/><sp/></highlight><highlight class="keywordtype">double</highlight><highlight class="normal"><sp/>entropy<sp/>=<sp/>password.length()<sp/>*<sp/>std::log2(poolSize<sp/>&gt;<sp/>0<sp/>?<sp/>poolSize<sp/>:<sp/>1);</highlight></codeline>
<codeline lineno="228"><highlight class="normal"></highlight></codeline>
<codeline lineno="229"><highlight class="normal"><sp/><sp/><sp/><sp/></highlight><highlight class="keywordtype">int</highlight><highlight class="normal"><sp/>score<sp/>=<sp/>(int)entropy;</highlight></codeline>
<codeline lineno="230"><highlight class="normal"><sp/><sp/><sp/><sp/></highlight><highlight class="keywordflow">if</highlight><highlight class="normal"><sp/>(score<sp/>&gt;<sp/>100)<sp/>score<sp/>=<sp/>100;</highlight></codeline>
<codeline lineno="231"><highlight class="normal"><sp/><sp/><sp/><sp/></highlight><highlight class="keywordflow">return</highlight><highlight class="normal"><sp/>score;</highlight></codeline>
<codeline lineno="232"><highlight class="normal">}</highlight></codeline>
<codeline lineno="233"><highlight class="normal"></highlight></codeline>
<codeline lineno="234"><highlight class="normal"></highlight></codeline>
<codeline lineno="235" refid="class_vault_backend_1a9ce1dbdc58ed267bf679842e916c4ba7" refkind="member"><highlight class="normal">QString<sp/><ref refid="class_vault_backend_1a9ce1dbdc58ed267bf679842e916c4ba7" kindref="member">VaultBackend::generateSecureString</ref>(</highlight><highlight class="keywordtype">int</highlight><highlight class="normal"><sp/>length,<sp/></highlight><highlight class="keywordtype">bool</highlight><highlight class="normal"><sp/>useUpper,<sp/></highlight><highlight class="keywordtype">bool</highlight><highlight class="normal"><sp/>useLower,<sp/></highlight><highlight class="keywordtype">bool</highlight><highlight class="normal"><sp/>useDigits,<sp/></highlight><highlight class="keywordtype">bool</highlight><highlight class="normal"><sp/>useSymbols)<sp/>{</highlight></codeline>
<codeline lineno="236"><highlight class="normal"><sp/><sp/><sp/><sp/></highlight><highlight class="keyword">const</highlight><highlight class="normal"><sp/>QString<sp/>upper<sp/>=<sp/></highlight><highlight class="stringliteral">&quot;ABCDEFGHIJKLMNOPQRSTUVWXYZ&quot;</highlight><highlight class="normal">;</highlight></codeline>
<codeline lineno="237"><highlight class="normal"><sp/><sp/><sp/><sp/></highlight><highlight class="keyword">const</highlight><highlight class="normal"><sp/>QString<sp/>lower<sp/>=<sp/></highlight><highlight class="stringliteral">&quot;abcdefghijklmnopqrstuvwxyz&quot;</highlight><highlight class="normal">;</highlight></codeline>
<codeline lineno="238"><highlight class="normal"><sp/><sp/><sp/><sp/></highlight><highlight class="keyword">const</highlight><highlight class="normal"><sp/>QString<sp/>digits<sp/>=<sp/></highlight><highlight class="stringliteral">&quot;0123456789&quot;</highlight><highlight class="normal">;</highlight></codeline>
<codeline lineno="239"><highlight class="normal"><sp/><sp/><sp/><sp/></highlight><highlight class="keyword">const</highlight><highlight class="normal"><sp/>QString<sp/>symbols<sp/>=<sp/></highlight><highlight class="stringliteral">&quot;!@#$%^&amp;*()-_=+[]{}&lt;&gt;?&quot;</highlight><highlight class="normal">;</highlight></codeline>
<codeline lineno="240"><highlight class="normal"></highlight></codeline>
<codeline lineno="241"><highlight class="normal"><sp/><sp/><sp/><sp/>QString<sp/>charSet;</highlight></codeline>
<codeline lineno="242"><highlight class="normal"><sp/><sp/><sp/><sp/></highlight><highlight class="keywordflow">if</highlight><highlight class="normal"><sp/>(useUpper)<sp/>charSet<sp/>+=<sp/>upper;</highlight></codeline>
<codeline lineno="243"><highlight class="normal"><sp/><sp/><sp/><sp/></highlight><highlight class="keywordflow">if</highlight><highlight class="normal"><sp/>(useLower)<sp/>charSet<sp/>+=<sp/>lower;</highlight></codeline>
<codeline lineno="244"><highlight class="normal"><sp/><sp/><sp/><sp/></highlight><highlight class="keywordflow">if</highlight><highlight class="normal"><sp/>(useDigits)<sp/>charSet<sp/>+=<sp/>digits;</highlight></codeline>
<codeline lineno="245"><highlight class="normal"><sp/><sp/><sp/><sp/></highlight><highlight class="keywordflow">if</highlight><highlight class="normal"><sp/>(useSymbols)<sp/>charSet<sp/>+=<sp/>symbols;</highlight></codeline>
<codeline lineno="246"><highlight class="normal"></highlight></codeline>
<codeline lineno="247"><highlight class="normal"><sp/><sp/><sp/><sp/></highlight><highlight class="keywordflow">if</highlight><highlight class="normal"><sp/>(charSet.isEmpty()<sp/>||<sp/>length<sp/>&lt;=<sp/>0)<sp/></highlight><highlight class="keywordflow">return</highlight><highlight class="normal"><sp/></highlight><highlight class="stringliteral">&quot;&quot;</highlight><highlight class="normal">;</highlight></codeline>
<codeline lineno="248"><highlight class="normal"></highlight></codeline>
<codeline lineno="249"><highlight class="normal"><sp/><sp/><sp/><sp/>QString<sp/>result;</highlight></codeline>
<codeline lineno="250"><highlight class="normal"><sp/><sp/><sp/><sp/>QRandomGenerator<sp/>*rng<sp/>=<sp/>QRandomGenerator::system();</highlight></codeline>
<codeline lineno="251"><highlight class="normal"></highlight></codeline>
<codeline lineno="252"><highlight class="normal"><sp/><sp/><sp/><sp/></highlight><highlight class="keywordflow">for</highlight><highlight class="normal"><sp/>(</highlight><highlight class="keywordtype">int</highlight><highlight class="normal"><sp/>i<sp/>=<sp/>0;<sp/>i<sp/>&lt;<sp/>length;<sp/>++i)<sp/>{</highlight></codeline>
<codeline lineno="253"><highlight class="normal"><sp/><sp/><sp/><sp/><sp/><sp/><sp/><sp/>quint32<sp/>index<sp/>=<sp/>rng-&gt;bounded((quint32)charSet.length());</highlight></codeline>
<codeline lineno="254"><highlight class="normal"><sp/><sp/><sp/><sp/><sp/><sp/><sp/><sp/>result.append(charSet.at(index));</highlight></codeline>
<codeline lineno="255"><highlight class="normal"><sp/><sp/><sp/><sp/>}</highlight></codeline>
<codeline lineno="256"><highlight class="normal"><sp/><sp/><sp/><sp/></highlight><highlight class="keywordflow">return</highlight><highlight class="normal"><sp/>result;</highlight></codeline>
<codeline lineno="257"><highlight class="normal">}</highlight></codeline>
<codeline lineno="258"><highlight class="normal"></highlight></codeline>
<codeline lineno="259"><highlight class="normal"></highlight></codeline>
<codeline lineno="260" refid="class_vault_backend_1a573965fa954eed30b770514edabf054e" refkind="member"><highlight class="normal"></highlight><highlight class="keywordtype">void</highlight><highlight class="normal"><sp/><ref refid="class_vault_backend_1a573965fa954eed30b770514edabf054e" kindref="member">VaultBackend::saveDatabaseToFile</ref>()<sp/>{</highlight></codeline>
<codeline lineno="261"><highlight class="normal"><sp/><sp/><sp/><sp/></highlight><highlight class="keywordflow">if</highlight><highlight class="normal"><sp/>(<ref refid="class_vault_backend_1a0b5de841b24fcc761b04ee9f56a51ed3" kindref="member">m_masterKey</ref>.isEmpty())<sp/></highlight><highlight class="keywordflow">return</highlight><highlight class="normal">;</highlight></codeline>
<codeline lineno="262"><highlight class="normal"></highlight></codeline>
<codeline lineno="263"><highlight class="normal"><sp/><sp/><sp/><sp/>QJsonDocument<sp/>doc(QJsonArray::fromVariantList(<ref refid="class_vault_backend_1a37added67282a3f1fc40643b9edc4e89" kindref="member">m_vaultEntries</ref>));</highlight></codeline>
<codeline lineno="264"><highlight class="normal"><sp/><sp/><sp/><sp/>QByteArray<sp/>rawData<sp/>=<sp/>doc.toJson(QJsonDocument::Compact);</highlight></codeline>
<codeline lineno="265"><highlight class="normal"></highlight></codeline>
<codeline lineno="266"><highlight class="normal"><sp/><sp/><sp/><sp/>QByteArray<sp/>encryptedData<sp/>=<sp/><ref refid="class_vault_backend_1aa067cfeedf196fe45d29c157c292e2c1" kindref="member">encryptData</ref>(rawData,<sp/><ref refid="class_vault_backend_1a0b5de841b24fcc761b04ee9f56a51ed3" kindref="member">m_masterKey</ref>);</highlight></codeline>
<codeline lineno="267"><highlight class="normal"></highlight></codeline>
<codeline lineno="268"><highlight class="normal"><sp/><sp/><sp/><sp/>QDir<sp/>dir;</highlight></codeline>
<codeline lineno="269"><highlight class="normal"><sp/><sp/><sp/><sp/></highlight><highlight class="keywordflow">if</highlight><highlight class="normal"><sp/>(!dir.exists(</highlight><highlight class="stringliteral">&quot;data&quot;</highlight><highlight class="normal">))<sp/>{</highlight></codeline>
<codeline lineno="270"><highlight class="normal"><sp/><sp/><sp/><sp/><sp/><sp/><sp/><sp/>dir.mkpath(</highlight><highlight class="stringliteral">&quot;data&quot;</highlight><highlight class="normal">);</highlight></codeline>
<codeline lineno="271"><highlight class="normal"><sp/><sp/><sp/><sp/>}</highlight></codeline>
<codeline lineno="272"><highlight class="normal"></highlight></codeline>
<codeline lineno="273"><highlight class="normal"><sp/><sp/><sp/><sp/>QFile<sp/>file(<ref refid="vaultbackend_8cpp_1a36e65b8bde72bfc04f6b229e05142c0d" kindref="member">getDatabasePath</ref>());</highlight></codeline>
<codeline lineno="274"><highlight class="normal"><sp/><sp/><sp/><sp/></highlight><highlight class="keywordflow">if</highlight><highlight class="normal"><sp/>(file.open(QIODevice::WriteOnly<sp/>|<sp/>QIODevice::Truncate))<sp/>{</highlight></codeline>
<codeline lineno="275"><highlight class="normal"><sp/><sp/><sp/><sp/><sp/><sp/><sp/><sp/>file.write(encryptedData);</highlight></codeline>
<codeline lineno="276"><highlight class="normal"><sp/><sp/><sp/><sp/><sp/><sp/><sp/><sp/>file.close();</highlight></codeline>
<codeline lineno="277"><highlight class="normal"><sp/><sp/><sp/><sp/><sp/><sp/><sp/><sp/>qDebug()<sp/>&lt;&lt;<sp/></highlight><highlight class="stringliteral">&quot;Database<sp/>saved<sp/>successfully<sp/>to:&quot;</highlight><highlight class="normal"><sp/>&lt;&lt;<sp/><ref refid="vaultbackend_8cpp_1a36e65b8bde72bfc04f6b229e05142c0d" kindref="member">getDatabasePath</ref>();</highlight></codeline>
<codeline lineno="278"><highlight class="normal"><sp/><sp/><sp/><sp/>}<sp/></highlight><highlight class="keywordflow">else</highlight><highlight class="normal"><sp/>{</highlight></codeline>
<codeline lineno="279"><highlight class="normal"><sp/><sp/><sp/><sp/><sp/><sp/><sp/><sp/>qCritical()<sp/>&lt;&lt;<sp/></highlight><highlight class="stringliteral">&quot;Error<sp/>opening<sp/>file<sp/>for<sp/>writing:&quot;</highlight><highlight class="normal"><sp/>&lt;&lt;<sp/>file.errorString();</highlight></codeline>
<codeline lineno="280"><highlight class="normal"><sp/><sp/><sp/><sp/>}</highlight></codeline>
<codeline lineno="281"><highlight class="normal">}</highlight></codeline>
<codeline lineno="282"><highlight class="normal"></highlight></codeline>
<codeline lineno="283" refid="class_vault_backend_1adf7c321ab83457d68a22755995a43bda" refkind="member"><highlight class="normal">QString<sp/><ref refid="class_vault_backend_1adf7c321ab83457d68a22755995a43bda" kindref="member">VaultBackend::saveEntry</ref>(</highlight><highlight class="keyword">const</highlight><highlight class="normal"><sp/>QString<sp/>&amp;site,<sp/></highlight><highlight class="keyword">const</highlight><highlight class="normal"><sp/>QString<sp/>&amp;login,<sp/></highlight><highlight class="keyword">const</highlight><highlight class="normal"><sp/>QString<sp/>&amp;password,<sp/></highlight><highlight class="keyword">const</highlight><highlight class="normal"><sp/>QString<sp/>&amp;masterKey)<sp/>{</highlight></codeline>
<codeline lineno="284"><highlight class="normal"><sp/><sp/><sp/><sp/></highlight><highlight class="keywordflow">if</highlight><highlight class="normal"><sp/>(<ref refid="class_vault_backend_1a0b5de841b24fcc761b04ee9f56a51ed3" kindref="member">m_masterKey</ref>.isEmpty())<sp/><ref refid="class_vault_backend_1a0b5de841b24fcc761b04ee9f56a51ed3" kindref="member">m_masterKey</ref><sp/>=<sp/>masterKey;</highlight></codeline>
<codeline lineno="285"><highlight class="normal"><sp/><sp/><sp/><sp/></highlight><highlight class="keywordflow">else</highlight><highlight class="normal"><sp/></highlight><highlight class="keywordflow">if</highlight><highlight class="normal"><sp/>(<ref refid="class_vault_backend_1a0b5de841b24fcc761b04ee9f56a51ed3" kindref="member">m_masterKey</ref><sp/>!=<sp/>masterKey)<sp/></highlight><highlight class="keywordflow">return</highlight><highlight class="normal"><sp/></highlight><highlight class="stringliteral">&quot;Помилка:<sp/>Невірний<sp/>ключ.&quot;</highlight><highlight class="normal">;</highlight></codeline>
<codeline lineno="286"><highlight class="normal"></highlight></codeline>
<codeline lineno="287"><highlight class="normal"><sp/><sp/><sp/><sp/>QVariantMap<sp/>entry;</highlight></codeline>
<codeline lineno="288"><highlight class="normal"><sp/><sp/><sp/><sp/>entry[</highlight><highlight class="stringliteral">&quot;site&quot;</highlight><highlight class="normal">]<sp/>=<sp/>site;</highlight></codeline>
<codeline lineno="289"><highlight class="normal"><sp/><sp/><sp/><sp/>entry[</highlight><highlight class="stringliteral">&quot;login&quot;</highlight><highlight class="normal">]<sp/>=<sp/>login;</highlight></codeline>
<codeline lineno="290"><highlight class="normal"><sp/><sp/><sp/><sp/>entry[</highlight><highlight class="stringliteral">&quot;password&quot;</highlight><highlight class="normal">]<sp/>=<sp/>password;</highlight></codeline>
<codeline lineno="291"><highlight class="normal"><sp/><sp/><sp/><sp/>entry[</highlight><highlight class="stringliteral">&quot;date&quot;</highlight><highlight class="normal">]<sp/>=<sp/>QDateTime::currentDateTime().toString();</highlight></codeline>
<codeline lineno="292"><highlight class="normal"><sp/><sp/><sp/><sp/>entry[</highlight><highlight class="stringliteral">&quot;strength&quot;</highlight><highlight class="normal">]<sp/>=<sp/><ref refid="class_vault_backend_1ae7dc19633bc16ec2dbe7561b26af31db" kindref="member">calculatePasswordStrength</ref>(password);</highlight></codeline>
<codeline lineno="293"><highlight class="normal"></highlight></codeline>
<codeline lineno="294"><highlight class="normal"><sp/><sp/><sp/><sp/><ref refid="class_vault_backend_1a37added67282a3f1fc40643b9edc4e89" kindref="member">m_vaultEntries</ref>.append(entry);</highlight></codeline>
<codeline lineno="295"><highlight class="normal"><sp/><sp/><sp/><sp/><ref refid="class_vault_backend_1a573965fa954eed30b770514edabf054e" kindref="member">saveDatabaseToFile</ref>();</highlight></codeline>
<codeline lineno="296"><highlight class="normal"><sp/><sp/><sp/><sp/></highlight><highlight class="keywordflow">return</highlight><highlight class="normal"><sp/></highlight><highlight class="stringliteral">&quot;Запис<sp/>успішно<sp/>додано!&quot;</highlight><highlight class="normal">;</highlight></codeline>
<codeline lineno="297"><highlight class="normal">}</highlight></codeline>
<codeline lineno="298"><highlight class="normal"></highlight></codeline>
<codeline lineno="299" refid="class_vault_backend_1a219f10e7c3ca82a0b802233b8307cbcd" refkind="member"><highlight class="normal">QString<sp/><ref refid="class_vault_backend_1a219f10e7c3ca82a0b802233b8307cbcd" kindref="member">VaultBackend::updateEntry</ref>(</highlight><highlight class="keywordtype">int</highlight><highlight class="normal"><sp/>index,<sp/></highlight><highlight class="keyword">const</highlight><highlight class="normal"><sp/>QString<sp/>&amp;site,<sp/></highlight><highlight class="keyword">const</highlight><highlight class="normal"><sp/>QString<sp/>&amp;login,<sp/></highlight><highlight class="keyword">const</highlight><highlight class="normal"><sp/>QString<sp/>&amp;password,<sp/></highlight><highlight class="keyword">const</highlight><highlight class="normal"><sp/>QString<sp/>&amp;masterKey)<sp/>{</highlight></codeline>
<codeline lineno="300"><highlight class="normal"><sp/><sp/><sp/><sp/></highlight><highlight class="keywordflow">if</highlight><highlight class="normal"><sp/>(index<sp/>&lt;<sp/>0<sp/>||<sp/>index<sp/>&gt;=<sp/><ref refid="class_vault_backend_1a37added67282a3f1fc40643b9edc4e89" kindref="member">m_vaultEntries</ref>.size())<sp/></highlight><highlight class="keywordflow">return</highlight><highlight class="normal"><sp/></highlight><highlight class="stringliteral">&quot;Помилка<sp/>індексу&quot;</highlight><highlight class="normal">;</highlight></codeline>
<codeline lineno="301"><highlight class="normal"><sp/><sp/><sp/><sp/></highlight><highlight class="keywordflow">if</highlight><highlight class="normal"><sp/>(<ref refid="class_vault_backend_1a0b5de841b24fcc761b04ee9f56a51ed3" kindref="member">m_masterKey</ref><sp/>!=<sp/>masterKey)<sp/></highlight><highlight class="keywordflow">return</highlight><highlight class="normal"><sp/></highlight><highlight class="stringliteral">&quot;Помилка<sp/>доступу&quot;</highlight><highlight class="normal">;</highlight></codeline>
<codeline lineno="302"><highlight class="normal"></highlight></codeline>
<codeline lineno="303"><highlight class="normal"><sp/><sp/><sp/><sp/>QVariantMap<sp/>entry;</highlight></codeline>
<codeline lineno="304"><highlight class="normal"><sp/><sp/><sp/><sp/>entry[</highlight><highlight class="stringliteral">&quot;site&quot;</highlight><highlight class="normal">]<sp/>=<sp/>site;</highlight></codeline>
<codeline lineno="305"><highlight class="normal"><sp/><sp/><sp/><sp/>entry[</highlight><highlight class="stringliteral">&quot;login&quot;</highlight><highlight class="normal">]<sp/>=<sp/>login;</highlight></codeline>
<codeline lineno="306"><highlight class="normal"><sp/><sp/><sp/><sp/>entry[</highlight><highlight class="stringliteral">&quot;password&quot;</highlight><highlight class="normal">]<sp/>=<sp/>password;</highlight></codeline>
<codeline lineno="307"><highlight class="normal"><sp/><sp/><sp/><sp/>entry[</highlight><highlight class="stringliteral">&quot;date&quot;</highlight><highlight class="normal">]<sp/>=<sp/>QDateTime::currentDateTime().toString();</highlight></codeline>
<codeline lineno="308"><highlight class="normal"><sp/><sp/><sp/><sp/>entry[</highlight><highlight class="stringliteral">&quot;strength&quot;</highlight><highlight class="normal">]<sp/>=<sp/><ref refid="class_vault_backend_1ae7dc19633bc16ec2dbe7561b26af31db" kindref="member">calculatePasswordStrength</ref>(password);</highlight></codeline>
<codeline lineno="309"><highlight class="normal"></highlight></codeline>
<codeline lineno="310"><highlight class="normal"><sp/><sp/><sp/><sp/><ref refid="class_vault_backend_1a37added67282a3f1fc40643b9edc4e89" kindref="member">m_vaultEntries</ref>[index]<sp/>=<sp/>entry;</highlight></codeline>
<codeline lineno="311"><highlight class="normal"><sp/><sp/><sp/><sp/><ref refid="class_vault_backend_1a573965fa954eed30b770514edabf054e" kindref="member">saveDatabaseToFile</ref>();</highlight></codeline>
<codeline lineno="312"><highlight class="normal"><sp/><sp/><sp/><sp/></highlight><highlight class="keywordflow">return</highlight><highlight class="normal"><sp/></highlight><highlight class="stringliteral">&quot;Запис<sp/>оновлено!&quot;</highlight><highlight class="normal">;</highlight></codeline>
<codeline lineno="313"><highlight class="normal">}</highlight></codeline>
<codeline lineno="314"><highlight class="normal"></highlight></codeline>
<codeline lineno="315" refid="class_vault_backend_1a97544c89c39d5a021878cdcc24b4559a" refkind="member"><highlight class="normal">QString<sp/><ref refid="class_vault_backend_1a97544c89c39d5a021878cdcc24b4559a" kindref="member">VaultBackend::deleteEntry</ref>(</highlight><highlight class="keywordtype">int</highlight><highlight class="normal"><sp/>index)<sp/>{</highlight></codeline>
<codeline lineno="316"><highlight class="normal"><sp/><sp/><sp/><sp/></highlight><highlight class="keywordflow">if</highlight><highlight class="normal"><sp/>(index<sp/>&lt;<sp/>0<sp/>||<sp/>index<sp/>&gt;=<sp/><ref refid="class_vault_backend_1a37added67282a3f1fc40643b9edc4e89" kindref="member">m_vaultEntries</ref>.size())<sp/></highlight><highlight class="keywordflow">return</highlight><highlight class="normal"><sp/></highlight><highlight class="stringliteral">&quot;Помилка<sp/>індексу.&quot;</highlight><highlight class="normal">;</highlight></codeline>
<codeline lineno="317"><highlight class="normal"></highlight></codeline>
<codeline lineno="318"><highlight class="normal"><sp/><sp/><sp/><sp/><ref refid="class_vault_backend_1a37added67282a3f1fc40643b9edc4e89" kindref="member">m_vaultEntries</ref>.removeAt(index);</highlight></codeline>
<codeline lineno="319"><highlight class="normal"><sp/><sp/><sp/><sp/><ref refid="class_vault_backend_1a573965fa954eed30b770514edabf054e" kindref="member">saveDatabaseToFile</ref>();</highlight></codeline>
<codeline lineno="320"><highlight class="normal"><sp/><sp/><sp/><sp/></highlight><highlight class="keywordflow">return</highlight><highlight class="normal"><sp/></highlight><highlight class="stringliteral">&quot;Запис<sp/>успішно<sp/>видалено!&quot;</highlight><highlight class="normal">;</highlight></codeline>
<codeline lineno="321"><highlight class="normal">}</highlight></codeline>
<codeline lineno="322"><highlight class="normal"></highlight></codeline>
<codeline lineno="323" refid="class_vault_backend_1a9db269a788d613296a4217eea322cbd0" refkind="member"><highlight class="normal">QVariantMap<sp/><ref refid="class_vault_backend_1a9db269a788d613296a4217eea322cbd0" kindref="member">VaultBackend::getEntryDetails</ref>(</highlight><highlight class="keywordtype">int</highlight><highlight class="normal"><sp/>index)</highlight><highlight class="keyword"><sp/>const<sp/></highlight><highlight class="normal">{</highlight></codeline>
<codeline lineno="324"><highlight class="normal"><sp/><sp/><sp/><sp/></highlight><highlight class="keywordflow">if</highlight><highlight class="normal"><sp/>(index<sp/>&lt;<sp/>0<sp/>||<sp/>index<sp/>&gt;=<sp/><ref refid="class_vault_backend_1a37added67282a3f1fc40643b9edc4e89" kindref="member">m_vaultEntries</ref>.size())<sp/></highlight><highlight class="keywordflow">return</highlight><highlight class="normal"><sp/>QVariantMap();</highlight></codeline>
<codeline lineno="325"><highlight class="normal"><sp/><sp/><sp/><sp/></highlight><highlight class="keywordflow">return</highlight><highlight class="normal"><sp/><ref refid="class_vault_backend_1a37added67282a3f1fc40643b9edc4e89" kindref="member">m_vaultEntries</ref>.at(index).toMap();</highlight></codeline>
<codeline lineno="326"><highlight class="normal">}</highlight></codeline>
<codeline lineno="327"><highlight class="normal"></highlight></codeline>
<codeline lineno="328" refid="class_vault_backend_1a13b188d7a0c38a5a6502b88a3969ba40" refkind="member"><highlight class="normal">QString<sp/><ref refid="class_vault_backend_1a13b188d7a0c38a5a6502b88a3969ba40" kindref="member">VaultBackend::getPassword</ref>(</highlight><highlight class="keywordtype">int</highlight><highlight class="normal"><sp/>index,<sp/></highlight><highlight class="keyword">const</highlight><highlight class="normal"><sp/>QString<sp/>&amp;masterKey)<sp/>{</highlight></codeline>
<codeline lineno="329"><highlight class="normal"><sp/><sp/><sp/><sp/></highlight><highlight class="keywordflow">if</highlight><highlight class="normal"><sp/>(<ref refid="class_vault_backend_1a0b5de841b24fcc761b04ee9f56a51ed3" kindref="member">m_masterKey</ref><sp/>!=<sp/>masterKey)<sp/></highlight><highlight class="keywordflow">return</highlight><highlight class="normal"><sp/></highlight><highlight class="stringliteral">&quot;&quot;</highlight><highlight class="normal">;</highlight></codeline>
<codeline lineno="330"><highlight class="normal"><sp/><sp/><sp/><sp/></highlight><highlight class="keywordflow">return</highlight><highlight class="normal"><sp/><ref refid="class_vault_backend_1a37added67282a3f1fc40643b9edc4e89" kindref="member">m_vaultEntries</ref>.at(index).toMap()[</highlight><highlight class="stringliteral">&quot;password&quot;</highlight><highlight class="normal">].toString();</highlight></codeline>
<codeline lineno="331"><highlight class="normal">}</highlight></codeline>
<codeline lineno="332"><highlight class="normal"></highlight></codeline>
<codeline lineno="333" refid="class_vault_backend_1ad290cc4009e634714b989000b6f0a51c" refkind="member"><highlight class="normal"></highlight><highlight class="keywordtype">bool</highlight><highlight class="normal"><sp/><ref refid="class_vault_backend_1ad290cc4009e634714b989000b6f0a51c" kindref="member">VaultBackend::loadDatabase</ref>(</highlight><highlight class="keyword">const</highlight><highlight class="normal"><sp/>QString<sp/>&amp;masterKey)<sp/>{</highlight></codeline>
<codeline lineno="334"><highlight class="normal"><sp/><sp/><sp/><sp/>QFile<sp/>file(<ref refid="vaultbackend_8cpp_1a36e65b8bde72bfc04f6b229e05142c0d" kindref="member">getDatabasePath</ref>());</highlight></codeline>
<codeline lineno="335"><highlight class="normal"><sp/><sp/><sp/><sp/></highlight><highlight class="keywordflow">if</highlight><highlight class="normal"><sp/>(!file.exists())<sp/>{</highlight></codeline>
<codeline lineno="336"><highlight class="normal"><sp/><sp/><sp/><sp/><sp/><sp/><sp/><sp/><ref refid="class_vault_backend_1a0b5de841b24fcc761b04ee9f56a51ed3" kindref="member">m_masterKey</ref><sp/>=<sp/>masterKey;</highlight></codeline>
<codeline lineno="337"><highlight class="normal"><sp/><sp/><sp/><sp/><sp/><sp/><sp/><sp/><ref refid="class_vault_backend_1a8af29e122d483436257465d7d9bd48fc" kindref="member">m_salt</ref><sp/>=<sp/><ref refid="vaultbackend_8cpp_1a98c022bb2fbafdfa9caf1a702ae742b6" kindref="member">get8RandomBytes</ref>();</highlight></codeline>
<codeline lineno="338"><highlight class="normal"><sp/><sp/><sp/><sp/><sp/><sp/><sp/><sp/><ref refid="class_vault_backend_1a01edb97754d3e7efb53e8b74e12ba431" kindref="member">m_systemIDHash</ref><sp/>=<sp/><ref refid="class_vault_backend_1a33180482ea5181d81d7e41d73b7cad9b" kindref="member">generateSystemHash</ref>();</highlight></codeline>
<codeline lineno="339"><highlight class="normal"><sp/><sp/><sp/><sp/><sp/><sp/><sp/><sp/></highlight><highlight class="keywordflow">return</highlight><highlight class="normal"><sp/></highlight><highlight class="keyword">true</highlight><highlight class="normal">;</highlight></codeline>
<codeline lineno="340"><highlight class="normal"><sp/><sp/><sp/><sp/>}</highlight></codeline>
<codeline lineno="341"><highlight class="normal"></highlight></codeline>
<codeline lineno="342"><highlight class="normal"><sp/><sp/><sp/><sp/></highlight><highlight class="keywordflow">if</highlight><highlight class="normal"><sp/>(file.open(QIODevice::ReadOnly))<sp/>{</highlight></codeline>
<codeline lineno="343"><highlight class="normal"><sp/><sp/><sp/><sp/><sp/><sp/><sp/><sp/>QByteArray<sp/>encryptedData<sp/>=<sp/>file.readAll();</highlight></codeline>
<codeline lineno="344"><highlight class="normal"><sp/><sp/><sp/><sp/><sp/><sp/><sp/><sp/>file.close();</highlight></codeline>
<codeline lineno="345"><highlight class="normal"></highlight></codeline>
<codeline lineno="346"><highlight class="normal"><sp/><sp/><sp/><sp/><sp/><sp/><sp/><sp/>QByteArray<sp/>decryptedData<sp/>=<sp/><ref refid="class_vault_backend_1ae65ef07ae665dbd8004d50e3a4de82bb" kindref="member">decryptData</ref>(encryptedData,<sp/>masterKey);</highlight></codeline>
<codeline lineno="347"><highlight class="normal"></highlight></codeline>
<codeline lineno="348"><highlight class="normal"><sp/><sp/><sp/><sp/><sp/><sp/><sp/><sp/></highlight><highlight class="keywordflow">if</highlight><highlight class="normal"><sp/>(decryptedData.isEmpty())<sp/></highlight><highlight class="keywordflow">return</highlight><highlight class="normal"><sp/></highlight><highlight class="keyword">false</highlight><highlight class="normal">;</highlight></codeline>
<codeline lineno="349"><highlight class="normal"></highlight></codeline>
<codeline lineno="350"><highlight class="normal"><sp/><sp/><sp/><sp/><sp/><sp/><sp/><sp/>QJsonDocument<sp/>doc<sp/>=<sp/>QJsonDocument::fromJson(decryptedData);</highlight></codeline>
<codeline lineno="351"><highlight class="normal"><sp/><sp/><sp/><sp/><sp/><sp/><sp/><sp/></highlight><highlight class="keywordflow">if</highlight><highlight class="normal"><sp/>(doc.isNull()<sp/>||<sp/>!doc.isArray())<sp/></highlight><highlight class="keywordflow">return</highlight><highlight class="normal"><sp/></highlight><highlight class="keyword">false</highlight><highlight class="normal">;</highlight></codeline>
<codeline lineno="352"><highlight class="normal"></highlight></codeline>
<codeline lineno="353"><highlight class="normal"><sp/><sp/><sp/><sp/><sp/><sp/><sp/><sp/><ref refid="class_vault_backend_1a37added67282a3f1fc40643b9edc4e89" kindref="member">m_vaultEntries</ref><sp/>=<sp/>doc.array().toVariantList();</highlight></codeline>
<codeline lineno="354"><highlight class="normal"><sp/><sp/><sp/><sp/><sp/><sp/><sp/><sp/><ref refid="class_vault_backend_1a0b5de841b24fcc761b04ee9f56a51ed3" kindref="member">m_masterKey</ref><sp/>=<sp/>masterKey;</highlight></codeline>
<codeline lineno="355"><highlight class="normal"><sp/><sp/><sp/><sp/><sp/><sp/><sp/><sp/></highlight><highlight class="keywordflow">return</highlight><highlight class="normal"><sp/></highlight><highlight class="keyword">true</highlight><highlight class="normal">;</highlight></codeline>
<codeline lineno="356"><highlight class="normal"><sp/><sp/><sp/><sp/>}</highlight></codeline>
<codeline lineno="357"><highlight class="normal"><sp/><sp/><sp/><sp/></highlight><highlight class="keywordflow">return</highlight><highlight class="normal"><sp/></highlight><highlight class="keyword">false</highlight><highlight class="normal">;</highlight></codeline>
<codeline lineno="358"><highlight class="normal">}</highlight></codeline>
<codeline lineno="359"><highlight class="normal"></highlight></codeline>
<codeline lineno="360" refid="class_vault_backend_1a025b01f0c0aa75b6249feb39661d094d" refkind="member"><highlight class="normal">QString<sp/><ref refid="class_vault_backend_1a025b01f0c0aa75b6249feb39661d094d" kindref="member">VaultBackend::exportDatabase</ref>(</highlight><highlight class="keyword">const</highlight><highlight class="normal"><sp/>QString<sp/>&amp;filePath)<sp/>{</highlight></codeline>
<codeline lineno="361"><highlight class="normal"><sp/><sp/><sp/><sp/></highlight><highlight class="keywordflow">if</highlight><highlight class="normal"><sp/>(<ref refid="class_vault_backend_1a0b5de841b24fcc761b04ee9f56a51ed3" kindref="member">m_masterKey</ref>.isEmpty())<sp/></highlight><highlight class="keywordflow">return</highlight><highlight class="normal"><sp/></highlight><highlight class="stringliteral">&quot;Сховище<sp/>заблоковано.&quot;</highlight><highlight class="normal">;</highlight></codeline>
<codeline lineno="362"><highlight class="normal"><sp/><sp/><sp/><sp/>QFile<sp/>src(<ref refid="vaultbackend_8cpp_1a36e65b8bde72bfc04f6b229e05142c0d" kindref="member">getDatabasePath</ref>());</highlight></codeline>
<codeline lineno="363"><highlight class="normal"><sp/><sp/><sp/><sp/></highlight><highlight class="keywordflow">if</highlight><highlight class="normal"><sp/>(src.copy(filePath))<sp/></highlight><highlight class="keywordflow">return</highlight><highlight class="normal"><sp/></highlight><highlight class="stringliteral">&quot;Базу<sp/>успішно<sp/>експортовано.&quot;</highlight><highlight class="normal">;</highlight></codeline>
<codeline lineno="364"><highlight class="normal"><sp/><sp/><sp/><sp/></highlight><highlight class="keywordflow">return</highlight><highlight class="normal"><sp/></highlight><highlight class="stringliteral">&quot;Помилка<sp/>експорту:<sp/>&quot;</highlight><highlight class="normal"><sp/>+<sp/>src.errorString();</highlight></codeline>
<codeline lineno="365"><highlight class="normal">}</highlight></codeline>
<codeline lineno="366"><highlight class="normal"></highlight></codeline>
<codeline lineno="367" refid="class_vault_backend_1ab84b02c860fd917800f10f1b89a72a0f" refkind="member"><highlight class="normal">QString<sp/><ref refid="class_vault_backend_1ab84b02c860fd917800f10f1b89a72a0f" kindref="member">VaultBackend::importDatabase</ref>(</highlight><highlight class="keyword">const</highlight><highlight class="normal"><sp/>QString<sp/>&amp;filePath,<sp/></highlight><highlight class="keyword">const</highlight><highlight class="normal"><sp/>QString<sp/>&amp;masterKey)<sp/>{</highlight></codeline>
<codeline lineno="368"><highlight class="normal"><sp/><sp/><sp/><sp/>QFile<sp/>src(filePath);</highlight></codeline>
<codeline lineno="369"><highlight class="normal"><sp/><sp/><sp/><sp/></highlight><highlight class="keywordflow">if</highlight><highlight class="normal"><sp/>(!src.open(QIODevice::ReadOnly))<sp/></highlight><highlight class="keywordflow">return</highlight><highlight class="normal"><sp/></highlight><highlight class="stringliteral">&quot;Не<sp/>вдалося<sp/>відкрити<sp/>файл<sp/>імпорту.&quot;</highlight><highlight class="normal">;</highlight></codeline>
<codeline lineno="370"><highlight class="normal"></highlight></codeline>
<codeline lineno="371"><highlight class="normal"><sp/><sp/><sp/><sp/>QByteArray<sp/>data<sp/>=<sp/>src.readAll();</highlight></codeline>
<codeline lineno="372"><highlight class="normal"><sp/><sp/><sp/><sp/>src.close();</highlight></codeline>
<codeline lineno="373"><highlight class="normal"></highlight></codeline>
<codeline lineno="374"><highlight class="normal"><sp/><sp/><sp/><sp/>QByteArray<sp/>decrypted<sp/>=<sp/><ref refid="class_vault_backend_1ae65ef07ae665dbd8004d50e3a4de82bb" kindref="member">decryptData</ref>(data,<sp/>masterKey);</highlight></codeline>
<codeline lineno="375"><highlight class="normal"></highlight></codeline>
<codeline lineno="376"><highlight class="normal"><sp/><sp/><sp/><sp/></highlight><highlight class="keywordflow">if</highlight><highlight class="normal"><sp/>(decrypted.isEmpty())<sp/></highlight><highlight class="keywordflow">return</highlight><highlight class="normal"><sp/></highlight><highlight class="stringliteral">&quot;Помилка:<sp/>Невірний<sp/>ключ,<sp/>цілісність<sp/>порушена<sp/>або<sp/>інша<sp/>система.&quot;</highlight><highlight class="normal">;</highlight></codeline>
<codeline lineno="377"><highlight class="normal"></highlight></codeline>
<codeline lineno="378"><highlight class="normal"><sp/><sp/><sp/><sp/>QJsonDocument<sp/>doc<sp/>=<sp/>QJsonDocument::fromJson(decrypted);</highlight></codeline>
<codeline lineno="379"><highlight class="normal"></highlight></codeline>
<codeline lineno="380"><highlight class="normal"><sp/><sp/><sp/><sp/></highlight><highlight class="keywordflow">if</highlight><highlight class="normal"><sp/>(doc.isNull()<sp/>||<sp/>!doc.isArray())<sp/></highlight><highlight class="keywordflow">return</highlight><highlight class="normal"><sp/></highlight><highlight class="stringliteral">&quot;Помилка:<sp/>Невірний<sp/>формат<sp/>файлу.&quot;</highlight><highlight class="normal">;</highlight></codeline>
<codeline lineno="381"><highlight class="normal"></highlight></codeline>
<codeline lineno="382"><highlight class="normal"><sp/><sp/><sp/><sp/><ref refid="class_vault_backend_1a37added67282a3f1fc40643b9edc4e89" kindref="member">m_vaultEntries</ref><sp/>=<sp/>doc.array().toVariantList();</highlight></codeline>
<codeline lineno="383"><highlight class="normal"><sp/><sp/><sp/><sp/><ref refid="class_vault_backend_1a0b5de841b24fcc761b04ee9f56a51ed3" kindref="member">m_masterKey</ref><sp/>=<sp/>masterKey;</highlight></codeline>
<codeline lineno="384"><highlight class="normal"><sp/><sp/><sp/><sp/><ref refid="class_vault_backend_1a573965fa954eed30b770514edabf054e" kindref="member">saveDatabaseToFile</ref>();</highlight></codeline>
<codeline lineno="385"><highlight class="normal"><sp/><sp/><sp/><sp/></highlight><highlight class="keywordflow">return</highlight><highlight class="normal"><sp/></highlight><highlight class="stringliteral">&quot;Базу<sp/>успішно<sp/>імпортовано!&quot;</highlight><highlight class="normal">;</highlight></codeline>
<codeline lineno="386"><highlight class="normal">}</highlight></codeline>
    </programlisting>
    <location file="vaultbackend.cpp"/>
  </compounddef>
</doxygen>
